job_title,company,location,tags,salary,date_posted,description,url,source
,,,,,,,,RemoteOK
Creative Director,PadSplit,"Atlanta, Atlanta, Georgia, United States","art direction, exec, design, embedded, customer support, marketing, video, content writing, ops, legal, medical, engineer, recruiter, digital nomad",,2026-06-30T13:21:06+00:00,"The Role We Need PadSplit is entering a stage where creative is becoming a strategic growth lever, not just a production function. We're looking for a Creative Director to elevate our brand, lead our creative team, and build a creative operation that drives trust, acquisition, and measurable business results while helping tell one of the most important missions in housing today. You'll have the opportunity to influence everything from national marketing campaigns and social content to the way members, hosts, and partners experience the PadSplit brand every day. The Person We Are Looking For We're looking for a creative leader who enjoys building as much as leading. This is a true player-coach role for someone who loves developing people, embraces AI and modern creative tools, and can balance exceptional brand storytelling with performance marketing that delivers measurable results. The ideal candidate is equally comfortable presenting creative strategy to executives, coaching designers through feedback, and rolling up their sleeves to help solve a creative challenge when needed. Here's What You'll Be Doing Day-to-Day Lead Creative Vision : Set and evolve PadSplit's creative direction across every customer touchpoint while ensuring a consistent, trusted brand experience. Coach The Team : Lead, mentor, and develop designers, contractors, and agency partners while remaining hands-on in key creative initiatives. Drive Campaigns : Partner with Marketing to create high-performing creative across paid, organic, lifecycle, email, social, and emerging channels. Build Operations : Establish scalable creative workflows, production systems, quality standards, and resource management that enable speed without sacrificing quality. Partner Cross-Functionally : Collaborate with Product, Engineering, Growth, Legal, and Operations to ensure creative is embedded early in major initiatives. Strengthen Brand : Own PadSplit's visual identity, creative standards, messaging consistency, and overall brand reputation across every channel. Leverage Customer Insights : Translate research, customer feedback, and performance data into stronger creative strategies and messaging. Measure Performance : Use creative performance metrics, experimentation, and AI-powered workflows to continuously improve campaign effectiveness and creative output. Here's What You'll Need to Be Successful Creative Leadership : 8+ years leading brand, marketing, or creative organizations with at least 3 years managing creative teams. Player-Coach Style : Comfortable both leading others and personally contributing to creative strategy, reviews, and execution when needed. Performance Mindset : Experience creating creative that not only looks exceptional but improves acquisition, conversion, and customer engagement. Operational Excellence : Experience building scalable creative operations using systems, vendors, contractors, and repeatable processes. AI Fluency : Comfortable incorporating AI tools into creative workflows to improve speed, quality, and efficiency while maintaining authenticity. Strategic Thinking : Ability to connect creative decisions to business objectives, customer insights, and measurable outcomes. Cross-Functional Influence : Proven ability to build strong partnerships across Marketing, Product, Engineering, Legal, and Executive Leadership. Mission Alignment : Excited by using creative storytelling to build trust and advance PadSplit's mission of expanding affordable housing. Interview Process: Your application will be reviewed for possible next steps by the Hiring Manager If you meet eligibility requirements, the next step would be a phone call with a member of the PeopleOps team for about thirty (30) minutes If warranted, the next step would be a video interview with our President for one (1) hour If warranted, the next step would be a video interview with our CEO for one (1) hour If warranted, the next step would be a video panel interview with key stakeholders at PadSplit for two (2) hours The panel interview will require a candidate to work on a creative assessment where you will showcase your brand and design skills to the panel for discussion. If warranted, then we move to offer! Compensation, Benefits, and Perks: Fully remote position - we swear! Competitive compensation package including an equity incentive plan and company-wide bonus opportunity National medical, dental, and vision healthcare plans Company provided life insurance policy Optional accidental insurances, FSA, and DCFSA benefits Unlimited paid-time (PTO) policy with eleven (11) company-observed holidays 401(k) plan Twelve (12) weeks of paid time off for both birth and non-birth parents The opportunity to do what you love at a company that is at the forefront of solving the affordable housing crisis We may use artificial intelligence (AI) tools to support parts of the hiring process, such as reviewing applications, analyzing resumes, or assessing responses and identifying potential inconsistencies or verification signals in application materials based on available information. These tools assist our recruitment team but do not replace human judgment. Final hiring decisions are ultimately made by humans. If you would like more information about how your data is processed, please contact us. Compensation is based on the role's scope, national market benchmarks, the person's expertise and experience, and the impact of their contributions to our business goals. Please mention the word **MEANINGFUL** and tag RMTQxLjcwLjQyLjI1Mw== when applying to show you read the job post completely (#RMTQxLjcwLjQyLjI1Mw==). This is a beta feature to avoid spam applicants. Companies can search these words to find applicants that read this and see they're human.",https://remoteOK.com/remote-jobs/remote-creative-director-padsplit-1134310,RemoteOK
Chief Financial Officer,Hospitable.com,"London, London, England, United Kingdom","teaching, product manager, exec, sys admin, education, technical, customer support, testing, marketing, ops, bus dev, sales, engineer, content writing, medical, saas, dev, travel, accounting, payroll, finance, digital nomad",,2026-06-30T12:48:25+00:00,"TLDR; We build software for short-term rentals to rent themselves, with a state-of-the-art product and user experience. We have crafted an Applicant Handbook, which we highly recommend you check out, where you can find out more about the company, culture, how we recruit, what we do, and how we do it: https://hsptb.com/hndbk Hospitable is a remote-only, global, and trust-based company. We believe exceptional work comes from exceptional people â no matter their background, geography, or path. Our team spans continents, cultures, and experiences, and that diversity is one of our biggest advantages. We move fast, think boldly, and build with intention. Our product is loved. Our customers are vocal. Our roadmap moves fast. Feel free to join one of our upcoming public, bi-weekly Town Halls on YouTube to get a glimpse of it for yourself: https://hsptb.com/twnhll We are looking for a Chief Financial Officer to bring world-class financial leadership to a profitable, international, multi-entity company. Your mission: turn finance into an engine for growth â funding the right bets, scaling operations with discipline, and building lasting value for our team and our investors. You will report to the CEO, Pierre, whose favorite fruit is Kiwi. What You Will Own Capital and growth Own how we deploy capital, and make the case â internally and externally â for the bets worth making Give leadership the clarity to invest with conviction and the discipline to scale operations profitably The Financial Future Of The Company Build the long-term value of the business and the opportunities for liquidity that come with it, for our team and our investors Be the financial principal of the company to the outside world â the counterpart investors, partners, banks, and auditors deal with A world-class finance function Build, hire, and lead a deliberately lean, AI-leveraged finance organization across our international group Set the standard for how finance operates, partners with the business, and earns trust company-wide Requirements Hospitable is a remote-only and distributed company. You should have a strongly daily overlap across EMEA and US Eastern timezones. You will report to the CEO. Don't tick all the boxes? Talk to us about why you're still an amazing fit. Here's what we're paying attention to: A CFO who has led finance through real scale and built lasting value for a company and its shareholders Deep international, multi-entity, multi-currency experience Command of cross-border tax and compliance, including US indirect tax, EU VAT and Australian GST A recognized accounting qualification (ACCA, ACA, CIMA, or a locally accredited CPA), with real FP&A and modelling depth Proactive communication, high ownership, and strong autonomy in a fast-moving remote environment Extra special kudos if you have: SaaS-enabled marketplace experience: forecasting both transactional GBV and recurring revenue Travel, hospitality, or proptech sector experience Built a finance function from founder-run to institutional-grade Benefits A supportive, radically transparent, and caring team environment, where you are trusted, not managedâand a culture that is focused on results and output Cash. The total cash budget for this role is up to US$312,000 per year, depending on the cost of living in your location. We can hire talent internationally as contractorsâor employees if you are based in the United States, the European Union, the United Kingdom, or Australia, taking into account payroll taxes to determine your gross compensation Stock. A significant equity stake through our $HOST token (RSUs): a grant valued at US$436,800, vesting over four years (â US$109,200.00 per year). You share directly in the long-term upside you help create For US employees: healthcare (including EPO, PPO and HSA), 401(k) 35 days off per year, encouraged (including self-serve public holidays) and parental leave Complimentary mental health and emotional support with therapists on call through Slack by Spill Please mention the word **SIMPLIFYING** and tag RMTQxLjcwLjQyLjI1Mw== when applying to show you read the job post completely (#RMTQxLjcwLjQyLjI1Mw==). This is a beta feature to avoid spam applicants. Companies can search these words to find applicants that read this and see they're human.",https://remoteOK.com/remote-jobs/remote-chief-financial-officer-hospitable-com-1134320,RemoteOK
Maintenance &amp; MEP Technician,Scales and Associates,"Nassau,","engineer, sys admin, ops, infosec, customer support, dev, testing, microsoft, exec, excel, digital nomad, education, supervisor, travel, medical, technical, legal",,2026-06-30T12:41:26+00:00,"Maintenance & MEP Technician â Luxury Hospitality Operations (The Bahamas) We are supporting a prestigious private island hospitality operation in The Bahamas in the search for a Maintenance & MEP Technician. This is a hands-on role suited to an experienced maintenance professional with strong troubleshooting skills and the ability to safely complete a wide range of in-house repairs while recognising when specialist support is required. Key Responsibilities Carry out daily, preventive, and scheduled maintenance across guest areas, back-of-house facilities, kitchens, docks, utility spaces, and technical plant rooms. Perform practical repairs, including minor plumbing, basic electrical fault-finding, carpentry, painting, sealing, and repairs to doors, fixtures, fittings, and hardware. Conduct routine inspections and basic maintenance of MEP systems, including pumps, valves, filters, HVAC equipment, water supply, drainage, and wastewater systems. Support specialist contractors during servicing and repairs of generators, reverse osmosis (RO) water systems, wastewater and sewage systems, HVAC, and electrical infrastructure. Maintain accurate maintenance logs, work orders, inventory of tools and spare parts, and ensure compliance with PPE requirements and safe working practices at all times. Requirements 3+ years of hands-on maintenance experience within a hotel, resort, restaurant, facilities management, or MEP environment. Practical skills in plumbing, basic electrical maintenance, carpentry, and general building repairs. Working knowledge of pumps, drainage, water systems, and safe fault identification and reporting procedures. A relevant trade certification or MEP qualification is advantageous. Physically fit and capable of working in an island environment, including vessel transfers, lifting, and working at height. Flexible and willing to work weekends, public holidays, and special events as operationally required. Preferred Experience Previous experience in hospitality or resort maintenance. Experience working in a private island or remote island environment. Please note: We are only able to consider applicants who have the legal right to work in The Bahamas. Please mention the word **STURDY** and tag RMTQxLjcwLjQyLjI1Mw== when applying to show you read the job post completely (#RMTQxLjcwLjQyLjI1Mw==). This is a beta feature to avoid spam applicants. Companies can search these words to find applicants that read this and see they're human.",https://remoteOK.com/remote-jobs/remote-maintenance-amp-mep-technician-scales-and-associates-1134325,RemoteOK
Total Rewards Manager,PGIM Ireland,"Letterkenny,","exec, design, customer support, marketing, virtual assistant, finance, senior, excel, golang, medical, digital nomad, infosec, education, recruiter, sys admin, consulting, technical, testing, travel, scheme, content writing, ops, sales, engineer, legal, dev, mobile, controller, full time, video, saas, amazon, ecommerce, shopify, music, c, embedded, assembly, supervisor, microsoft, ads, payroll, game dev, telecom, cloud, speech, teaching, hr, stats",,2026-06-30T10:59:55+00:00,"Location: Letterkenny - Hybrid 2 days p/week onsite What You Will Do Working in the PGIM People Team, we are looking for a collaborative, inquisitive and analytical professional like you to fulfill the role of Manager, Compensation & Analytics within PGIM Total Rewards. You will have the opportunity to work with colleagues from around the world and gain exposure to compensation, HR data and practices across different geographies. You will envision and create innovative solutions in support of PGIMâs dynamic business strategy as well as manage established compensation processes. Responsibilities include working with internal partners and clients to execute initiatives and creatively solve PGIM people-related compensation challenges for assigned areas. You will develop methods to manage headcount and compensation reporting analytics, compensation expense forecasting and the year-end compensation process. You will also develop and maintain compensation structures based on benchmarking insights and support People Team partners in compensation advisory matters. The ideal candidate will partner with the wider PGIM and Prudential Total Rewards teams, People Business Leaders, People Operations and PGIM Finance to design, streamline, and execute a wide variety of Total Reward processes, analytics, and forecasts as well as manage ad-hoc requests. This role will work closely with colleagues across the globe, and flexibility will be required to support the teamâs priorities. What You Can Expect Partner with People Business Leaders, People Operations, and PGIM Finance to: Develop and oversee a streamlined approach for headcount and compensation expense analytics including accruals, modeling and forecasting for investment professional, sales and corporate staff. Manage and execute year-end compensation processes for assigned PGIM areas including compensation (salary, short-term and long-term incentives), promotions and performance management. Advise People Team and business leaders on impacts of EU Pay Transparency Directive and maintain structures that support continued compliance with our regulatory obligations. Manage ongoing market data matching and job architecture, ensuring accuracy and consistency, and deliver guidance and insights to colleagues on our grade and pay structures. Manage ad-hoc requests and provide day-to-day compensation consulting support to PGIM Total Rewards and the broader People Team. What You Will Bring Curiosity and creativeness: developing innovative approaches to solving compensation related challenges and improve ways of working. Excellent analytical skills and attention to detail; the ability to tell a story and derive insight from analysis to impact business decisions. Technical skills: Strong Microsoft Excel (VLOOKUP, SUMIFs, Nesting, Power Pivot Tables, Charts) Exposure to Power BI, Visier and/or other data analytics/visualization tools and willingness to increase skill level Developed AI promoting skills that support the continued use of Microsoft Co-Pilot Ability to prioritize and simultaneously execute on multiple projects with varied deadlines Strong relationship-building, partnering, influencing, interpersonal and collaborative skills Excellent work ethic and self-motivated; able to manage work in a high-volume and fast paced environment, juggle multiple priorities and work flexibly to extended hours as needed. Experience of working with Aon and/or WTW benchmarking data. 6-8 years of experience in HR Compensation roles. Bachelorâs Degree What will set you apart? Financial services industry, asset management, and/or global experience Experience with position management tools/systems Experience with Workday and compensation management tools Experience with Microsoft Access and Microsoft PowerPoint - PGIM Ireland is proud to be an equal opportunity employer and is committed to equal employment opportunity regardless of applicantsâ gender, civil status, family status, sexual orientation, religion, age, disability, race or membership of the traveler community. PGIM Ireland's aim is to hire the best people for the open roles and all appointments will be made on merit. Any offer of employment made by PGIM Ireland will be contingent on receiving satisfactory references. Applicants should be aware that background checks will be carried out on all candidates offered a position within PGIM Ireland. Please mention the word **ACCURATE** and tag RMTQxLjcwLjQyLjI1Mw== when applying to show you read the job post completely (#RMTQxLjcwLjQyLjI1Mw==). This is a beta feature to avoid spam applicants. Companies can search these words to find applicants that read this and see they're human.",https://remoteOK.com/remote-jobs/remote-total-rewards-manager-pgim-ireland-1134296,RemoteOK
Bid Manager,Razorblue Group,"Stockton-On-Tees,","exec, design, customer support, marketing, virtual assistant, finance, senior, excel, golang, medical, digital nomad, infosec, education, recruiter, sys admin, consulting, technical, testing, travel, scheme, content writing, ops, sales, engineer, legal, dev, mobile, controller, full time, video, saas, amazon, ecommerce, shopify, music, c, embedded, assembly, supervisor, microsoft, ads",,2026-06-30T10:33:56+00:00,"Razorblue Role We are looking for a Bid Manager to join our growing team of like-minded tech people. Should you choose to accept, your responsibilities will encompass: Bid Management (80%) Bid Management - End to End Bid Process Oversight Lead the end-to-end bid process for multiple new business opportunities and key frameworks Manage timelines, documentation, and submission requirements. Compliance & Quality Assurance Ensure all bids comply with client specifications, internal governance and scoring criteria. Review and edit content for accuracy, grammar, and impact. Collaboration & Stakeholder Engagement Work closely with subject matter experts in business development, commercial, and operational teams. Facilitate bid kick-off and review meetings. Tender & Opportunity Management Identify and qualify tender opportunities across public and private sectors. Monitor procurement portals and industry platforms for new bids. Develop bid strategies aligned with business goals Proposal Writing Write clear, persuasive, and tailored content for bids, proposals, and tender documents. Ensure consistency in tone, branding, and messaging across all submissions. Translate complex technical or operational information into accessible language. Maintain a library of reusable content, case studies, and credentials Research & Intelligence Gathering Analyse tender documents and customer requirements. Conduct competitor analysis and market research to inform bid strategy. Stay up to date with industry trends and procurement practices. Commercial & Risk Management Prepare pricing schedules and financial models alongside Commercial Engagement team. Conduct risk assessments throughout the bid lifecycle. Ensure bids are commercially viable and competitive Post-Bid Activities Lead debriefs and lessons-learned sessions. Track bid outcomes and maintain performance reports. Support client presentations and negotiations. Business Development (20%) Opportunities Respond to prospect enquires Identify, grow and collaborate on opportunities to ensure growth attainment Develop creative pitches and propositions aimed at specific industry sectors Quotations, Orders, Contracts & Invoicing Liaise with Procurement to provide quotations for service within the product/services and price ranges defined by the Technical Architects Production of contracts for services Invoicing clients appropriately for any goods/services provided and contracts initiated Administration Prepare presentations for prospect meetings Ensure all sales opportunities are logged in PipeDrive and are kept up to date Proactively follow up leads generated Organise and host prospects at our offices (alongside Line Manager) Attendance and participation at internal sales meetings Handover deals won to the companyâs onboarding/project management teams Our perfect candidate should have a wealth of knowledge spanning various technologies and being able to use these skills to troubleshoot and deliver five star solutions that keep our clients happy is a must! Customer service is paramount to us, which is why we only look for candidates with excellent customer facing skills and the ability to communicate effectively. Your friendly tech-savviness will truly shine here. Razorblue Requirements We know its unrealistic to find someone who ticks all of these boxes (extra points if you do), which is why we seek those eager to develop over time through our development resources and peer learning. If this aligns with your own personal growth mindset, we would love you to apply. Qualification Must hold full clean UK Driving Licence Experience Proven experience in bid writing or proposal development, ideally in a B2B or public sector environment Desirable: Experience in IT, ideally for a Microsoft Partner/Managed Service Provider Skills Excellent interpersonal skills Excellent communication skills â verbal and written Ability to persuade, influence and negotiate effectively at all levels within and outside the organisation Excellent telephone skills Excellent organisation required Ability to work on your own or as part of a team Ability to build strong working relationships (internal/external) Determined, enthusiastic, reliable and sociable Creative thinking and a strategic mindset. Self-motivated, achievement orientated, ability to use own initiative Ability to work under pressure and manage multiple deadlines Familiarity with procurement portals and tendering processes Proficiency in Microsoft Office and document formatting tools People centric approach & service Excellent conversational fluency in English is required to clearly explain complex technical issues Continuous learning and development are central to our culture, and we heavily invest in elevating our people, not just hiring those already at an expert level. Razorblue Gives Working for an IT partner isnât for the faint hearted, it requires drive, passion for technology, collaboration, and a drive to innovate. If you want to learn more about the IT domain as a whole or specialise in one particular area, you can do that here. We are not looking for the most qualified people, but people who have a true drive to learn and a passion for the technology sector. Our learning and development opportunities, combined with our team's drive for growth, result in a high volume of promotions granted year after year. We operate a hybrid working policy across most roles and often get asked why we havenât made the decision to go fully remoteâ¦ For us, natural learning opportunities are invaluable and office working enables this and has also inspired our collective culture of teamwork. Our Other Benefits Include Base salary of Â£40,000-Â£45,000 per annum depending on skills and knowledge Hybrid working (50%) Flexible working to suit your work life fit 25 days holidays per annum + public holidays + the ability to purchase 10 more Private Health Insurance with Vitality Health Your birthday off Enhanced maternity, paternity, adoption leave + baby bonus Fully funded training and accreditations to expand your skillset Two paid charity volunteering days per year Discounted Broadband Life insurance Quarterly team social fund Cycle to Work scheme Gear up with the latest tech toys through our partnership with Currys Cruise around in an eco-friendly electric car with our EV Scheme We're committed to creating an inclusive and accessible recruitment process. Please don't hesitate to reach out if you require any reasonable adjustments to participate in our application or interview process. We're here to support you. Agencies/Recruiters Please Note To maintain an efficient and direct application process, we ask that recruitment agencies refrain from contacting us regarding our vacancies. We encourage individual candidates to apply directly through our website, as it enables us to manage our hiring process more effectively. Razorblue does not accept unsolicited speculative CVs. We take no liability for fees or commissions if hiring someone who applied directly or was sourced through other means. Any emailed disclaimers indicating otherwise will not supersede this policy. Candidates must be submitted only in response to specific requisitions from our talent acquisition team. Your cooperation in this matter is greatly appreciated and contributes to our efforts in finding the best possible fit for our team. Rest assured; we'll reach out if we ever need assistance from agencies. Thanks for understanding! Please mention the word **REFORMING** and tag RMTQxLjcwLjQyLjI1Mw== when applying to show you read the job post completely (#RMTQxLjcwLjQyLjI1Mw==). This is a beta feature to avoid spam applicants. Companies can search these words to find applicants that read this and see they're human.",https://remoteOK.com/remote-jobs/remote-bid-manager-razorblue-group-1134276,RemoteOK
Vehicle Repair Assessor Philippines,Hire with Reef,,"mobile, ops, sales, full time, non tech",,2026-06-30T08:00:03+00:00,"Assure Scratch & Dent are seeking an experienced Vehicle Repair Assessor to join their growing team. This is a full-time remote position based in the Philippines, supporting their Australian operations. You will assess customer-submitted vehicle photos and videos, determine repair eligibility, prepare accurate repair quotes, and allocate repairs to our mobile repair technicians. This role requires real-world panel beating or automotive repair experience and a strong understanding of cosmetic vehicle repairs. Minimum 3 years' experience as a Panel Beater, Estimator, Vehicle Damage Assessor or similar automotive repair role. Strong knowledge of modern vehicle construction and repair techniques. Excellent understanding of cosmetic SMART repairs. Ability to determine what repairs can safely and effectively be completed by a mobile repair van. Ability to identify repairs that require workshop facilities or replacement parts. Experience preparing repair estimates and quotations. High attention to detail. Excellent written English. Strong computer skills. Ability to work independently in a remote environment. Responsibilities Assess vehicle damage from photos and videos submitted by customers. Identify repair methods suitable for mobile cosmetic repair. Determine when damage requires a traditional body shop rather than a mobile repair. Prepare accurate repair quotations using company pricing guidelines. Estimate labour times and material requirements. Assess scratches, dents, paint damage, bumper repairs, alloy wheels, mirrors and other cosmetic repairs. Identify pre-existing damage and multiple repair areas. Escalate complex repairs where required. Liaise with customer service, sales and scheduling teams. Maintain fast turnaround times while ensuring assessment accuracy. Keep detailed assessment notes within the CRM. Highly Regarded Experience with cosmetic/mobile repair businesses. Knowledge of Australian vehicle repair standards. Experience working with Australian customers. Please mention the word **ENCOURAGINGLY** and tag RMTQxLjcwLjQyLjI1Mw== when applying to show you read the job post completely (#RMTQxLjcwLjQyLjI1Mw==). This is a beta feature to avoid spam applicants. Companies can search these words to find applicants that read this and see they're human.",https://remoteOK.com/remote-jobs/remote-vehicle-repair-assessor-philippines-hire-with-reef-1134253,RemoteOK
Speculative,Flok Health,"Cambridge,","technical, education, exec, marketing, scheme, medical, engineer",,2026-06-30T04:44:20+00:00,"If youâre excited by what weâre building, but your skills and interests lie outside of these roles, reach out to us anywayâletâs have a conversation. There may be upcoming roles that aren't listed yet, and we're always keen to talk to exceptional people excited to join our mission. What We Offer Challenging work at the frontier of AI-native healthcare In-person collaborative culture in a beautiful work space in the Cambridgeshire countryside An onsite gym and digital health subscription of your choice Early stage equity with employee-friendly terms (via an EMI scheme) Comprehensive medical coverage (including dental and optical) and life insurance Optional remote working on Wednesdays, with an annual allowance of 10 extra remote days Desk setup allowance for your favourite keyboard / mouse / whatever! Monthly team feasts (and the BBQ is used most days) A fast paced work environment geared towards excellence and professional growth (with annual training budget) A chance to have a big impact in a small team transforming care and outcomes at population scale About Flok More than a billion people a year suffer unnecessarily from conditions like MSK pain, where the right treatment approach is well-established but undeliverable at scale. We're changing that. Our team has deep expertise across clinical, engineering, and regulated AI, has a track record of healthtech innovation, and is backed by top VCs and multiple unicorn founder angels. If You Like Solving hard problems at the intersection of technology and healthcare The pursuit of excellenceâhelping each other to do the best work of our careers Working in an in-person collaborative environment Taking ownership to have significant impact in a fast-growing mission-driven company with big ambitions Then you'll fit right in! Please mention the word **CONCISE** and tag RMTQxLjcwLjQyLjI1Mw== when applying to show you read the job post completely (#RMTQxLjcwLjQyLjI1Mw==). This is a beta feature to avoid spam applicants. Companies can search these words to find applicants that read this and see they're human.",https://remoteOK.com/remote-jobs/remote-speculative-flok-health-1134257,RemoteOK
Accommodation Administrator FIFO 14 7 Roster Cairns Queensland,Sodexo,"Queensland, Queensland, Australia","sys admin, marketing, c, admin, exec, engineer",,2026-06-30T00:21:43+00:00,"Job Description Help create a home away from home 14 days on, 7 days off roster Immediate Start available Opportunity to join the 18th largest employer globally and leader in quality of life services About The Job Due to our continued growth Sodexo is seeking an experienced Accommodation Administrator to work across our Far North Queensland sites. Reporting to the Integrated Services Manger, your main responsibilities will entail high volume accommodation check-ins and flight bookings, data entry, database maintenance and receptionist duties. This is a local hire role meaning you need to live in Weipa and surrounding suburbs however we will consider fly in fly out from Cairns for the right applicant. About You You will consider yourself a well organised, self-motivated individual and hospitality professional with the ability to the below criteria: Accommodation reservation experience (In-flight) preferable in a remote village, resort or similar environment Administration experience supporting a very fast paced team Inflight Accommodation system knowledge desirable but not essential Intermediate to advanced proficiency in MS Office Suite Excellent written and verbal communication skills are essential Proven ability to listen to customer needs, exceed expectations and provide outstanding customer service in a friendly manner Open C class Driver Licences is essential So what next? If this sounds like the right job for you, please apply. About Sodexo Sodexo provides a range of services at remote locations across Australia, servicing both on-shore and off-shore sites, in difficult and challenging environments. At Sodexo, our Energy & Resources segment serves four markets: Mining, Offshore & Marine, Onshore Energy, and Engineering & Construction Projects. Our growing team of employees is dedicated to improving productivity, building meaningful client relationships, reducing on-site problems and improving quality of life for the thousands of Australians who call our remote sites home. Qualifications Full Drivers License Please mention the word **CASHBACKS** and tag RMTQxLjcwLjQyLjI1Mw== when applying to show you read the job post completely (#RMTQxLjcwLjQyLjI1Mw==). This is a beta feature to avoid spam applicants. Companies can search these words to find applicants that read this and see they're human.",https://remoteOK.com/remote-jobs/remote-accommodation-administrator-fifo-14-7-roster-cairns-queensland-sodexo-1134252,RemoteOK
Caretaker Manor Park Primary School,Isle of Man Public Service Careers,"Douglas,","web dev, content writing, infosec, teaching, education, customer support, exec, finance, scheme, medical, recruiter",,2026-06-29T22:10:51+00:00,"About The Role Do you take pride in creating a safe, clean and welcoming environment where children can thrive? Join the friendly team at Manor Park Primary School as our Caretaker. You'll play a key role in maintaining high standards of cleanliness and hygiene, monitoring health and safety, overseeing site security and supervising cleaning staff. This is a varied, hands on role where you'll use your initiative, organise workloads and help keep the school running smoothly. As a visible and valued member of the school community, you'll build positive relationships with staff, students and visitors while working closely with colleagues across the Department of Education, Sport and Culture. Use your organisation, communication and problem solving skills in a role that offers variety, responsibility and the opportunity to take ownership of a safe and welcoming environment for everyone who uses the school. Apply today! A workplace that invests in you A competitive salary that increases each 12 months until you reach the salary maximum. Annual leave starting from 21 days, a Privilege Day and 10 Bank Holidays; your annual leave will increase after your first year and again after your third year. Subject to meeting eligibility criteria, the IOM Public Service offers two pension arrangements: the Isle of Man Government Unified Scheme 2011 or the Isle of Man Government Defined Contribution (DC) Arrangement. Access to the Learning, Education and Development training facility, which is exclusively for Public Service employees, to keep on top of your continuous professional development. Discounted access to the NSC gym and island swimming pools as well as 1-to-1 support programmes and exercise classes with qualified instructors. Free access to the Isle of Man Government Staff Welfare Service which offers professional counselling, emotional support and signposting on a wide range of issues. Ability to apply for an unpaid career break after 3 yearsâ service. Access to the Isle of Man Public Service Cycle to Work scheme after your first year of employment. Free car parking. Working for the Isle of Man Public Service We are the largest employer on the island delivering a diverse range of services to the people of the Isle of Man. We care, nurture and value our employeesâ wellbeing, development and career and place great importance on rewarding the commitment by our wonderful employees. We support and promote flexible working, recognising the importance of working flexibly around your life and commitments and the benefits in improving work-life balance. We are happy to discuss flexible working arrangements where possible and if interested you should discuss this with the Recruiting Manager. The Isle of Man Public Service is committed to creating an inclusive culture that celebrates . We understand how a wide range of views and experiences can benefit us as we work together for the Isle of Man. Your candidate experience is important to us. As a proud member of The Circle Back Initiative, we commit to respond to every applicant that applies for an Isle of Man Public Service role. We are committed to and as an entire nation , we are transforming public services for a sustainable future and your contributions will directly benefit our community, economy, and environment. Things to note An enhanced with barring police check is required for this post, the cost of which will be covered by the Isle of Man Government. Please note a relocation package is not available for this role. Ready to apply? We understand that you might have some questions about the role and the Recruiting Manager is on hand to support you. You can contact them at Ayesha.Erani-Kirkham@sch.im. To get the best out of your application, read our on the important essentials you need to know before applying. Applications will be accepted up to midnight of the closing date specified. If you have difficulties applying online, please contact us on 01624 685000 or by email at . Please mention the word **ENERGIZE** and tag RMTQxLjcwLjQyLjI1Mw== when applying to show you read the job post completely (#RMTQxLjcwLjQyLjI1Mw==). This is a beta feature to avoid spam applicants. Companies can search these words to find applicants that read this and see they're human.",https://remoteOK.com/remote-jobs/remote-caretaker-manor-park-primary-school-isle-of-man-public-service-careers-1134239,RemoteOK
Vice President Operations,Aventum Search,"New York, New York, New York, United States","copywriting, customer support, exec, part time, design, designer, marketing, video, senior, digital nomad, hr, dev, ops, full time, education, travel, finance, stats, saas, salesforce, technical, microsoft, c, admin, legal",,2026-06-29T21:55:12+00:00,"Private markets alternative investment company is seeking an experienced VP or SVP of Operations to join the team based in New York to lead of all technical operations across the fund, including legal entity management, technology and systems, cross-functional delivery (including input into BD and IR strategies), supplier and external legal counsel vendors, as well as structuring and optimizing operational infrastructure. The incoming hire will have a minimum of seven years of experience operating across functions. The ideal person will be (a) process and systems orientated (b) enthusiastic for technology and AI powered tools (c) operating across legal, compliance, corporate admin, HR, and technology. (d) A discreet, professional and trustworthy person is required due to sensitive personal and corporate information. Aventum Search is acting as an exclusive search partner for this opening. Expertise gained within private markets is preferred and prioritized in the review process. Please use the apply now function, or contact Jared Glazier, Managing Director in complete confidence. Please mention the word **TENACIOUS** and tag RMTQxLjcwLjQyLjI1Mw== when applying to show you read the job post completely (#RMTQxLjcwLjQyLjI1Mw==). This is a beta feature to avoid spam applicants. Companies can search these words to find applicants that read this and see they're human.",https://remoteOK.com/remote-jobs/remote-vice-president-operations-aventum-search-1134245,RemoteOK
HR Lead,Wowza,"Colorado, Colorado, United States","copywriting, customer support, exec, part time, design, designer, marketing, video, senior, digital nomad, hr, dev, ops, full time",,2026-06-29T20:03:38+00:00,"Cuttling edge global leader in live video software seeks an HR leader to join an already elite team as a full-time permanent employee to own the day-to-day HR function end-to-end for approximately 90 â100 employees in a remote, global company. This role is responsible for building and maintaining a consistent employee experience, ensuring strong compliance foundations, administering benefits, and implementing scalable performance and engagement systems as the company grows. Ideal candidate will have 8 plus years of experience partnering with leadership and serving as the primary point of contact for all HR operations, including rolling out OKRs (Rippling a huge plus) Huge plus if you have been involved in high-growth startup environments and have a proven history of building successful HR policies and practices. We are looking for an inspirational HR lead to head all HR day-to-day practices and champion a strong culture of caring and embracing employee engagement. This is an excellent opportunity to join a stable, yet growing organization that treats its employees very well. Please mention the word **IMAGINATIVE** and tag RMTQxLjcwLjQyLjI1Mw== when applying to show you read the job post completely (#RMTQxLjcwLjQyLjI1Mw==). This is a beta feature to avoid spam applicants. Companies can search these words to find applicants that read this and see they're human.",https://remoteOK.com/remote-jobs/remote-hr-lead-wowza-1134242,RemoteOK
Restoration Estimator,SERVPRO of Vacaville / Dixon,"Saharanpur,","web dev, swift, education, dev, exec, full time, digital nomad",,2026-06-29T20:03:15+00:00,"Benefits Home office stipend Opportunity for advancement Paid time off Training & development Vision insurance 401(k) 401(k) matching Bonus based on performance Competitive salary Dental insurance Flexible schedule We are a leading, fast-growing property restoration company dedicated to helping homeowners and businesses recover from disasters. We pride ourselves on efficiency, accuracy, and meeting strict industry standards. We are currently seeking a highly skilled, detail-oriented Remote Mitigation Restoration Estimator to join our team. If you are a self-motivated professional who thrives under compliance metrics and knows the ins and outs of restoration estimating, we want to hear from you! Position Overview Job Type: Full-Time, Permanent Location: 100% Remote (Must operate on EST Time Zone) Hours: Monday â Friday, 8:00 AM â 5:00 PM EST (Weekend work required as needed to maintain TPA compliance) Experience Level: 3â5 Years Target Compensation: ~$100,000 first-year combined earnings (Competitive Base Salary + Performance Bonus & Commissions) As a Remote Mitigation Estimator, you will review scope notes, moisture logs, and photos to draft accurate, timely insurance mitigation estimates (Water, Fire, Smoke, Mold, EMS, etc.). You will act as the critical bridge between our field teams, insurance adjusters, and Third-Party Administrators (TPAs) to ensure strict program compliance and swift approvals. Key Responsibilities Dual-Platform Estimate Generation: Write comprehensive, accurate mitigation estimates for Water, Fire, Smoke, Mold, and Emergency Mitigation Services (EMS) using both Xactimate and Symbility. TPA Compliance Management: Navigate, upload, and manage strict compliance metrics within major TPA programs (Alacrity, Sedgwick, Lionsbridge, Westhill, etc.). Scope Verification: Review field documentation, sketches, photos, and psychrometric logs to ensure the scope of work aligns with IICRC standards and carrier guidelines. SLA & Queue Maintenance: Monitor assignment queues dailyâincluding weekends as necessaryâto ensure all TPA Service Level Agreements (SLAs) are strictly met. Negotiation & Approvals: Communicate professionally with insurance adjusters and TPA auditors to justify estimates, resolve discrepancies, and secure timely approvals. Must-Haves Qualifications & Requirements 3 to 5 years of dedicated experience writing insurance mitigation estimates within the property restoration industry. Expert-level proficiency in BOTH Xactimate and Symbility platforms. (Candidates without dual-platform experience will not be considered). Extensive, hands-on experience working with TPAs (specifically Alacrity, Sedgwick, Lionsbridge, Westhill, etc.) and a deep understanding of their compliance metrics. Ability to work consistently on EST hours (8:00 AM â 5:00 PM) and the flexibility to work weekends to keep estimates compliant. Submission Requirement: Must be able to provide 3 to 5 previously approved, redacted mitigation estimates during the interview process to qualify. A reliable high-speed internet connection and a dedicated, distraction-free home office setup. Nice-to-Haves Active IICRC Certifications (WRT, ASD, AMRT, FSRT). Experience with job management software like Restoration Manager, Dash, or Encircle. Compensation & Benefits High Earning Potential: We offer an extremely competitive base salary coupled with an aggressive bonus and commission package, tracking first-year combined earnings at ~$100,000 annually. Full Benefits: Comprehensive medical, dental, and vision benefits available immediately following a successful 90-day probationary period. Work-Life Balance: 100% remote autonomy from your home office. Tech Allowance: Company-provided hardware and necessary software licenses (Xactimate/Symbility). How To Apply If you meet the qualifications and are ready to leverage your TPA expertise for a lucrative career from home, please submit your resume today. â ï¸ IMPORTANT NOTE TO APPLICANTS: To be considered for this role, you must attach or be prepared to submit 3 to 5 written estimates that have been previously approved by a carrier/TPA (please redact all sensitive customer information). This is a remote position. Compensation: $90,000.00 - $100,000.00 per year Picture yourself here fulfilling your potential. At SERVPROÂ®, you can make a positive difference in peopleâs lives each and every day! Weâre seeking self-motivated, proactive, responsible, and service-oriented teammates to join us in our mission of helping customers in their greatest moments of need by repairing and restoring homes and businesses with an industry-leading level of service. With nearly 2,000 franchises all over the country, finding exciting and rewarding SERVPROÂ® career opportunities near you is easy! We look forward to hearing from you. All employees of a SERVPROÂ® Franchise are hired by, employed by, and under the sole supervision and control of an independently owned and operated SERVPROÂ® Franchise. SERVPROÂ® Franchise employees are not employed by, jointly employed by, agents of, or under the supervision or control of Servpro Franchisor, LLC, in any manner whatsoever. Please mention the word **COOLEST** and tag RMTQxLjcwLjQyLjI1Mw== when applying to show you read the job post completely (#RMTQxLjcwLjQyLjI1Mw==). This is a beta feature to avoid spam applicants. Companies can search these words to find applicants that read this and see they're human.",https://remoteOK.com/remote-jobs/remote-restoration-estimator-servpro-of-vacaville-dixon-1134329,RemoteOK
LEAD,ABM Industries,"Kilgore,","sys admin, infosec, education, exec, engineer",,2026-06-29T19:45:58+00:00,"About Us ABM (NYSE: ABM) is one of the worldâs largest providers of integrated facility, engineering, and infrastructure solutions. Every day, our over 100,000 team members deliver essential services that make spaces cleaner, safer, and efficient, enhancing the overall occupant experience. ABM serves a wide range of market sectors including commercial real estate, aviation, education, mission critical, and manufacturing and distribution. With over $8 billion in annual revenue and a blue-chip client base, ABM delivers innovative technologies and sustainable solutions that enhance facilities and empower clients to achieve their goals. Committed to creating smarter, more connected spaces, ABM is investing in the future to meet evolving challenges and build a healthier, thriving world. ABM: Driving possibility, together. ABM is an Equal Employment Opportunity (EEO) employer that does not discriminate on the basis of any trait or characteristic protected by applicable federal, state, or local law, including disability and protected veteran status. ABM is committed to working with and providing reasonable accommodation to individuals with disabilities. If you have a disability and need assistance in completing the employment application, please call 888-328-8606. We will provide you with assistance and make a determination on your request for reasonable accommodation on a case-by-case basis. ABM participates in the U.S. Department of Homeland Security E-Verify program. E-Verify is an internet-based system used to electronically confirm employment eligibility. ABM is a military-friendly company proudly employing thousands of men and women who have served in the U.S. military. With ABM, youâll have access to a world-class training program and ample opportunities to use the skills you developed while serving our country. Whether youâre looking for a frontline or professional position, you can find post-military career opportunities across ABM. ABM directs all applicants to apply at www.abm.com/careers . ABM does not accept unsolicited resumes or submissions outside of this portal. Applicants should submit their application by clicking Apply Now. For more information, visit www.abm.com Please mention the word **SINCERE** and tag RMTQxLjcwLjQyLjI1Mw== when applying to show you read the job post completely (#RMTQxLjcwLjQyLjI1Mw==). This is a beta feature to avoid spam applicants. Companies can search these words to find applicants that read this and see they're human.",https://remoteOK.com/remote-jobs/remote-lead-abm-industries-1134249,RemoteOK
Housekeeper Kabannas Newcastle,Kabannas,"Newcastle Upon Tyne,","exec, design, customer support, marketing, virtual assistant, finance, senior, excel, golang, medical, digital nomad, infosec, education, recruiter, sys admin, consulting, technical, testing, travel, scheme, content writing, ops, sales, engineer, legal, dev, mobile, controller, full time, video, saas, amazon, ecommerce, shopify, music",,2026-06-29T19:24:38+00:00,"Life at Kabannas Kabannas is not your average hotel â We are a vibrant, community driven space that blends stylish social accommodation with unforgettable experiences. We are passionate about travel, culture, music and bringing people together. Our team is the heart of our brand, and we believe in creating spaces that feel like home while delivering next level service in a fun, energetic environment. We create places where you can be yourself, enjoy coming to work and feel part of something bigger than just a job. As our journey begins, we're looking for a Housekeeper with immediate starts available - someone who takes real pride in the details, finds satisfaction in a perfectly turned room and understand that their work is at the very heart of the guest experience. This is where you come in. Your Part in the Kabannas Story As part of our Housekeeping Team, youâll help create the spaces where our guests can truly relax, recharge and feel at home. Youâre the one behind the scenes making the magic happen - bringing care, attention and pride to every room and shared space. Key responsibilities: Prepare and maintain guest rooms to a high standard, ready to welcome every arrival Keep shared spaces clean, organised and inviting throughout the day Work closely with your team and other departments, keeping communication clear and positive Spot and report any maintenance or safety issues. Who You Are You take pride in the details - creating spaces that feel calm, clean and cared for. Ideally, you: Enjoy creating clean, welcoming environments where people feel at ease Are reliable, consistent and take ownership of your work Work well as part of a team and keep a positive attitude throughout Stay organised and manage your time effectively Notice the little things that make a big difference Care about quality, presentation and the guest experience Weâre not looking for the perfect CVs, but for great humans . Why Kabannas? A team-first culture and some really good people around you Real development and career growth - we're building something here, and we want you to grow with it Rewards, recognition and experiences that go beyond the day-to-day Free and discounted stays, plus generous food & drink discounts, for you, your friends and your family (fair warning: you're about to become very popular) Your birthday off, on us Paid volunteering, enhanced family leave, health & life cover Be part of a fast-growing, modern hospitality brand doing things differently - where you can bring your energy, style and individuality every day. Please mention the word **ARDOR** and tag RMTQxLjcwLjQyLjI1Mw== when applying to show you read the job post completely (#RMTQxLjcwLjQyLjI1Mw==). This is a beta feature to avoid spam applicants. Companies can search these words to find applicants that read this and see they're human.",https://remoteOK.com/remote-jobs/remote-housekeeper-kabannas-newcastle-kabannas-1134271,RemoteOK
Freelance Designer,Haus,"Los Angeles,","copywriting, customer support, exec, part time, design, designer, marketing, video, senior, digital nomad",,2026-06-29T19:16:29+00:00,"Haus is seeking a talented freelance Designer to work alongside our Los Angeles team. You will contribute to a wide range of digital projects, working alongside Creative Directors, Art Directors, and Senior Designers to develop concepts, refine executions, and deliver polished work across static and video formats. The ideal candidate has strong design fundamentals, a curiosity for how digital experiences are built, and a drive to grow within a collaborative creative environment. Requirements What you'll do: Design digital assets, visual concepts, and production-ready work across a variety of client projects Collaborate with Art Directors and Senior Designers, incorporating feedback and pushing the work forward Contribute to moodboards, style frames, storyboards and exploratory concepting Bring curiosity about UI, motion, and interaction to your work â even when it's not your primary task What You'll Bring 2â4 years of design experience with a portfolio that shows range and craft Proficiency in Figma and Adobe CC Suite Strong foundation in typography, layout, and visual communication An eye for motion and UI â you're aware of how digital experiences behave, not just how they look Eagerness to learn, take feedback well, and do your best work in a collaborative environment Benefits We're a digital design studio in Los Angeles built on the belief that creativity and technology are better together. Our team is diverse, multidisciplinary, and deeply invested in the craft. We work with brands across industries, from emerging startups to household names, on projects that push what digital can do. If you're looking for a place where your ideas are heard, your growth is supported, and the work actually mattersâwe'd love to meet you. Freelance day rate ranges from $375-$450 depending on skill level & experience. Please mention the word **MIRACULOUSLY** and tag RMTQxLjcwLjQyLjI1Mw== when applying to show you read the job post completely (#RMTQxLjcwLjQyLjI1Mw==). This is a beta feature to avoid spam applicants. Companies can search these words to find applicants that read this and see they're human.",https://remoteOK.com/remote-jobs/remote-freelance-designer-haus-1134241,RemoteOK
Senior Director of Brand Marketing,Coleto Brands,"Greenville, Greenville, South Carolina, United States","copywriting, customer support, exec, part time, design, designer, marketing, video, senior, digital nomad, hr, dev, ops, full time, education, travel, finance, stats, saas, salesforce, technical, microsoft, c, admin, legal, sys admin, infosec, strategy, content writing, sales, golang, medical, recruiter",,2026-06-29T19:16:15+00:00,"Coleto Brands is a dynamic collective of brands united by a commitment to enhancing spaces through design and functionality. Headlined by its flagship brands, Kichler and Progress Lighting, Coleto Brands provides residential lighting fixtures across key categories, including interior and exterior decorative lighting, bath/vanity, architectural systems and downlights, ceiling fans and landscape. Visit www.coletobrands.com. Job Description Coleto Brands, parent company of Progress Lighting and Kichler, is seeking a Senior Director of Brand Marketing to join our team. This role is responsible for defining, elevating and protecting the brand strategy across Coleto Brands. You will lead a high-functioning brand marketing team to drive a cohesive brand architecture, translate brand strategy into impactful integrated marketing programs, and ensure alignment with business objectives to fuel growth, differentiation and brand advocacy. As a senior leader within the organization, you will also closely collaborate with cross-functional colleagues to ensure corporate and go-to-market brand consistency across all touchpoints, delivering best-in-class brand experiences for customers and consumers. This role is both strategic and hands-on, flexing as needed to build strong, enduring brands that resonate with target audiences across all channels. The ideal candidate will possess an entrepreneurial spirit and a passion for brand building across all touchpoints. You will work closely with internal colleagues and external agency partners to develop and implement brand marketing initiatives that elevate the Kichler and Progress Lighting brands among their target audiences while also supporting business needs. You will keep a pulse on marketing, industry, consumer and cultural trends to identify relevant opportunities for on-going brand growth. As the functional team lead, you will also play a key role in developing and mentoring a team of direct and indirect. You will be responsible for developing and monitoring key performance indicators as well as providing updates to senior management, therefore a strong business acumen will be a critical success factor. Duties and Responsibilities: Brand Architecture, Strategy & Portfolio Management Develop and maintain a clear, scalable brand architecture across corporate and flagship brands Responsible for the role and relationship of each brand within the portfolio Define, lead and socialize individual brand strategies for Coleto Brands and its portfolio, aligning with business objectives and growth priorities Establish clear brand positioning, value propositions, and messaging frameworks for each brand to drive interest and advocacy among each brandâs target audiences Identify market trends, competitive dynamics, and customer insights to inform brand direction Brand Stewardship & Governance Serve as the guardian of brand integrity and consistency across all touchpoints Establish brand standards, guidelines, and governance processes Ensure consistent execution across all brand touchpoints, including websites, literature, packaging, events, media channels, content and in-store/showroom merchandising Go-to-Market Brand Leadership Partner with product marketing, sales, and channel teams to bring brand strategy to life through all go-to-market executions and new product launches Oversee the development of integrated campaigns that build awareness, consideration, and advocacy Ensure brand storytelling is compelling, differentiated, and resonates with each brandâs target audiences Lead cross-functional teams to bring brand strategy to life in our owned experience centers (Progress Experience Center, Kichler Experience Center, Kichler Boutique at High Point) through physical space design, event programming and activations Customer Events & Tradeshows Lead brand strategy and execution for customer events, trade shows, and experiential marketing Ensure all brand activations deliver a cohesive, differentiated, and memorable brand experience Partner with sales and product teams to maximize event impact Customer & Market Insights Leverage research, data, and insights to continuously refine brand strategy Establish, track and report on brand KPIs that reflect brand health and market impact Translate insights into actionable strategies that drive growth Cross-Functional Leadership Collaborate with cross-functional teams and executive leadership to ensure brand consistency across all touchpoints Act as a strategic advisor to leadership on brand-related decisions Align teams around a shared brand vision and priorities Team Leadership & Development Build, lead, and mentor a high-performing brand marketing team Foster a culture of creativity, accountability, and collaboration Manage agency relationships and external partners Qualifications Skills and Experience: A Bachelor's degree in Marketing, Business Administration or Communications is required A minimum of 12 years as a brand strategist or similar brand marketing role is required Proven track record of building and scaling multi-brand portfolios Deep expertise in brand strategy, architecture, integrated marketing, and digital brand experiences Strong creative instincts with the ability to guide and evaluate creative work Exceptional leadership, communication, and stakeholder management skills Data-driven mindset with the ability to balance analytics and intuition A strong business acumen and the ability to align brand success with business performance Solutions-oriented, entrepreneurial mindset, able to seamlessly flow between high-level strategy and hands-on execution Experience leading corporate communications and large-scale brand activations/events is preferred Experience in consumer goods, home, lifestyle, or design-driven categories is preferred Travel requirements: 15% domestic travel Applicants must be authorized to work for any employer in the U.S. We are unable to sponsor or take over sponsorship of an employment Visa at this time . Additional Information We will ensure that individuals with disabilities are provided reasonable accommodation to participate in the job application or interview process, to perform essential job functions, and to receive other benefits and privileges of employment. Please contact us to request accommodation. Coleto Brands LLC, its divisions, subsidiaries and affiliates (collectively âColeto Brandsâ or the âCompanyâ) is an equal opportunity employer and we want to have the best available persons in every job. The Company makes employment decisions only based on merit. It is the Companyâs policy to prohibit discrimination in any employment opportunity (including but not limited to recruitment, employment, promotion, salary increases, benefits, termination and all other terms and conditions of employment) based on race, color, sex, sexual orientation, gender, gender identity, gender expression, genetic information, pregnancy, religious creed, national origin, ancestry, age, physical/mental disability, medical condition, marital/domestic partner status, military and veteran status, height, weight or any other such characteristic protected by federal, state or local law. The Company is committed to complying with all applicable laws providing equal employment opportunities. This commitment applies to all persons involved in the operations of the Company regardless of where the employee is located and prohibits unlawful discrimination by any employee of the Company. Coleto Brands is an E-Verify employer. E-Verify is an Internet based system operated by the Department of Homeland Security (DHS) in partnership with the Social Security Administration (SSA) that allows participating employers to electronically verify the employment eligibility of their newly hired employees in the United States. Please click on the following links for more information. E-Verify Participation Poster: English and Spanish E-Verify Right to Work Poster: English , Spanish Please mention the word **IMMACULATE** and tag RMTQxLjcwLjQyLjI1Mw== when applying to show you read the job post completely (#RMTQxLjcwLjQyLjI1Mw==). This is a beta feature to avoid spam applicants. Companies can search these words to find applicants that read this and see they're human.",https://remoteOK.com/remote-jobs/remote-senior-director-of-brand-marketing-coleto-brands-1134246,RemoteOK
Business Administration,Brainkind,"Eastbourne,","web dev, content writing",,2026-06-29T17:48:47+00:00,"Skip to Content Sign In Connect with us Brainkind Privacy Policy X Facebook Linkedin Youtube Â© 2009â2026 Dayforce HCM, Inc. All Rights Reserved. Privacy Policy Cookie Preferences Delete Application Navigation Menu Search Jobs Recommended Jobs Brainkind Cookie Preferences When you visit any website, it may store or retrieve information on your browser, mostly in the form of cookies. This information might be about you, your preferences or your device and is mostly used to make the site work as you expect it to. The information does not usually directly identify you, but it can give you a more personalised web experience. Because Dayforce respects your right to privacy, you can choose not to allow some types of cookies by clicking on âManage Preferencesâ below. However, blocking some types of cookies may impact your experience of the site and the services that we are able to offer. Please mention the word **EASED** and tag RMTQxLjcwLjQyLjI1Mw== when applying to show you read the job post completely (#RMTQxLjcwLjQyLjI1Mw==). This is a beta feature to avoid spam applicants. Companies can search these words to find applicants that read this and see they're human.",https://remoteOK.com/remote-jobs/remote-business-administration-brainkind-1134238,RemoteOK
Freelance Social Copywriter,Milk Makeup,"New York, New York, United States","copywriting, customer support, exec, part time",,2026-06-29T16:36:56+00:00,"Welcome to the MILK MAKEUP FAM: At Milk Makeup, weâre all about cool clean beauty fueled by creativity. Born out of Milk, a creative hub in downtown New York City, innovation, self-expression, and community are at the heart of everything we do. We believe beauty isnât about how you do your makeup, itâs what you do in itâand how you Live Your Lookâthat matters. Who YOU are: â¢ Community connector : Youâre always thinking about how to improve your and your communityâs future. Youâre passionate about building a global community where everyone can feel seen and inspired in beauty. â¢ Courageous but chill: Wherever you come from, youâre driven by the hardworking New York spirit that Milk embodies. Youâre flexible and ready to get the job done, but youâre humble and make moves thoughtfully. You strive for quality, have fun doing it, and always have the greater good of the brand in mind. â¢ Fearlessly innovative: Youâre not afraid to take calculated risks and enjoy problem solving. Youâre down to disrupt the status quo and innovate in order to raise the bar. You value a forward-thinking space that encourages you to lead change, never follow. â¢ Champion of self-expression: Youâre creative at heart and are always genuinely you . You live your look and want to grow with people who celebrate individuality. â¢ Inclusive + mindful: You believe an open mind is always the best place to start and value active listening. You embrace differences and help foster a safe working environment for yourself and your peers. The ROLE: Weâre looking for a social-first copywriter to support the editorial team. Please note this is a part-time, freelance opportunity. What YOUâll do: Key priority: write, edit, and collaborate with the team on all organic & paid social copy including but not limited to: Organic captions and supers (when applicable) for all Milk social platforms Reviewing assets with copy when available Staying up to date on latest product positioning via check ins with the editorial team so that social copy always aligns to latest strategy + best practices Check in with Editorial Director when copy needs to be reviewed + approved or to flag any questions or concerns Working with the paid and DTC team to support their business needs including Demand Gen + PMAX Ad copy Secondary : ad hoc, one off copy needs as they arise including brainstorming, product name ideation, etc Weâd like YOU to have: Must be available Monday-Friday with a flexible hourly schedule based on team needs. Flexible hours required, including occasional weekend availability to support the team during peak captioning periods Max 20hrs a week. Beauty experience a major plus Please mention the word **PROTECTION** and tag RMTQxLjcwLjQyLjI1Mw== when applying to show you read the job post completely (#RMTQxLjcwLjQyLjI1Mw==). This is a beta feature to avoid spam applicants. Companies can search these words to find applicants that read this and see they're human.",https://remoteOK.com/remote-jobs/remote-freelance-social-copywriter-milk-makeup-1134240,RemoteOK
Director of Service,Marchay,"New York, New York, United States","copywriting, customer support, exec, part time, design, designer, marketing, video, senior, digital nomad, hr, dev, ops, full time, education, travel, finance, stats",,2026-06-29T16:16:11+00:00,"About Marchay Marchay is a curated, membership-based travel service and community for some of the world's most sophisticated travelers. Broadly recognized as one of the country's most elite luxury travel services. A key benefit of membership is dedicated, unbiased service from a highly experienced travel team. Marchay offers unlimited, bespoke trip planning and execution, access to pre-vetted private homes and villas, and preferred partner benefits at over 1,200 luxury hotels worldwide. Role Summary The Director of Service is responsible for leading Marchay's Service team and ensuring exceptional member experiences through strong leadership, performance management, training, and operational excellence. This role owns service team performance, member retention initiatives, service standards, escalation management, advisor development, and key industry relationships. The Director of Service serves as the senior leader for the Service team and partners closely with Membership, Operations, and Executive Leadership to support company growth, capacity planning, and organizational objectives. Core Responsibilities Member Experience & Service Excellence Lead efforts to elevate the member experience across the Service team Define, reinforce, and improve service standards to ensure a consistent, high-touch member experience Identify service gaps and recommend improvements in partnership with leadership Ensure adherence to service expectations and service level agreements (SLAs) Support timely and seamless member onboarding and transitions in partnership with internal teams Escalation Management Serve as a senior point of contact for resolving complex member issues and service escalations Manage both internal and external escalations, including team-related issues and member-facing issues Partner with leadership and advisors to de-escalate problems and create effective resolutions Help build clear escalation pathways and response expectations across the Service team Lead member feedback conversations and service recovery efforts Partner directly with members when issues arise to preserve relationships and protect retention Identify recurring member concerns and implement corrective actions across the organization Team Leadership, Training & Development Oversee service team development, including training, mentorship, and performance management Act as a trusted coach and resource for advisors and service team members Help define clearer roles, responsibilities, and KPIs across the Service team Support career development and skill-building across service functions Own advisor onboarding and foundational training for all new Service Team members Establish career pathways and development plans for advisors and service team members Create ongoing coaching and mentorship programs designed to elevate advisor performance and consistency Ensure performance review processes, development plans, and coaching cadences are consistently executed across the organization Service Operations & Cross-Functional Coordination Partner closely with leadership and operations to improve service workflows and team effectiveness Help implement scalable processes that improve consistency without requiring this role to own every operational task Contribute to service-related KPIs and metrics, while partnering with operations or leadership on reporting and broader analytics as needed Support capacity planning and team structure discussions to help ensure strong coverage and sustainable growth Strategic Partnerships & External Relationships Manage strategic partnerships with key suppliers and ensure alignment with company goals Serve as a primary point of contact for SmartFlyer-related service matters, depending on organizational structure and future partnership plans Help maintain key external relationships that support service delivery and problem-solving Develop and maintain senior-level relationships with luxury travel suppliers, hotel partners, DMCs, airline partners, and representation companies Serve as the primary service contact for strategic external partnerships and consultants Trade Shows, FAMs & Industry Coordination Maintain appropriate relationships with industry contacts relevant to trade shows and partner opportunities Oversee or coordinate trade show attendance for advisors, including allocation planning and communication Support management of FAM trip processes and advisor participation in line with company policies and budgets Establish fair and transparent processes for FAM and tradeshow participation Ensure FAM opportunities align with advisor development goals and company priorities Monitor participation and return-on-investment from educational travel opportunities Service Team Performance & Retention Ownership Own all Service Team KPIs and performance outcomes Monitor and drive achievement of service standards, SLAs, and member experience metrics across all teams Track and improve key performance indicators including member retention, Net Dollar Retention, answered call percentage, email response times, SLA adherence, member onboarding timelines, escalation resolution times, and team productivity metrics Partner with leadership to identify trends, performance gaps, and opportunities for improvement Ensure consistent service delivery across all teams and pods Develop accountability structures and reporting mechanisms to support continuous improvement Provide backup Travel Advisor support and collaborate across teams to ensure seamless service delivery and exceptional member experiences when additional assistance is needed Requirements CORE REQUIREMENTS 8-10+ years of experience in luxury travel, hospitality, service leadership, or a related high-touch client environment At least 5 years of experience as a luxury travel advisor Meaningful people leadership or team mentorship experience Strong experience handling escalations, service recovery, and complex client situations Deep understanding of high-touch service expectations and advisor support in a luxury environment Experience creating structure, training, and process improvements within growing teams Familiarity with travel industry partnerships, host agency relationships, and advisor support models Available during Eastern Time business hours and for weekend and holiday team coverage Bachelor's degree Experience managing supplier relationships and working with Sabre is a plus Benefits Comprehensive Benefits: Fully covered medical, dental, and vision insurance 401(k) Plan: Access to our retirement savings program Generous Time Off: Ample PTO plus company holidays to recharge and reset Flexibility: Remote work environment with the ability to manage your schedule effectively Official communication regarding this position and other employment opportunities at Marchay will only be sent via Workable or from the marchay.com domain. Please be cautious of spam. Please mention the word **CLEANER** and tag RMTQxLjcwLjQyLjI1Mw== when applying to show you read the job post completely (#RMTQxLjcwLjQyLjI1Mw==). This is a beta feature to avoid spam applicants. Companies can search these words to find applicants that read this and see they're human.",https://remoteOK.com/remote-jobs/remote-director-of-service-marchay-1134243,RemoteOK
English Tutor,Flalingo,"Lisboa,","english teacher, teaching, exec, recruiter, full time",,2026-06-29T15:22:37+00:00,"Back to Open Positions English Full-Time English Tutor 2+ years Full-Time Remote Tutor Lisboa, Lisbon, Portugal Job Overview Flalingo Family is Looking for Full-Time Tutors! Hello there! We are Flalingo, a vibrant language learning garden with thousands of students worldwide, teaching English through live online lessons. With the magical touch of Generative AI, we offer our students a personalized and interactive learning journey. How about being a part of Flalingo's colorful world from the comfort of your home? You'll teach students from all around the globe, helping them improve their language skills and inspiring them along the way. Plus, you'll play an active role in our community of thousands of tutors, shaping the future of Flalingo! What We're Looking For You should have high-speed internet, a modern computer, and a cozy workspace at home. You should have at least two years of experience teaching English to kids between the ages of 4 and 12. You should use play-based and interactive teaching methods in your lessons. You should be experienced in giving live online lessons and focused on improving speaking skills. If you've been involved in speaking clubs before, we assure you that our Tutor Community Manager will put a star on your resume! You should be tech-savvy and comfortable with online teaching tools. You should have excellent English communication skills. Qualifications Degree in English Language Teaching, English Language and Literature, Translation & Interpretation, or related fields Preferably holds a teaching certificate (pedagogical formation) Commitment: Minimum of 30 hours per week. Minimum 2 years of experience teaching English to children Familiarity with play-based teaching techniques Patient, creative, energetic, and strong in child communication Able to use technology effectively in lessons Proficient in using online teaching platforms Preferred Qualifications Holds international teaching certifications such as CELTA, TEFL or TESOL Experience in preschool or primary school settings Advanced level of English proficiency Remember, at Flalingo, we believe in the motto ""Do Good."" Join our team striving to do good for thousands of Flalingo students, and unleash your potential for kindness. Together, we can reach more students and make a positive impact on their lives! Keywords: English Tutor, Online Tutor, ESL Tutor, Language Tutor, English Instructor, English Teacher Quick ApplyTo apply for an active job posting, fill out the form and start your recruitment process. First Name * Last Name * Email * Ä°Å deneyimi sÃ¼reniz * Phone Number * Your Location Currency * USD Salary Expectation * Fixed Range Time Period * Monthly Upload your CV or Resume * Click to upload or drag and drop your files PDF, PNG, JPG/JPEG, DOC, DOCX (max 10MB) Some questions to get you know better Why do you want to work here? * BaÅvuru sÃ¼recindeki deneyiminiz nasÄ±ldÄ±? Genel memnuniyetinizi nasÄ±l deÄerlendirirsiniz? 1 2 3 4 5 I agree to the clarifications * I agree to the terms and conditions * Share this company Share link https://flalingo.hrpanda.co/full-time-english-tutor-2 Powered by Apply Please mention the word **TOUGH** and tag RMTQxLjcwLjQyLjI1Mw== when applying to show you read the job post completely (#RMTQxLjcwLjQyLjI1Mw==). This is a beta feature to avoid spam applicants. Companies can search these words to find applicants that read this and see they're human.",https://remoteOK.com/remote-jobs/remote-english-tutor-flalingo-1134332,RemoteOK
Block Operator,SAL TRADING LIMITED,"Smith's Parish,","engineer, sys admin, ops",,2026-06-29T14:18:47+00:00,"The Manufacturing Department is seeking to employ a Block Operator . Responsibilities Operate and monitor the cuber to stack, organize, and prepare concrete blocks for transport/Storage. Perform routine checks to ensure equipment is running safely and efficiently. Occasionally operates a forklift to move materials, load/unload products, and maintain a clean, organized yard. Assist with general plant operations, including material handling and basic equipment maintenance. Learn and develop skills to eventually operate the full block plant production system. Follow all safety procedures and maintain a safe working environment. Requirement Skills Physical Strength (Lifting concrete blocks), Forklift Operating, Experience working in a Plant or Manufacturing Environment. Please mention the word **UNBIASED** and tag RMTQxLjcwLjQyLjI1Mw== when applying to show you read the job post completely (#RMTQxLjcwLjQyLjI1Mw==). This is a beta feature to avoid spam applicants. Companies can search these words to find applicants that read this and see they're human.",https://remoteOK.com/remote-jobs/remote-block-operator-sal-trading-limited-1134322,RemoteOK
Painter,Ian Williams Ltd,"Exeter,","exec, design, customer support, marketing, virtual assistant, finance, senior, excel, golang, medical, digital nomad, infosec, education, recruiter, sys admin, consulting, technical, testing, travel, scheme, content writing, ops, sales, engineer, legal",,2026-06-29T13:21:57+00:00,"Our business is growing and so are the opportunities for you to thrive. We are currently looking for a skilled Painter and Decorator to join our successful Painting Plymouth business based in the Exeter area . You will specialise in carrying out Internal and External Decorations to our customers properties. Benefits At Ian Williams, we offer more than just a job: Competitive basic salary of Â£32,103.00 for a 39 hour working week On target earnings up to Â£36,159.00 with bonus, travel and fare allowance Uniform and PPE provided, no charge Plus paid holidays, Pension contributions, Life Insurance Free legal and financial advice, plus free counselling via Lighthouse Charity Our tradespeople donât just join us, they stay with us. We donât just talk career development, we live it. Find out more by reading âLife at Ian Williamsâ below. The Painter And Decorator Role Weâre committed to keeping you safe, happy and supported, therefore Health and Safety is paramount throughout the responsibilities of this role, for you, us, and the customer. You will be completing all internal and external decorations within housing settings Give a detailed example of some of the works they will be required to complete Working in a domestic environment, you enjoy working with people, whether as a team, or with the residents. What You Will Bring As a Painter And Decorator Preferrably qualified to NVQ Level 2 or equivalent in a relevant trade Ideally experience of working within a domestic / social housing environment, or relevant environment (albeit not essential) Having a passion for making a difference to peoples homes, you have strong values in delivering exceptional customer service skills, and enjoy working with people Driving license, with eligibility to drive in the UK Life at Ian Williams Working at Ian Williams means stability, safety and the chance to go further with us. Our employees benefit from long-term secured work, due to our contracts, a guaranteed 39 hour paid week and consistent opportunities to boost earnings. We strive to create a strong safety culture, recognised by the ROSPA Presidential Award, which gives us a stay culture. Our Trades community has an average length of service of 4.5 years. Youâll be joining a company where your skills are valued, your hard work is rewarded, and weâll support your development both on and off the tools. We are proud our Tradespeople have grown into Business and General Managers. Donât apply for a job, apply for a career! Canât find the job you are looking for right now? Express your interest on our Careers page, and join our talent community. We are delighted to have strong relationships with our preferred agencies, therefore we politely request no agencies engage with us in regards to this position. Please mention the word **SURMOUNT** and tag RMTQxLjcwLjQyLjI1Mw== when applying to show you read the job post completely (#RMTQxLjcwLjQyLjI1Mw==). This is a beta feature to avoid spam applicants. Companies can search these words to find applicants that read this and see they're human.",https://remoteOK.com/remote-jobs/remote-painter-ian-williams-ltd-1134261,RemoteOK
Sharetea Edmonton City Centre,Edmonton City Centre,"Edmonton,","testing, golang, full time, non tech",,2026-06-29T11:28:27+00:00,"Sharetea is currently hiring for full-time positions ! Please send your resume to shareteayeg@gmail.com! About The Brand Established in 1992, Sharetea started off business with to-go black tea and pearl milk tea drinks in Taipei, Taiwan. Since then Sharetea has opened many branches and franchises in 15 countries such as United States, Canada, Southeast Asia, Australia, Dubai and over 500 stores. Our drinks are made from high quality tea leaves and selected ingredients shipped directly from Taiwan. All products are 100% guaranteed to arrive fresh and tasty. We test the tea leaves each growing season and all ingredients from time to time to ensure our drinksâ consistent and quality. Best tea needs the best ingredients and we insist on the best for you! Please mention the word **ACCESSIBLE** and tag RMTQxLjcwLjQyLjI1Mw== when applying to show you read the job post completely (#RMTQxLjcwLjQyLjI1Mw==). This is a beta feature to avoid spam applicants. Companies can search these words to find applicants that read this and see they're human.",https://remoteOK.com/remote-jobs/remote-sharetea-edmonton-city-centre-edmonton-city-centre-1134251,RemoteOK
Pengajar Biologi Online,Ruangguru for Business,"Jakarta,",teaching,,2026-06-29T11:28:19+00:00,"Pengajar (Master Teacher) di Ruangguru merupakan bagian dari Akademia by Ruangguru. Akademia by Ruangguru adalah wadah yang terbuka bagi para guru untuk berkolaborasi bersama Ruangguru, baik untuk direkrut sebagai pengajar, hingga mengembangkan diri melalui acara dan program Kami.Daftarkan kembali dirimu di pengajar.ruangguru.com untuk proses rekrutmen lebih lanjut. Job Descriptions Mengajar siswa/siswi dari berbagai jenjang pendidikan sesuai mata pelajaran yang dipilih Dapatkan kesempatan mengajar berbagai mata pelajaran di berbagai produk Ruangguru Job Requirements Lulusan S1 atau sedang berkuliah (minimal semester 5) dengan jurusan sesuai mata pelajaran yang dipilih Memiliki pengalaman mengajar SMA/UTBK/TKA menjadi nilai tambah Senang berinisiatif dan mencoba hal baru dalam mengajar Memiliki peralatan mengajar online seperti laptop min core i5, pentab/Wacom, headphone, dan koneksi internet yang baik Percaya diri mengajar di depan kamera secara online Familiar menggunakan Google Meet dan Zoom Bersedia mengajar secara online Please mention the word **REFORMS** and tag RMTQxLjcwLjQyLjI1Mw== when applying to show you read the job post completely (#RMTQxLjcwLjQyLjI1Mw==). This is a beta feature to avoid spam applicants. Companies can search these words to find applicants that read this and see they're human.",https://remoteOK.com/remote-jobs/remote-pengajar-biologi-online-ruangguru-for-business-1134309,RemoteOK
Testing,Macquarie Group,"Sydney,","customer support, travel, finance, medical, recruiter, non tech, testing, dev, marketing, digital nomad",,2026-06-29T10:39:53+00:00,"asdf We are a global financial services group operating in 30 markets with 57 years of unbroken profitability. At Macquarie, youâre empowered to shape a career that is fulfilling and creates value. You will bring your insights and expertise to the task at hand and feel supported as you make your own kind of impact for a better future. What role will you play? asdf What You Offer asdf We love hearing from anyone inspired to build a better future with us, if you're excited about the role or working at Macquarie we encourage you to apply. What We Offer Benefits At Macquarie, youâre empowered to shape a career thatâs rewarding in all the ways that matter most to you. Macquarie employees can access a wide range of benefits which, depending on eligibility criteria, include: 1 wellbeing leave day per year and a minimum of 25 days of annual leave 20 weeksâ paid parental leave for primary caregivers along with 12 days of paid transition leave upon return to work and 6 weeksâ paid leave for secondary caregivers 2 days of paid volunteer leave and donation matching Benefits and initiatives to support your physical, mental and financial wellbeing such as medical, prescription drug, dental, and vision insurance; health savings account and dependent day care savings account; life insurance, disability, and other insurance plans; 401(k) and short/long term disability Access to our Employee Assistance Program, a robust behavioural health network with counselling and coaching services Access to a wide range of learning and development opportunities, including reimbursement for professional membership or subscription Recognition and service awards Hybrid and flexible working arrangements, dependent on role Reimbursement for work from home equipment About Macquarie Capital Macquarie Capital partners with businesses, startups and governments to connect ideas to capital and help drive innovation, growth and create real-world impact. Our global corporate advisory, investing, development and equities capabilities are underpinned by a full spectrum of capital markets solutions and deep sector expertise, with a focus on infrastructure and real assets, technology, software and services, and resources, energy and materials. Empowering all kinds of bright and driven people We are committed to providing an inclusive environment for all that values and respects different experiences, skillsets and perspectives. Macquarie provides access to opportunities for all individuals regardless of race, color, religion, sex, sexual orientation, national origin, age, disability, protected veteran status, genetic information, marital status, gender identity or any other characteristic or circumstance. We provide reasonable accommodation to individuals who may need support during the recruitment process and employment. If you require an accommodation, please let us know during the application process. Please mention the word **INNOCUOUS** and tag RMTQxLjcwLjQyLjI1Mw== when applying to show you read the job post completely (#RMTQxLjcwLjQyLjI1Mw==). This is a beta feature to avoid spam applicants. Companies can search these words to find applicants that read this and see they're human.",https://remoteOK.com/remote-jobs/remote-testing-macquarie-group-1134237,RemoteOK
Non Teaching 21 Posts,GyanSpot.in,"Asifnagar,","web dev, swift, education, dev, exec, full time, digital nomad, teaching",,2026-06-29T09:38:23+00:00,"Indian Institute of Technology Hyderabad Category: Government & Public Sector State: Telangana Qualification: B.Tech/ B.E, B.Sc, M.Sc, BCA, MCA, ITI, Diploma, BPEd Last Date: 20-07-2026 Official Website https://www.iith.ac.in/ Description View / Download Attachment Show All Jobs Please mention the word **EXUBERANTLY** and tag RMTQxLjcwLjQyLjI1Mw== when applying to show you read the job post completely (#RMTQxLjcwLjQyLjI1Mw==). This is a beta feature to avoid spam applicants. Companies can search these words to find applicants that read this and see they're human.",https://remoteOK.com/remote-jobs/remote-non-teaching-21-posts-gyanspot-in-1134330,RemoteOK
Cuidador a de NiÃ±os,TUS Media,"Madrid, Madrid, Comunidad de Madrid, EspaÃ±a",,,2026-06-29T09:21:35+00:00,"Esta es una buena oportunidad para ganar ingresos extras. Â¿Tienes buen trato con los niÃ±os y se te dan bien los estudios? En Tusclasesparticulares , empresa lÃ­der en el sector educativo, estamos buscando canguros para ayuda con los deberes. Tareas Ayudar a los niÃ±os con sus deberes Jugar con ellos con actividades para aprender Requisitos: Experiencia trabajando con niÃ±os MÃ¡xima responsabilidad Beneficios: Flexibilidad horaria Salario: 15â¬ a 30â¬/hora Â¿A quÃ© esperas para apuntarte? Please mention the word **ENRICH** and tag RMTQxLjcwLjQyLjI1Mw== when applying to show you read the job post completely (#RMTQxLjcwLjQyLjI1Mw==). This is a beta feature to avoid spam applicants. Companies can search these words to find applicants that read this and see they're human.",https://remoteOK.com/remote-jobs/remote-cuidador-a-de-ninos-tus-media-1134230,RemoteOK
Expressions of Interest,RACQ,"Brisbane,","customer support, travel, finance, medical, recruiter, non tech",,2026-06-29T09:19:25+00:00,"At RACQ,â¯weâreâ¯good people doing good things, making a positive impact every day, with opportunities to learn, grow, and be more. Thank you for your interest in a career with RACQ - we're happy you're here! We encourage you to submit your expression of interest for future career opportunities with us. We are seeking expressions of interest to work with us here, across all areas at RACQ. Please upload your resume in word or pdf format. Why join RACQ? RACQ is here to drive a better future for all Queenslanders. With more than 1.7 million members, weâre built on helping people when they need it most. Join our team and play a part in supporting our members to move and live safely, securely and sustainably. Weâre evolving with smarter, more sustainable solutions that make a real difference across Queensland. And while our reach is big, we stay small enough to support your career with care. At RACQ, youâll find a flexible, inclusive workplace where everyone is valued, supported and empowered to thrive. Learn more about our culture and our commitment to diversity and inclusion at About us | RACQ https //www.racq.com.au/about-us Why youâll love working at RACQ At RACQ, we support your work, wellbeing and career through benefits that matter. Free RACQ roadside assistance from day one Enjoy complimentary RACQ Everyday Roadside Assistance, renewed annually. Exclusive employee discounts Access discounts across RACQ products and partner offers including banking, insurance, solar, vehicle care, retail and travel. Wellbeing that goes beyond the basics Take advantage of onsite health checks, flu vaccinations, wellbeing rooms, digital wellbeing resources and discounted private health insurance. Flexibility that works for real life Our weFLEX approach supports balance, performance and collaboration - whether youâre working from home, the office, or a mix of both. Explore All Our Employee Benefits Atâ¯ Https //www.racq.com.au/about-us/careers/employee-benefits Ready to apply to do good stuff daily? Successful candidates will be asked to complete background checks to progress their application. Adjustments & Support Weâre committed to creating an inclusive and accessible recruitment experience for everyone. If you need any adjustments or support at any stage of the process, please reach out to careers@racq.com.au for a confidential and supportive conversation or visit http //www.racq.com.au/about/careers/our-recruitment-process Thank you for choosing RACQ as your employer of choice! Work Locations Eight Mile Plains Please mention the word **WILLINGNESS** and tag RMTQxLjcwLjQyLjI1Mw== when applying to show you read the job post completely (#RMTQxLjcwLjQyLjI1Mw==). This is a beta feature to avoid spam applicants. Companies can search these words to find applicants that read this and see they're human.",https://remoteOK.com/remote-jobs/remote-expressions-of-interest-racq-1134236,RemoteOK
NiÃ±era Ayuda con los deberes Sin experiencia,TUS Media,"MÃ¡laga, MÃ¡laga, AndalucÃ­a, EspaÃ±a",,,2026-06-29T09:06:55+00:00,"Â¿Tienes buena mano con los mÃ¡s pequeÃ±os y disfrutas ayudÃ¡ndoles a aprender? Esta puede ser tu oportunidad. En Tusclasesparticulares , la plataforma educativa lÃ­der en EspaÃ±a, buscamos canguros para ayudar a los niÃ±os/as con sus deberes Lo Que HarÃ¡s Apoyar con las tareas escolares del dÃ­a a dÃ­a. Dinamizar el tiempo libre con actividades educativas. Jugar con ellos a travÃ©s de actividades lÃºdicas. Lo Que Necesitamos Experiencia previa trabajando con menores. Persona responsable, paciente y con iniciativa. Lo Que Te Ofrecemos Horario completamente flexible, tÃº decides cuÃ¡ndo trabajas Ingresos de 15 â¬ a 30 â¬/hora segÃºn perfil y disponibilidad Â¿A quÃ© esperas para apuntarte? Please mention the word **EXCITEMENT** and tag RMTQxLjcwLjQyLjI1Mw== when applying to show you read the job post completely (#RMTQxLjcwLjQyLjI1Mw==). This is a beta feature to avoid spam applicants. Companies can search these words to find applicants that read this and see they're human.",https://remoteOK.com/remote-jobs/remote-ninera-ayuda-con-los-deberes-sin-experiencia-tus-media-1134250,RemoteOK
Physiotherapist UK,HealthHero,"Bracknell, Bracknell, England, United Kingdom","teaching, product manager, exec, sys admin, education, technical, customer support, testing, marketing, ops, bus dev, sales, engineer, content writing, medical",,2026-06-29T08:51:14+00:00,"About Us HealthHero brings together human expertise and digital convenience together to deliver digital-first, integrated care that is revolutionising the healthcare industry. We are leaders in our market and have excellent feedback and great CQC ratings. We also focus on making practice more perfect for our clinicians - from working to solve capacity challenges with smart triage technology, to minimising the administrative burden and providing exciting new career opportunities for all of our clinicians. We are looking for a Physiotherapist to join our team, working remotely, full time or part time, with patients who are members of large medical insurance and cash plans, to deliver virtual and telephonic physiotherapy assessment and treatment for a diverse range of conditions. You will assess, diagnose and manage musculoskeletal problems, supporting patients with undifferentiated conditions within the scope of the role. Requirements You must have: Current and up to date registration with Health and Care Professions Council (HCPC) A minimum of 2 years' experience, post qualification IT literacy (intermediate level minimum) Excellent verbal and written communication skills Ability to work individually or within a team and foster good working relationships Excellent time management and prioritisation skills An awareness of and commitment to supporting and facilitating diversity and inclusion Empathy, patience and excellent motivational skills We reserve the right to close this vacancy early if we receive sufficient applications. For this reason, please submit your application at your soonest convenience. Please mention the word **SKILLFULLY** and tag RMTQxLjcwLjQyLjI1Mw== when applying to show you read the job post completely (#RMTQxLjcwLjQyLjI1Mw==). This is a beta feature to avoid spam applicants. Companies can search these words to find applicants that read this and see they're human.",https://remoteOK.com/remote-jobs/remote-physiotherapist-uk-healthhero-1134319,RemoteOK
Graduate Business Operations Associate,Bezos.AI,"London, London, England, United Kingdom","amazon, sys admin, python, consulting, customer support, marketing, dev, finance, ops, stats, sales, golang, medical, engineer, recruiter, ecommerce, shopify, part time, digital nomad",,2026-06-29T08:20:25+00:00,"About Us Bezos.ai is a Fulfilment-as-a-Service (FaaS) platform. Online sellers connect their sales channels (Amazon, eBay, Shopify) and we orchestrate the rest: routing orders to a global network of warehouse and carrier partners, tracking every parcel to the customer's door, and giving sellers one clean view of their entire supply chain. We are a small, fast-moving, AI-native team that is almost doubling our business in 2026. Operations is the engine room, and this is where you learn how a real logistics platform runs: fast, with real ownership from day one. Your Mission Be the dependable engine of the ops team. You'll keep orders flowing - spotting and resolving the ones that get stuck or go missing - answer seller and operational queries, run our operational checks, and help build the AI skills and automations that take the repetitive work off everyone's plate. You'll learn the whole order journey end-to-end and, within months, start figuring things out on your own. Core Pillars Keep the flow clean: Run the daily cross-system checks; spot orders that are missing, stuck or mismatched, and resolve or escalate them Support sellers & partners: Answer operational tickets, run checkers, and create/send invoices accurately and on time Learn to build: Use Claude to build skills and automations that remove repetitive work, starting with the recruitment exercise and growing from there Improve as you go: Drive incremental improvements to the tools and processes you touch every day What You'll Achieve In Your First 90 Days Run the daily cross-system reconciliation reliably and clear order exceptions in your queue Answer operational tickets within SLA and run the Bezos checkers independently Build your first working Claude skill or small automation that saves the team time Deliver clean, on-time work on a team project and start figuring out open-ended tasks with less hand-holding Requirements What we're looking for (non-negotiables) Numerate & analytical. A degree (or clearly demonstrated equivalent) in a quantitative discipline, eg engineering, maths, physics, CS, or a heavily numerate economics / finance / quant-social-science track. Comfortable with raw data and spreadsheets AI-native: can build, not just chat. You use Claude/AI in your daily work and can build a simple, working Claude skill. You don't need a portfolio of production agents yet, but you must demonstrate building one in the recruitment exercise. (Having already built skills/agents is a strong plus.) Reliable & coachable. Delivers what's asked, on time, with clean work; asks questions when stuck rather than guessing; takes feedback well Picks things up fast. Learns new tools and processes quickly and gets productive without a long ramp Energised by startups. Excited by ambiguity, pace and ownership, wants a wide remit, not a narrow one Clear communicator. Writes clearly, presents simple findings, and flags problems early Nice-to-haves Internships or part-time work in consulting, banking, operations, analytics, consulting, e-commerce or a startup Light coding (Python / SQL) or no-code tooling (Make, Zapier, Retool, Airtable) Having already built a Claude skill, agent or automation of your own Benefits Work in a genuinely AI-native team. Build with Claude, Retool and Make daily, with real budget and the freedom to automate your own job The ability to shape your role in a fast-growing, exciting company at the forefront of the future of e-commerce A workplace that's entrepreneurial, fast-paced, outcome-focused and disciplined, but also highly collaborative, team-oriented and fun Significant opportunity for growth and personal development, and the chance to have a real impact The team is fully remote, but meets in person a couple of times a month 25 holidays + 8 bank holidays Mental health support through Spill, and a free Headspace subscription Please mention the word **CAPTIVATE** and tag RMTQxLjcwLjQyLjI1Mw== when applying to show you read the job post completely (#RMTQxLjcwLjQyLjI1Mw==). This is a beta feature to avoid spam applicants. Companies can search these words to find applicants that read this and see they're human.",https://remoteOK.com/remote-jobs/remote-graduate-business-operations-associate-bezos-ai-1134231,RemoteOK
1811,4BUILD Group,"Hayathnagar,",web dev,,2026-06-29T05:44:18+00:00,Delivery information Delivery Site Address Link https://maps.app.goo.gl/17jC2VaS2s5fGJom8 Expected delivery date Site contact Please mention the word **ACCURATELY** and tag RMTQxLjcwLjQyLjI1Mw== when applying to show you read the job post completely (#RMTQxLjcwLjQyLjI1Mw==). This is a beta feature to avoid spam applicants. Companies can search these words to find applicants that read this and see they're human.,https://remoteOK.com/remote-jobs/remote-1811-4build-group-1134328,RemoteOK
1419,4BUILD Group,"Melbourne,",,,2026-06-29T05:42:37+00:00,Sustainable homes Melbourne Delivery Site Address Link https://maps.app.goo.gl/5QygvvgiG9AXPrX78 Expected delivery date Site contact Please mention the word **ENJOYING** and tag RMTQxLjcwLjQyLjI1Mw== when applying to show you read the job post completely (#RMTQxLjcwLjQyLjI1Mw==). This is a beta feature to avoid spam applicants. Companies can search these words to find applicants that read this and see they're human.,https://remoteOK.com/remote-jobs/remote-1419-4build-group-1134234,RemoteOK
1838,4BUILD Group,"Dharmsala,",,,2026-06-29T05:41:19+00:00,Janaka Subhawickrama Delivery Site Address Link https://maps.app.goo.gl/vQVYWXGvBn3NshD38 Expected delivery date Site contact Please mention the word **AMPLY** and tag RMTQxLjcwLjQyLjI1Mw== when applying to show you read the job post completely (#RMTQxLjcwLjQyLjI1Mw==). This is a beta feature to avoid spam applicants. Companies can search these words to find applicants that read this and see they're human.,https://remoteOK.com/remote-jobs/remote-1838-4build-group-1134326,RemoteOK
2035,4BUILD Group,"Paul,",,,2026-06-29T05:40:14+00:00,Paul Delivery Site Address Link https://maps.app.goo.gl/e8o6Y5HbFxUxiuV66 Expected delivery date Site contact Please mention the word **JUBILANT** and tag RMTQxLjcwLjQyLjI1Mw== when applying to show you read the job post completely (#RMTQxLjcwLjQyLjI1Mw==). This is a beta feature to avoid spam applicants. Companies can search these words to find applicants that read this and see they're human.,https://remoteOK.com/remote-jobs/remote-2035-4build-group-1134229,RemoteOK
Customer Support Helpdesk Specialist,Empathy Talent,"California, California, United States","copywriting, customer support, exec, part time, design, designer, marketing, video, senior, digital nomad, hr, dev, ops, full time, education, travel, finance, stats, saas, salesforce, technical, microsoft",,2026-06-29T03:41:08+00:00,"As a Customer Support Helpdesk Specialist , you'll play a key role in delivering exceptional customer experiences by serving as the first point of contact for technical and product-related inquiries. You'll troubleshoot issues, guide customers through solutions, and ensure they receive timely, accurate, and friendly support across multiple channels. This is an excellent opportunity for someone who enjoys technology, problem-solving, and helping customers succeed. What You'll Do Customer Support Serve as the primary point of contact for customer inquiries via phone, email, and chat. Troubleshoot software and technical issues while providing timely, effective solutions. Educate customers on product features and best practices to help them maximize value. Maintain accurate documentation of customer interactions and support cases within the CRM. Escalate complex technical issues to the appropriate internal teams when needed. Follow support cases through resolution while keeping customers informed throughout the process. Customer Success Gather customer feedback and identify opportunities to improve products and services. Deliver an exceptional customer experience that drives satisfaction and retention. Assist with additional customer support initiatives as needed. Collaborate cross-functionally with internal teams to resolve issues efficiently. Performance & Collaboration Meet established service metrics, including response times, case resolution, and customer satisfaction goals. Participate in regular coaching, training, and performance development. Contribute to a collaborative, team-oriented culture focused on continuous improvement. Qualifications Required 2â4 years of customer support experience via phone, email, or chat. Experience troubleshooting software or technical issues. Experience using a CRM platform (Salesforce, Zendesk, or similar preferred). Strong written and verbal communication skills. Excellent problem-solving and customer service skills. Comfortable learning new software and technologies. Preferred Experience supporting SaaS or software products. Familiarity with remote support tools and ticketing systems. Proficiency with Microsoft Office applications. What We're Looking For We're looking for someone who is: Customer-focused and patient Strong technically with excellent troubleshooting skills Organized and detail-oriented Calm under pressure and solutions-driven Collaborative and eager to learn Comfortable working in a fast-paced remote environment Work Environment This is a fully remote position based in the United States. The role primarily involves computer and phone work in a professional home office environment. Occasional travel for team or company events may be available but is not required. Compensation The approved pay range for this role is $17.81â$30.85 per hour , depending on experience, qualifications, and geographic location. Please note that the minimum of this pay range may be below the minimum wage requirements in certain locations. In those cases, compensation will comply with all applicable state and local wage laws. For example, the current minimum wage is $19.61/hour in San Francisco, CA and $20.34/hour in Emeryville, CA . Actual starting pay will always meet or exceed applicable local wage requirements and may vary based on work location, experience, and qualifications. Benefits Eligible employees receive a comprehensive benefits package that includes medical, dental, vision, paid time off, retirement savings options, and additional programs designed to support employees' overall well-being. Please mention the word **INGENUITY** and tag RMTQxLjcwLjQyLjI1Mw== when applying to show you read the job post completely (#RMTQxLjcwLjQyLjI1Mw==). This is a beta feature to avoid spam applicants. Companies can search these words to find applicants that read this and see they're human.",https://remoteOK.com/remote-jobs/remote-customer-support-helpdesk-specialist-empathy-talent-1134244,RemoteOK
Admissions Coordinator,Discovery Institute Drug &amp; Alcohol Rehab New Jersey,"California, California, United States","copywriting, customer support, exec, part time, design, designer, marketing, video, senior, digital nomad, hr, dev, ops, full time, education, travel, finance, stats, saas, salesforce, technical, microsoft, c, admin, legal, sys admin, infosec, strategy, content writing, sales, golang, medical, recruiter, coordinator",,2026-06-29T00:00:00+00:00,"Job Summary Joining our team as a Remote Admissions Coordinator for a Drug and Alcohol rehab center, you will play a crucial role in conducting assessments for potential clients and ensuring they are placed in the appropriate level of care. Working in a remote capacity, you will collaborate with a team of coordinators to facilitate the admissions process and deliver high-quality support to individuals seeking treatment. Qualifications Previous experience in admissions, counseling, or a related field Strong assessment skills and the ability to determine appropriate levels of care Excellent teamwork and collaboration capabilities Proficiency in remote communication tools and software Self-motivated with the ability to work effectively in a remote environment Responsibilities Conduct assessments of potential clients to determine their treatment needs Coordinate with other team members to ensure clients are placed in the most suitable level of care Conduct remote consultations with individuals seeking treatment to explain available programs and requirements Participate in team meetings Maintain detailed electronic records of client assessments and admissions progress Collaborate with other coordinators to streamline the remote admissions process and provide exceptional support to clients Please mention the word **DELIGHTFUL** and tag RMTQxLjcwLjQyLjI1Mw== when applying to show you read the job post completely (#RMTQxLjcwLjQyLjI1Mw==). This is a beta feature to avoid spam applicants. Companies can search these words to find applicants that read this and see they're human.",https://remoteOK.com/remote-jobs/remote-admissions-coordinator-discovery-institute-drug-amp-alcohol-rehab-new-jersey-1134247,RemoteOK
WAREHOUSE OFFICER,COACTUM RPE,"Officer,",,,2026-06-28T22:13:57+00:00,"Job Summary When you give to Our Industry, know your donation is making a difference whether you are supporting our signature Programs or our carefully curated list of gifts that professional. Over 24 years experience and knowledge international standards, technologicaly changes and industrial systems. We have facility to produce advance work various industrial applications based on specially developed tech- nology are also ready. Job Skills Required There are many variations of passages Natusvoluptatem accusantium doloremque Nemo enim ipsam voluptatem quia voluptas Duis aute irure dolor in reprehenderit in voluptate Elit esse cillum dolore eu fugiat nulla pariatur Duis aute irure dolor in reprehenderit in voluptate velit esse contact us here Please mention the word **GLITZ** and tag RMTQxLjcwLjQyLjI1Mw== when applying to show you read the job post completely (#RMTQxLjcwLjQyLjI1Mw==). This is a beta feature to avoid spam applicants. Companies can search these words to find applicants that read this and see they're human.",https://remoteOK.com/remote-jobs/remote-warehouse-officer-coactum-rpe-1134235,RemoteOK
Freelance Designer,Img.creators,"Time,","design, designer, testing, finance, marketing, excel, ads, digital nomad",,2026-06-28T17:52:29+00:00,"About Us We prioritize hiring individuals based on their core values rather than solely focusing on hard skills. Our approach is to empower exceptional candidates to excel in a role by leveraging their strengths, regardless of whether they precisely match a job description. As a result, we welcome applicants with varying levels of experience, both exceeding and falling short of the requirements outlined below. PixelPiew is a privately owned studio specializing in design, branding, and creative services. Our mission is to drive the evolution and prosperity of financial services, B2B, corporate, and non-profit organizations. We achieve this by harnessing the power of research and craftsmanship to create refined brand identities, websites, messaging, campaigns, and marketing materials. We Want We Are Actively Seeking Skilled And Enthusiastic Freelance Designers To Join Our Roster Of Creative Professionals. This Is a Broad Application, And We Invite All Designers To Apply, With a Special Emphasis On Those Who Excel In The Following Areas Logo and Brand Design Motion Graphics Design UX Design Print Collateral Design PowerPoint/Google Slides Presentation Design Please be aware that while we may not be able to respond to every applicant immediately, we will retain all submissions for potential future opportunities. If you are passionate about design and are eager to tackle exciting and demanding projects, we sincerely encourage you to reach out to us! Compensation This is a freelance, remote position, but you are also welcome to work on-site at our Providence, RI location if you prefer. We offer competitive compensation that aligns with your level of expertise and experience. How to Apply To apply, please email careers@pixelpier.com, including your resume and portfolio. To test your attention to detail and show that youâve read this entire listing, please also share your favorite typeface and explain why it resonates with you. We are interested in hearing from individual applicants and kindly request that recruiters, agencies, and offshore firms refrain from applying. PixelPier is committed to equal employment opportunities and does not discriminate against any employee or applicant for employment based on factors such as race, color, religion, national origin, age, gender, sex, ancestry, citizenship status, mental or physical disability, genetic information, sexual orientation, veteran status, or military status. We actively seek individuals to join our team and do not engage with recruiters, agencies, or offshore firms in our hiring process. Please mention the word **CONFIDENT** and tag RMTQxLjcwLjQyLjI1Mw== when applying to show you read the job post completely (#RMTQxLjcwLjQyLjI1Mw==). This is a beta feature to avoid spam applicants. Companies can search these words to find applicants that read this and see they're human.",https://remoteOK.com/remote-jobs/remote-freelance-designer-img-creators-1134254,RemoteOK
Job Title,QB Corporation,"Salmon,",,,2026-06-28T14:45:13+00:00,"Lorem ipsum dolor sit amet, consectetur adipiscing elit. Suspendisse varius enim in eros elementum tristique. Duis cursus, mi quis viverra ornare, eros dolor interdum nulla, ut commodo diam libero vitae erat. Aenean faucibus nibh et justo cursus id rutrum lorem imperdiet. Nunc ut sem vitae risus tristique posuere. Please mention the word **TRUTHFULLY** and tag RMTQxLjcwLjQyLjI1Mw== when applying to show you read the job post completely (#RMTQxLjcwLjQyLjI1Mw==). This is a beta feature to avoid spam applicants. Companies can search these words to find applicants that read this and see they're human.",https://remoteOK.com/remote-jobs/remote-job-title-qb-corporation-1134248,RemoteOK
Delivery Driver Bristol,Ocado Logistics,"Bristol,","exec, design, customer support, marketing, virtual assistant, finance, senior, excel, golang, medical, digital nomad, infosec, education, recruiter, sys admin, consulting, technical, testing, travel, scheme, content writing, ops, sales, engineer, legal, dev, mobile, controller, full time, video, saas, amazon, ecommerce, shopify, music, c, embedded, assembly, supervisor, microsoft, ads, payroll, game dev, telecom, cloud, speech, teaching, hr, stats, coordinator, ruby, accounting",,2026-06-28T10:06:41+00:00,"Job Description Love being on the move and interacting with people from all walks of life? Proud to deliver quality goods on time and put a smile on thousands of faces every week, earning an average of Â£30,100 per annum? Join Ocado Logistics where there are bags of possibilities. Itâs our mission to provide an outstanding customer experience. Whilst others might call you delivery drivers, here at Ocado Logistics our Customer Service Team Members play a vital role, delivering top quality products on time and in an efficient manner. Youâll be out on the road whatever the weather, but youâll never have to fight over the radio station, and you can sing along as loud as you like! In return, we use our automated technology to pre plan your route and pre-load your van! Everyone likes their groceries at different times, so our working patterns will involve evenings and weekends in addition to weekdays - so on top of your base pay you will receive premiums that will increase your average hourly earnings to Â£14.60 per hour. You can also stack your earnings further with enhanced overtime to fund those special occasions! All your breaks are paid, meaning for every minute at work you get paid. Thatâs a great deal! (Everyoneâs shifts will vary but more information is included at the bottom of this advert to help you understand what that might look like.) Whilst a Safe Working Environment Goes Without Saying, We Offer a Shopping List Of Perks That You Can Tailor To Suit Your Lifestyle, Including Company pension of up to 7% matched contributions after just 3 months An enhanced digital health and wellbeing service, including virtual GP appointments, for you and your dependents Hundreds of high street shopping, entertainment and restaurant discounts Life insurance coverage from day one of employment 15% off your weekly shop with Ocado.com Loads more voluntary benefits such as dental and travel insurance at a discounted price Career progression â if you suddenly decide that being a driver isnât for you, thereâs plenty of opportunity for progression, as 87% of our salaried roles are filled by internal colleagues! So what do we need from you? You donât need any previous experience to join our good-natured team, just bring yourself and a positive attitude, and our amazing training team will do the rest! But You Will Need The Following Driving Licence Requirements Full UK or EU driving licence. Minimum of 12 months driving experience Maximum of 6 penalty points. No driving disqualifications in the past 5 years. Some deliveries involve the handling of alcohol products, so you must be over 18 to apply. As this is a customer facing role, good communication skills are also essential. How To Apply Fill in an online application - there is no CV needed! Our friendly recruitment team will get in touch to conduct an Online Licence Check and Right to Work Checks. You will be invited to take a tour of the site, giving you the opportunity to meet the team for a question-and-answer session We will run a Disclosure Barring System check (DBS). Once all checks are completed, you will be offered the role and your career with Ocado Logistics will start! Contract Type: Permanent Contract Hours: 40 hours (including paid breaks) Contracted days: You will be required to work any 5 days out of 7, working 8 hour shifts. You will be provided with further information during pre-boarding. Shifts: AM & PM. You may start as early as 05:30 in the morning, and can finish as late as 12:00 (midnight). Please check your commute time prior to applying. You will receive your shift rota up to 13 weeks in advance. Pay Structure: The position is lunar paid. This means you will be paid every 4 weeks according to a monthly schedule. Please take this into consideration when applying. Hourly Pay Rates Monday to Saturday (Basic Rate) Â£13.96 Evening Premium (from 6pm) Â£15.08 Sunday Day Premium Â£15.36 Sunday Evening Premium Â£16.59 Overtime rate Monday to Saturday (Day Shift) Â£17.45 Overtime rate Monday to Saturday (Evening Shift) Â£18.57 We are proud to be a Disability Confident employer, prioritising inclusivity and equal opportunities for all individuals, ensuring a supportive and accessible workplace for people with disabilities. So, whatever your background or story, youâll find a home at Ocado Logistics. Please mention the word **STURDIER** and tag RMTQxLjcwLjQyLjI1Mw== when applying to show you read the job post completely (#RMTQxLjcwLjQyLjI1Mw==). This is a beta feature to avoid spam applicants. Companies can search these words to find applicants that read this and see they're human.",https://remoteOK.com/remote-jobs/remote-delivery-driver-bristol-ocado-logistics-1134303,RemoteOK
Various,Glenrands Jaguar &amp; Land Rover,"Portsmouth,",technical,,2026-06-28T08:33:20+00:00,"Company Description Glenrands Jaguar & Land Rover is an authorised Jaguar Land Rover service center focused on delivering a higher standard of client care, technical expertise, and ownership experience for Jaguar, Land Rover, and Range Rover clients. Established in 2020 during the second COVID-19 lockdown, the company was founded to challenge the traditional dealership model with a more personal, transparent, and service-driven approach. Based in Portsmouth, Glenrands serves clients across Hampshire, Surrey, Berkshire, West Sussex, and Greater London. The team combines manufacturer-level technical capability with the attention to detail of an independent specialist. Applicants join a growing, client-focused business committed to quality workmanship and long-term relationships. Role Description variuous dealership roles avaialble. Please email your CV to : debby@glenrands.co.uk Please mention the word **APPROVAL** and tag RMTQxLjcwLjQyLjI1Mw== when applying to show you read the job post completely (#RMTQxLjcwLjQyLjI1Mw==). This is a beta feature to avoid spam applicants. Companies can search these words to find applicants that read this and see they're human.",https://remoteOK.com/remote-jobs/remote-various-glenrands-jaguar-amp-land-rover-1134256,RemoteOK
Ascent Environmental,Office of Energy &amp; Sustainability,"Alwal,",web dev,,2026-06-27T20:06:39+00:00,This www.ascentenvironmental.com page canât be found No webpage was found for the web address: https://www.ascentenvironmental.com/careers/ HTTP ERROR 404 No webpage was found for the web address: https://www.ascentenvironmental.com/careers/ Please mention the word **FORTUITOUS** and tag RMTQxLjcwLjQyLjI1Mw== when applying to show you read the job post completely (#RMTQxLjcwLjQyLjI1Mw==). This is a beta feature to avoid spam applicants. Companies can search these words to find applicants that read this and see they're human.,https://remoteOK.com/remote-jobs/remote-ascent-environmental-office-of-energy-amp-sustainability-1134327,RemoteOK
Attendant Laundry,SIRO Hotels,"Tivat,","exec, design, customer support, marketing, virtual assistant, finance, senior, excel, golang, medical, digital nomad, infosec, education, recruiter, sys admin, consulting, technical, testing, travel, scheme, content writing, ops, sales, engineer, legal, dev, mobile, controller, full time, video, saas, amazon, ecommerce, shopify, music, c, embedded, assembly, supervisor",,2026-06-27T17:08:32+00:00,"( 19911 ) SIRO Boka Place is more than a hotel â itâs a movement; a global lifestyle brand where world-class wellbeing meets exceptional hospitality â through a combination of state-of-the-art fitness, nutrition, sleep, recovery, and mindfulness facilities in purpose-designed destination hotels. Our hotels empower guests to unlock peak mental and physical performance, no matter who they are, or what theyâre striving to achieve. We realise exceptional, immersive lifestyle destinations where you can live without compromise. Nestled between pristine blue Adriatic waters and mountains of conserved greenery, SIRO Boka Place , Montenegro offers coastal city charm and boundless opportunity. Unlock your potential and embark on a new adventure as part of a community passionate about fitness and wellbeing. About The Role The Laundry Attendant is an integral part of the commercial laundry operation, responsible for efficiently processing bulk laundry. This role includes operating specialized laundry equipment, assisting with washing, drying, and sorting tasks, and ensuring meticulous care in handling all garments. The Laundry Attendant also plays a key role in maintaining a clean and organized laundry area. Key Duties And Responsibilities Assist in the overall commercial laundry operations, ensuring efficient and timely processing of bulk laundry. Operate specialized laundry equipment, including folding machines and calendaring ironers, with precision and care. Fold, stock, label, and pack garments to maintain high-quality standards. Maintain the cleanliness and organization of the laundry area, ensuring a tidy and efficient workspace. Handle laundry trolleys and other items with care to prevent damage to linens and equipment. Disinfect laundry trolleys and other items according to standard operating procedures to maintain hygiene standards. Assist with washing, drying, and sorting laundry as needed and directed by the Team Leader, Laundry . Collaborate with staff on processing uniforms, guest laundry, and other specific laundry needs. Act as a runner for various tasks related to laundry operations, ensuring smooth workflow and addressing immediate operational needs. Monitor and report any issues with laundry equipment or operations to the supervisor for prompt resolution. Follow all safety protocols and operational guidelines to ensure a safe working environment. Maintain accurate records of laundry items processed and ensure proper documentation. Assist in inventory management by monitoring and replenishing laundry supplies as needed. Ensure compliance with all company policies and procedures related to commercial laundry operations. Regularly inspect laundry equipment for proper functioning and report any maintenance needs to the supervisor. Participate in training programs to stay updated on best practices and safety standards in laundry operations. Provide assistance and support to the washer, dryer, and sorter when required and directed by the Team Leader, Laundry. Ensure the efficient flow of laundry processes from intake to final delivery, maintaining high standards of quality and efficiency. Always present yourself professionally and address guests in a polite and respectful manner. Ensure proper and effective use of all supplies and equipment provided to you. Follow hotel's Lost and Found procedures diligently, documenting and securely storing all found items, and reporting them to management. Report any service-related defects immediately to the team leader. Assist in training new colleagues in job skills as requested by Team Leader, Laundry. Act as a best runner to support the colleagues in the valet laundry team. Report incidents and guest complaints promptly to the Team Leader Laundry, Assistant Manager Laundry. Ensure that daily tasks are executed to the highest standards of valet laundry service. Attend and actively participate in team events, required training sessions, and job-related briefings Effectively communicate and maintain positive working relationships with colleagues at all levels. Be motivated to transfer knowledge and promote a continuously positive work environment. Maintain a consistently professional attitude towards guests and colleagues alike. Demonstrate flexibility in work timing and schedule to accommodate operational demands effectively; willing to work extra hours to cover the workload as directed by the superiors E Ducation, Skills & Experience High school diploma or equivalent; additional education in hospitality or related field is a plus. Fluent in the local language, spoken & written English, any other foreign language is a plus factor Must be skilled to perform the job of a Attendant, Laundry. A minimum of 2 years of job experience in a five-star hotel or commercial laundry setting. Our brand is expanding faster than ever before. We are investing in the growth of our company, and that means we are committed to investing in you. Join a team that is open-hearted, intuitive, generous, and spontaneous in spirit. We believe in making our guests happy beyond anything they have ever imagined. We wow them at every turn and create memories that will last a lifetime. You will be at the heart of this vision, to constantly innovate to deliver Amazing Experiences and Everlasting Memories. Please mention the word **PROFOUNDLY** and tag RMTQxLjcwLjQyLjI1Mw== when applying to show you read the job post completely (#RMTQxLjcwLjQyLjI1Mw==). This is a beta feature to avoid spam applicants. Companies can search these words to find applicants that read this and see they're human.",https://remoteOK.com/remote-jobs/remote-attendant-laundry-siro-hotels-1134275,RemoteOK
Senior Counsel Project Finance &amp; Commercial,Energy Vault,"Westlake Village, CA","infosec, legal, customer support, marketing, travel, quality assurance, finance, c, exec, content writing, senior, sys admin, education",,2026-06-27T16:00:04+00:00,"Our Company Welcome to Energy VaultÂ® (NYSE:NRGV) , a global energy storage and power infrastructure company focused on owning, operating, and enabling resilient, dispatchable energy assets. Energy Vaultâs focus is to deliver reliable, flexible power that supports the evolving needs of modern grids, communities, and large energy users. Since 2024, the Company has centered its strategy on an Independent Power Producer (IPP) model, developing, building, owning, and operating critical energy assets around the world. Energy Vault operates globally, with headquarters in Westlake Village, California and Lugano, Switzerland, and regional development across North America, Europe, Asia, and Australia. The Company partners with utilities, grid operators, and large energy consumers to deliver infrastructure that strengthens grid reliability, enables renewable integration, and supports long-term energy security. By combining asset ownership with advanced technologies and integration expertise, Energy Vault is building the next generation of critical energy infrastructure, delivering dependable power when and where it matters most. Learn more at www.energyvault.com , explore recent updates in our Newsroom, and connect with us on LinkedIn , X , Facebook , Instagram , Vimeo , or YouTube . Our Values We Commit: To Building a Better Future for Earth and All Its Beings. We Innovate: Cutting Edge Solutions to Accelerate the Unique Energy Aspirations of Our Clients. We Connect: To Build Genuine Relationships. We Deliver: Going Above & Beyond by Being Fast & Nimble. We Lead: With Authenticity and Purpose. Your Impact as a Senior Counsel - Project Finance & Commercial: We are seeking a Senior Counsel with substantial project finance experience to lead the financing of our renewable energy, battery storage, and data center infrastructure projects. This is a fast-paced, high-volume role requiring someone who can manage multiple live transactions simultaneously, operate with a high degree of independence, and engage commercially with lenders, investors, and internal business teams. The right candidate is not just a strong lawyer â they are a pragmatic problem-solver who moves quickly, communicates clearly, and keeps all deals on track. \n Your Mission: Project Finance: Lead end-to-end legal structuring and negotiation of project finance transactions, including construction loans, term debt, tax equity, back-leverage facilities, and permanent financing for battery storage, renewable energy, and data center projects. Draft and negotiate credit agreements, security packages, depositary and accounts agreements, consent and assignment agreements, and all related financing documents with lenders, tax equity investors, and institutional counterparties. Advise on financing structures for build-own-operate (BOO) assets, including collateral structures, security interests, and intercreditor arrangements. Manage lender due diligence processes and coordinate with lenders' counsel through financial close. Advise on IRA tax credit structures, including investment tax credits (ITC) and production tax credits (PTC), domestic content requirements, energy communities, and Foreign Entity of Concern (FEOC) compliance as it relates to financing eligibility and tax credit qualification. Support refinancings, amendments, waivers, and ongoing lender compliance matters post-close. Simultaneously manage multiple transactions at varying stages of execution without loss of quality or attention to detail. Corporate Finance: Support corporate-level debt facilities, revolving credit lines, and other balance sheet financing activities. Advise on entity structuring and capitalization for project-level subsidiaries and holding company arrangements. Assist with corporate governance matters tied to financing transactions. Commercial Support: Familiarity with EPC contracts, equipment procurement agreements, PPAs, and interconnection agreements is a plus, primarily in the context of bankability review and lender consent processes. Your Background: J.D. from an accredited law school. Member of a state bar in good standing. 8â15 years of project finance experience, with significant exposure to energy, battery storage, infrastructure, or data center financings. Demonstrated track record closing complex project finance transactions from term sheet through financial close, including tax equity structures (ITC and/or PTC). Working knowledge of IRA incentive structures, domestic content and FEOC compliance requirements, and how they interact with project financing and tax credit eligibility. Experience with construction financing and term conversion is highly valued. Corporate finance or capital markets experience is a plus. Proven ability to manage a high-volume workload â multiple active deals, competing priorities, and tight deadlines â with composure and sound commercial judgment. Commercially minded with strong instincts for practical risk allocation; able to distinguish issues worth fighting for from those that are not. Excellent drafting and negotiation skills; confident advising and presenting to senior leadership and external counterparties. Willingness to travel domestically and/or internationally, up to 10%. Comfortable thriving in fast-paced, rapid growth environments. A passion for sustainability, our mission, and our vision is a bonus! Must successfully pass a pre-employment background check. Energy Vault participates in E-Verify. Benefits of Powering the Future with Energy Vault: Annual bonus plan. Restricted Stock Units (RSUs). 401K employer matching. Comprehensive medical, dental, and vision plans for employees and family. Flexible Spending Account. Company-paid Life insurance, Short- and Long-term disability insurance. 8-weeks for Paternity leave. Generous holiday allowance. Flexible time off plus sick leave. Reimbursement for home office equipment, phone, and internet expenses. \n $146,000 - $234,000 a year The range, $146 ,000 to $234 ,000 , reflects a total compensation package for this position across all U.S. locations. \n #LI-remote #LI-JW1 Join Us in Empowering Change At Energy Vault we are committed to providing an environment of mutual respect where equal employment opportunities are available to all applicants. We believe inclusion creates opportunity for collaborative excellence through diversity of thought. We invite individuals of all genders, races, identities, ethnicities, sexual orientations, national origins, abilities, protected veteran status, religions, educational and socioeconomic backgrounds to explore employment with our organization. Apply now and become a catalyst for change at Energy Vault! Please mention the word **IMPRESSIVELY** and tag RMTQxLjcwLjQyLjI1Mw== when applying to show you read the job post completely (#RMTQxLjcwLjQyLjI1Mw==). This is a beta feature to avoid spam applicants. Companies can search these words to find applicants that read this and see they're human.",https://remoteOK.com/remote-jobs/remote-senior-counsel-project-finance-amp-commercial-energy-vault-1134188,RemoteOK
DOCUMENT FORMATTING SPECIALIST,Sharon Wells,"Excellence Estates 2,","design, math, digital nomad",,2026-06-27T15:11:06+00:00,"Anchor 1 Screening Questionnaire First And Last Name City of Residence: Phone Number Email address: How many years of experience do you have formatting documents? How familiar are you with inputting data using various office productivity softwares? Please provide an explanation on any tasks you feel may be pertinent. Give a scenario where you worked independently to meet stringent deadlines. Do you have prior experience with customer service? If so, please give an example. Describe some office equipment you've worked with in the past. How proficient are your grammar and vocabulary skills? Document formatting specialist Thank you for your interest in the position of Document Formatting Specialist with Sharon Wells Mathematics, Inc. The Document Formatting Specialist is a highly skilled employee with knowledge in document formatting, graphic design, typing, and data input. They are detail oriented, innovative, and possess excellent business customer service skills. Document Formatting Specialists also assist with various office duties, and work independently to meet stringent deadlines. Thank you in advance for your inquiry and assistance in helping our screening/hiring team better determine your professional goals and experience. Please mention the word **CONTRASTY** and tag RMTQxLjcwLjQyLjI1Mw== when applying to show you read the job post completely (#RMTQxLjcwLjQyLjI1Mw==). This is a beta feature to avoid spam applicants. Companies can search these words to find applicants that read this and see they're human.",https://remoteOK.com/remote-jobs/remote-document-formatting-specialist-sharon-wells-1134219,RemoteOK
Industry Analysis,Citofield,"Melbourne,","testing, devops, exec, ops",,2026-06-27T10:58:11+00:00,Capitalise on low hanging fruit to identify a ballpark value added activity to beta test. Override the digital divide with additional clickthroughs from DevOps. Nanotechnology immersion along the information highway will close the loop on focusing solely on the bottom line. Podcasting operational change management inside of workflows to establish a framework. Taking seamless key performance indicators offline to maximise the long tail. Keeping your eye on the ball while performing a deep dive on the start-up mentality to derive convergence on cross-platform integration. View More About Job Please mention the word **AUSPICIOUS** and tag RMTQxLjcwLjQyLjI1Mw== when applying to show you read the job post completely (#RMTQxLjcwLjQyLjI1Mw==). This is a beta feature to avoid spam applicants. Companies can search these words to find applicants that read this and see they're human.,https://remoteOK.com/remote-jobs/remote-industry-analysis-citofield-1134182,RemoteOK
Technical Lead,IT FUTURZ,"Surat,","technical, exec",,2026-06-27T06:28:40+00:00,- Please mention the word **WORKS** and tag RMTQxLjcwLjQyLjI1Mw== when applying to show you read the job post completely (#RMTQxLjcwLjQyLjI1Mw==). This is a beta feature to avoid spam applicants. Companies can search these words to find applicants that read this and see they're human.,https://remoteOK.com/remote-jobs/remote-technical-lead-it-futurz-1134198,RemoteOK
Content,Den danske seermÃ¥ling,"Content,","design, math, digital nomad, web dev, exec, microsoft, content writing",,2026-06-27T06:14:36+00:00,"Sorry, Internet Explorer 11 is no longer supported by SmartRecruiters Please Update To One Of The Following Browsers Google Chrome Microsoft Edge Apple Safari Mozilla Firefox You can find details about supported web browsershere. Skip openings section Search job openings, e.g. ""manager""Search job openings, e.g. ""manager"" Clear search results Content Jobs Browse by: Location No job postings are currently available. Please mention the word **MODERN** and tag RMTQxLjcwLjQyLjI1Mw== when applying to show you read the job post completely (#RMTQxLjcwLjQyLjI1Mw==). This is a beta feature to avoid spam applicants. Companies can search these words to find applicants that read this and see they're human.",https://remoteOK.com/remote-jobs/remote-content-den-danske-seermaling-1134220,RemoteOK
Ut Facere Aut,Innodrei,"Warangal Rural,","infosec, content writing, dev, web dev, digital nomad",,2026-06-27T06:08:21+00:00,"ï¾ Angestellter (m/w/d) ï¬ Unbefristet ï Vollzeit Ut Facere Aut ï¾ Angestellter (m/w/d) ï¬ Unbefristet ï Vollzeit Deine Aufgaben Lorem ipsum dolor sit amet, consetetur sadipscing elitr, sed diam nonumy eirmod tempor invidunt ut labore et dolore magna aliquyam erat, sed diam voluptua. Lorem ipsum dolor sit amet, consetetur sadipscing elitr, sed diam nonumy eirmod tempor invidunt ut labore et dolore magna aliquyam erat, sed diam voluptua. Lorem ipsum dolor sit amet, consetetur sadipscing elitr, sed diam nonumy eirmod tempor invidunt ut labore et dolore magna aliquyam erat, sed diam voluptua. Dein Profil Lorem ipsum dolor sit amet, consetetur sadipscing elitr, sed diam nonumy eirmod tempor invidunt ut labore et dolore magna aliquyam erat, sed diam voluptua. Lorem ipsum dolor sit amet, consetetur sadipscing elitr, sed diam nonumy eirmod tempor invidunt ut labore et dolore magna aliquyam erat, sed diam voluptua. Lorem ipsum dolor sit amet, consetetur sadipscing elitr, sed diam nonumy eirmod tempor invidunt ut labore et dolore magna aliquyam erat, sed diam voluptua. Wie bieten Lorem ipsum dolor sit amet, consetetur sadipscing elitr, sed diam nonumy eirmod tempor invidunt ut labore et dolore magna aliquyam erat, sed diam voluptua. Lorem ipsum dolor sit amet, consetetur sadipscing elitr, sed diam nonumy eirmod tempor invidunt ut labore et dolore magna aliquyam erat, sed diam voluptua. Lorem ipsum dolor sit amet, consetetur sadipscing elitr, sed diam nonumy eirmod tempor invidunt ut labore et dolore magna aliquyam erat, sed diam voluptua. Jetzt ganz unkompliziert bewerben! Wir freuen uns darauf, dich kennenzulernen. Hast du vorab Fragen? Dann rufe uns gerne an! ï0123 4567-8 Name*TelefonE-Mail*Nachricht*Datenschutz* Ich stimme der DatenschutzerklÃ¤rung zu. ï Vielen Dank! Wir haben Ihre Nachricht erhalten! ï§ Ups â¦ Da hat etwas nicht geklappt. Deine Aufgaben Lorem ipsum dolor sit amet, consetetur sadipscing elitr, sed diam nonumy eirmod tempor invidunt ut labore et dolore magna aliquyam erat, sed diam voluptua. Lorem ipsum dolor sit amet, consetetur sadipscing elitr, sed diam nonumy eirmod tempor invidunt ut labore et dolore magna aliquyam erat, sed diam voluptua. Lorem ipsum dolor sit amet, consetetur sadipscing elitr, sed diam nonumy eirmod tempor invidunt ut labore et dolore magna aliquyam erat, sed diam voluptua. Dein Profil Lorem ipsum dolor sit amet, consetetur sadipscing elitr, sed diam nonumy eirmod tempor invidunt ut labore et dolore magna aliquyam erat, sed diam voluptua. Lorem ipsum dolor sit amet, consetetur sadipscing elitr, sed diam nonumy eirmod tempor invidunt ut labore et dolore magna aliquyam erat, sed diam voluptua. Lorem ipsum dolor sit amet, consetetur sadipscing elitr, sed diam nonumy eirmod tempor invidunt ut labore et dolore magna aliquyam erat, sed diam voluptua. Wie bieten Lorem ipsum dolor sit amet, consetetur sadipscing elitr, sed diam nonumy eirmod tempor invidunt ut labore et dolore magna aliquyam erat, sed diam voluptua. Lorem ipsum dolor sit amet, consetetur sadipscing elitr, sed diam nonumy eirmod tempor invidunt ut labore et dolore magna aliquyam erat, sed diam voluptua. Lorem ipsum dolor sit amet, consetetur sadipscing elitr, sed diam nonumy eirmod tempor invidunt ut labore et dolore magna aliquyam erat, sed diam voluptua. Jetzt ganz unkompliziert bewerben! Wir freuen uns darauf, dich kennenzulernen. Hast du vorab Fragen? Dann rufe uns gerne an! ï0123 4567-8 Name*TelefonE-Mail*Nachricht*Datenschutz* Ich stimme der DatenschutzerklÃ¤rung zu. ï Vielen Dank! Wir haben Ihre Nachricht erhalten! ï§ Ups â¦ Da hat etwas nicht geklappt. ï ï ­ ï § ï¡ ï ¨ ImpressumDatenschutzCookies Unsere AGBWiderrufZahlungVersand Please mention the word **ADVANTAGE** and tag RMTQxLjcwLjQyLjI1Mw== when applying to show you read the job post completely (#RMTQxLjcwLjQyLjI1Mw==). This is a beta feature to avoid spam applicants. Companies can search these words to find applicants that read this and see they're human.",https://remoteOK.com/remote-jobs/remote-ut-facere-aut-innodrei-1134193,RemoteOK
Error Odio,Innodrei,"Warangal Rural,","infosec, content writing",,2026-06-27T06:08:19+00:00,"ï¾ Angestellter (m/w/d) ï¬ Unbefristet ï Vollzeit Error Odio ï¾ Angestellter (m/w/d) ï¬ Unbefristet ï Vollzeit Deine Aufgaben Lorem ipsum dolor sit amet, consetetur sadipscing elitr, sed diam nonumy eirmod tempor invidunt ut labore et dolore magna aliquyam erat, sed diam voluptua. Lorem ipsum dolor sit amet, consetetur sadipscing elitr, sed diam nonumy eirmod tempor invidunt ut labore et dolore magna aliquyam erat, sed diam voluptua. Lorem ipsum dolor sit amet, consetetur sadipscing elitr, sed diam nonumy eirmod tempor invidunt ut labore et dolore magna aliquyam erat, sed diam voluptua. Dein Profil Lorem ipsum dolor sit amet, consetetur sadipscing elitr, sed diam nonumy eirmod tempor invidunt ut labore et dolore magna aliquyam erat, sed diam voluptua. Lorem ipsum dolor sit amet, consetetur sadipscing elitr, sed diam nonumy eirmod tempor invidunt ut labore et dolore magna aliquyam erat, sed diam voluptua. Lorem ipsum dolor sit amet, consetetur sadipscing elitr, sed diam nonumy eirmod tempor invidunt ut labore et dolore magna aliquyam erat, sed diam voluptua. Wie bieten Lorem ipsum dolor sit amet, consetetur sadipscing elitr, sed diam nonumy eirmod tempor invidunt ut labore et dolore magna aliquyam erat, sed diam voluptua. Lorem ipsum dolor sit amet, consetetur sadipscing elitr, sed diam nonumy eirmod tempor invidunt ut labore et dolore magna aliquyam erat, sed diam voluptua. Lorem ipsum dolor sit amet, consetetur sadipscing elitr, sed diam nonumy eirmod tempor invidunt ut labore et dolore magna aliquyam erat, sed diam voluptua. Jetzt ganz unkompliziert bewerben! Wir freuen uns darauf, dich kennenzulernen. Hast du vorab Fragen? Dann rufe uns gerne an! ï0123 4567-8 Name*TelefonE-Mail*Nachricht*Datenschutz* Ich stimme der DatenschutzerklÃ¤rung zu. ï Vielen Dank! Wir haben Ihre Nachricht erhalten! ï§ Ups â¦ Da hat etwas nicht geklappt. Deine Aufgaben Lorem ipsum dolor sit amet, consetetur sadipscing elitr, sed diam nonumy eirmod tempor invidunt ut labore et dolore magna aliquyam erat, sed diam voluptua. Lorem ipsum dolor sit amet, consetetur sadipscing elitr, sed diam nonumy eirmod tempor invidunt ut labore et dolore magna aliquyam erat, sed diam voluptua. Lorem ipsum dolor sit amet, consetetur sadipscing elitr, sed diam nonumy eirmod tempor invidunt ut labore et dolore magna aliquyam erat, sed diam voluptua. Dein Profil Lorem ipsum dolor sit amet, consetetur sadipscing elitr, sed diam nonumy eirmod tempor invidunt ut labore et dolore magna aliquyam erat, sed diam voluptua. Lorem ipsum dolor sit amet, consetetur sadipscing elitr, sed diam nonumy eirmod tempor invidunt ut labore et dolore magna aliquyam erat, sed diam voluptua. Lorem ipsum dolor sit amet, consetetur sadipscing elitr, sed diam nonumy eirmod tempor invidunt ut labore et dolore magna aliquyam erat, sed diam voluptua. Wie bieten Lorem ipsum dolor sit amet, consetetur sadipscing elitr, sed diam nonumy eirmod tempor invidunt ut labore et dolore magna aliquyam erat, sed diam voluptua. Lorem ipsum dolor sit amet, consetetur sadipscing elitr, sed diam nonumy eirmod tempor invidunt ut labore et dolore magna aliquyam erat, sed diam voluptua. Lorem ipsum dolor sit amet, consetetur sadipscing elitr, sed diam nonumy eirmod tempor invidunt ut labore et dolore magna aliquyam erat, sed diam voluptua. Jetzt ganz unkompliziert bewerben! Wir freuen uns darauf, dich kennenzulernen. Hast du vorab Fragen? Dann rufe uns gerne an! ï0123 4567-8 Name*TelefonE-Mail*Nachricht*Datenschutz* Ich stimme der DatenschutzerklÃ¤rung zu. ï Vielen Dank! Wir haben Ihre Nachricht erhalten! ï§ Ups â¦ Da hat etwas nicht geklappt. ï ï ­ ï § ï¡ ï ¨ ImpressumDatenschutzCookies Unsere AGBWiderrufZahlungVersand Please mention the word **FLEXIBLE** and tag RMTQxLjcwLjQyLjI1Mw== when applying to show you read the job post completely (#RMTQxLjcwLjQyLjI1Mw==). This is a beta feature to avoid spam applicants. Companies can search these words to find applicants that read this and see they're human.",https://remoteOK.com/remote-jobs/remote-error-odio-innodrei-1134191,RemoteOK
Video Editor,OnlineJobs.PH,"Time,","design, teaching, exec, testing, video, content writing, full time, digital nomad",,2026-06-27T04:53:58+00:00,"About Us Bloom & Beyond Design LLC is a luxury interior design company based in Dubai. We create high-end residential interiors and are looking for a talented full-time Video Editor to help grow both our company brand and our founderâs personal brand through engaging short-form content. Responsibilities Edit Instagram Reels, TikTok videos, and other short-form content. Create engaging edits with strong hooks, smooth pacing, captions, transitions, and sound effects. Organize and manage raw footage efficiently. Deliver high-quality videos within agreed deadlines. Maintain a clean, premium editing style that aligns with our luxury brand. Learn our editing style and progressively edit content with minimal guidance. Stay up to date with social media trends and apply them where relevant. Requirements Proven experience editing short-form social media content. Proficiency in Adobe Premiere Pro, CapCut, Final Cut Pro, or DaVinci Resolve. Strong understanding of storytelling, pacing, and audience retention. Excellent attention to detail. Reliable internet connection and availability to work full-time. Good communication skills and willingness to learn and grow with the company. What Weâre Looking For Weâre looking for someone creative, proactive, and passionate about creating content that performs. During the first few weeks, weâll work closely together to teach you our editing style. Our goal is for you to become confident enough to edit independently while maintaining our brand identity. Application Process Please Submit Your CV Portfolio or examples of your best editing work Three short-form videos youâre most proud of Shortlisted candidates will be invited to complete an editing test before the final interview. Please mention the word **STIMULATE** and tag RMTQxLjcwLjQyLjI1Mw== when applying to show you read the job post completely (#RMTQxLjcwLjQyLjI1Mw==). This is a beta feature to avoid spam applicants. Companies can search these words to find applicants that read this and see they're human.",https://remoteOK.com/remote-jobs/remote-video-editor-onlinejobs-ph-1134184,RemoteOK
Cable Jointer,Ipsum,"Oxford,","exec, design, customer support, marketing, virtual assistant, finance, senior, excel, golang, medical, digital nomad, infosec, education, recruiter, sys admin, consulting, technical, testing, travel, scheme, content writing, ops, sales, engineer, legal, dev, mobile, controller, full time, video, saas, amazon, ecommerce, shopify, music, c, embedded, assembly, supervisor, microsoft, ads, payroll, game dev, telecom, cloud, speech, teaching, hr, stats, coordinator",,2026-06-27T04:07:26+00:00,"The information below covers the role requirements, expected candidate experience, and accompanying qualifications. Location: Oxfordshire (Post Code OX18) Employment Type: Full time, Permanent Working Hours: (40 hours per week, Monday to Friday, with overtime opportunities available) Whatâs in it for youâ¦ We believe in looking after our people, and it shows. When you join Ipsum, youâre not just taking a job â youâre starting a career with real support behind it.?? 24 days annual leave plus bank holidays Option to buy up to 5 additional holidays Group Personal Pension Plan Career development & progression with the opportunity to earn professional qualifications 24/7 access to a virtual GP??and Mental health support & counselling services?? Cycle to Work scheme?? Discount club - supermarkets, phone bills, gyms & more?!? Life assurance cover?? Long service recognition?? Enhanced Maternity Pay Paid volunteering opportunities in your community?? About The Roleâ¦ We have a fantastic opportunity to join our team in Oxfordshire as Cable Jointer 11kV to 33kV you will be responsible for the quality and compliance to standard of workmanship and others working on the project ensuring compliance with authorisation procedures. As a Cable Jointer you will be... To act in the capacity of Cable Jointer in compliance with, Authorisation Procedures and the Electricity Supply Industry. Responsible for Electrical Safety Management for any project which they have made safe for others to work upon, ensuring wherever possible compliance to Asset Owner standards. To operate within the Private and Public Project Network Businesses building strong working relationships with your peers and customers. Driving positive change across the busines and responsible for the Quality and Compliance to Standard of their Workmanship and others working on the project Cable Jointing and associated works ensuring programmed works are at the highest Safety Standards. Responsible for site safety and work quality and compliance with Health, Safety, Environmental and Quality standards. Ensure customer satisfaction through excellent Project delivery compliance with Ipsum processes and driving of continuous improvement. Manage programmed works to the highest Electrical Safety Management Safety Standards and Environmental Standards Deliver the programmed works at the expected level of quality, performance, safety and cost and ensure resolution of Site issues to full project completion, with site management interface between Customerâs, Staff and other Service Providers About Youâ¦ Technical status and a qualified Electrical Engineer with a LV/HV Jointer Qualification or equivalent. Detailed understanding of current HV & LV electrical Jointing techniques from 11kV to 33kV Solid and up to date knowledge of statutory requirements, legislation and technical advances. Good knowledge of Health and Safety practice and Risk Assessment processes. xlqdzyr Experience working in a fast-paced customer facing environment You will require a CTC Clearance for this position along with a UK Driving Licence Our commitment to Equal Opportunities... Weâre proud to be an equal opportunities employer. We welcome applications from all backgrounds and experiences, and weâre committed to building a diverse and inclusive workforce.? Before applying, please review our Privacy Policy to understand how we process your data in line with GDPR.? Next steps... If youâre interested in this opportunity, please apply or reach out to the Talent Team for more info Please mention the word **DAWN** and tag RMTQxLjcwLjQyLjI1Mw== when applying to show you read the job post completely (#RMTQxLjcwLjQyLjI1Mw==). This is a beta feature to avoid spam applicants. Companies can search these words to find applicants that read this and see they're human.",https://remoteOK.com/remote-jobs/remote-cable-jointer-ipsum-1134300,RemoteOK
AI Filmmaker,Foxelli Group,"Praha, Praha, HlavnÃ­ mÄsto Praha, Äesko","amazon, sys admin, python, consulting, customer support, marketing, dev, finance, ops, stats, sales, golang, medical, engineer, recruiter, ecommerce, shopify, part time, digital nomad, music, testing, video, content writing, full time",,2026-06-27T02:00:18+00:00,"Please be informed that Foxelli Group hires exclusively in-house and doesn't work with any external recruitment agencies. Any company or individual claiming to recruit on behalf of Foxelli Group is not affiliated with us. At Foxelli, weâre building more than e-commerce brands - weâre building a tribe of thoughtful humans: AI enthusiasts, curious builders, and ambitious minds who care about doing meaningful work together. Ten years in, our D2C brands reach millions and generate over $20M annually. Our focus stays simple: create products customers love and a team that actually enjoys building them. If you love to learn, experiment, think boldly, make decisions, and build things that matter - youâll feel at home with us. WHY JOIN FOXELLI? Foxelli is a place for people who think deeply, learn quickly, automate repetitive work, enjoy spending time together, and build things that matter. We work hard, joke often, and donât take ourselves too seriously. If youâre excited about AI, eager to learn, and want to create work that genuinely means something with people who care, youâll feel right at home with us - no matter where you are in your career. THE ROLE You will be creating short-form vertical video series for TikTok, Instagram Reels, and YouTube Shorts. The content includes dark romance, horror, thriller, and fantasy micro-dramas - serialized stories published daily, each episode 60-90 seconds long. This is not a traditional production role. You'll move fast, iterate constantly, and use cutting-edge AI video tools. Quality and speed both matter here. What You'll Do Generate scenes using the latest AI video tools Edit footage into finished episodes in vertical 9:16 format Maintain character consistency across episodes using approved reference assets Sync music and sound effects to match the tone and pacing of each scene Add captions and text overlays timed to dialogue and action Export and optimize content for TikTok, Instagram Reels, and YouTube Shorts What We're Looking For Experience working with AI tools for generating video, static, and audio Understanding of the basic rules of editing and frame composition Prompt engineering skills It will be a plus: Experience in classic video production (films, TV series, shows) Understanding of dramaturgy and story construction The full cycle of AI video creation - from idea to final Experience working with short drama or creating AI content for TikTok / YouTube THE RECRUITMENT PROCESS Apply - A simple form that helps us know whoâs stepping into our world. Text Task - A small real-world challenge so we can see how you approach problems in action. Hire - if you both align, we'll invite you to join our team on a test trial period. FIXED SERVICE FEE Up to 2000 euros per month after taxes (depending on your skills, competencies, and experience). Perks & Benefits Full flexibility with your schedule in a fully remote setting, while Hubstaff ensures transparency and fairness. Complimentary gym memberships and company-sponsored outdoor adventures for your strength and to keep your physical well-being in check. A personal development budget is at your disposal for your personal and professional growth to ensure you keep growing continuously. Generous paid time off, including parental leave and vacation days, to recharge and rejuvenate and ensure youâre well-rested. A budget for your home office setup so youâre comfortable working how you like and where you like. Strong company culture and a network of unique individuals that celebrate you. ELIGIBILITY & LOCATION REQUIREMENTS âThis role is 100% remote. Our tribe works primarily in the Eastern European Time Zone (EET â UTC+2/UTC+3). We also use Revolut for payments, so we are open to hiring candidates in countries where Revolut payments are supported. For full-time roles, we ask that youâre available for at least 5 hours during typical EET working hours â it keeps collaboration smooth and communication easy. (This doesnât apply to part-time roles.) Currently, we are hiring in Albania, Bosnia and Herzegovina, Croatia, Czech Republic, Estonia, Greece, Georgia, Kosovo, Latvia, Lithuania, Moldova, Montenegro, North Macedonia, Poland, Portugal, Romania, Slovakia, Malta, Slovenia, Serbia, Cyprus, Bulgaria, Hungary, Netherlands, the United Kingdom, and South Africa. Please mention the word **SELECTIVE** and tag RMTQxLjcwLjQyLjI1Mw== when applying to show you read the job post completely (#RMTQxLjcwLjQyLjI1Mw==). This is a beta feature to avoid spam applicants. Companies can search these words to find applicants that read this and see they're human.",https://remoteOK.com/remote-jobs/remote-ai-filmmaker-foxelli-group-1134232,RemoteOK
Freelance Designer,SAN Creatives Agency,"Time,","design, teaching, exec, testing, video, content writing, full time, digital nomad, designer, finance, senior, marketing, excel, ads",,2026-06-27T01:15:05+00:00,"Job Openings Freelance Designer 30/11/2023 About Us We prioritize hiring individuals based on their core values rather than solely focusing on hard skills. Our approach is to empower exceptional candidates to excel in a role by leveraging their strengths, regardless of whether they precisely match a job description. As a result, we welcome applicants with varying levels of experience, both exceeding and falling short of the requirements outlined below. PixelPiew is a privately owned studio specializing in design, branding, and creative services. Our mission is to drive the evolution and prosperity of financial services, B2B, corporate, and non-profit organizations. We achieve this by harnessing the power of research and craftsmanship to create refined brand identities, websites, messaging, campaigns, and marketing materials. We Want We Are Actively Seeking Skilled And Enthusiastic Freelance Designers To Join Our Roster Of Creative Professionals. This Is a Broad Application, And We Invite All Designers To Apply, With a Special Emphasis On Those Who Excel In The Following Areas: Logo and Brand Design Motion Graphics Design UX Design Print Collateral Design PowerPoint/Google Slides Presentation Design Please be aware that while we may not be able to respond to every applicant immediately, we will retain all submissions for potential future opportunities. If you are passionate about design and are eager to tackle exciting and demanding projects, we sincerely encourage you to reach out to us! Compensation This is a freelance, remote position, but you are also welcome to work on-site at our Providence, RI location if you prefer. We offer competitive compensation that aligns with your level of expertise and experience. How to Apply To apply, please email careers@pixelpier.com, including your resume and portfolio. To test your attention to detail and show that youâve read this entire listing, please also share your favorite typeface and explain why it resonates with you. We are interested in hearing from individual applicants and kindly request that recruiters, agencies, and offshore firms refrain from applying. PixelPier is committed to equal employment opportunities and does not discriminate against any employee or applicant for employment based on factors such as race, color, religion, national origin, age, gender, sex, ancestry, citizenship status, mental or physical disability, genetic information, sexual orientation, veteran status, or military status. We actively seek individuals to join our team and do not engage with recruiters, agencies, or offshore firms in our hiring process. Tags What do you think? Show comments / Leave a comment More notes Art Director Senior Digital Producer Associate Director â Paid Media We Are Actively Seeking Skilled And Enthusiastic Freelance Designers To Join Our Roster Of Creative Professionals. This Is a Broad Application, And We Invite All Designers To Apply, With a Special Emphasis On Those Who Excel In The Following Areas: Logo and Brand Design Motion Graphics Design UX Design Print Collateral Design PowerPoint/Google Slides Presentation Design Please be aware that while we may not be able to respond to every applicant immediately, we will retain all submissions for potential future opportunities. If you are passionate about design and are eager to tackle exciting and demanding projects, we sincerely encourage you to reach out to us! Compensation This is a freelance, remote position, but you are also welcome to work on-site at our Providence, RI location if you prefer. We offer competitive compensation that aligns with your level of expertise and experience. How to Apply To apply, please email careers@pixelpier.com, including your resume and portfolio. To test your attention to detail and show that youâve read this entire listing, please also share your favorite typeface and explain why it resonates with you. We are interested in hearing from individual applicants and kindly request that recruiters, agencies, and offshore firms refrain from applying. PixelPier is committed to equal employment opportunities and does not discriminate against any employee or applicant for employment based on factors such as race, color, religion, national origin, age, gender, sex, ancestry, citizenship status, mental or physical disability, genetic information, sexual orientation, veteran status, or military status. We actively seek individuals to join our team and do not engage with recruiters, agencies, or offshore firms in our hiring process. Please mention the word **RAPTURE** and tag RMTQxLjcwLjQyLjI1Mw== when applying to show you read the job post completely (#RMTQxLjcwLjQyLjI1Mw==). This is a beta feature to avoid spam applicants. Companies can search these words to find applicants that read this and see they're human.",https://remoteOK.com/remote-jobs/remote-freelance-designer-san-creatives-agency-1134185,RemoteOK
Product Growth Expert Acquisition Afirmativa para Pessoas de Grupos Sub representados,Neon Pagamentos,Remoto,"marketing, python, c, node, excel",,2026-06-27T00:00:04+00:00,"Sobre a Neon Na Neon, cada ideia conta e pode transformar a vida financeira de milhares de brasileiras e brasileiros que acreditam que o cÃ©u Ã© o limite. Buscamos pessoas que querem contribuir com impacto real e crescer junto com a gente! Nosso ritmo Ã© intenso, assim como o aprendizado com gente muito talentosa e equipes colaborativas que geram impacto real desde o primeiro dia, com o bÃ´nus de trabalhar de qualquer lugar do Brasil. Aqui a inovaÃ§Ã£o e tecnologia andam juntos e diversidade Ã© decisÃ£o estratÃ©gica do negÃ³cio e compromisso que molda nossas decisÃµes e garante um ambiente acolhedor para todas as pessoas. Valorizamos a colaboraÃ§Ã£o, o diÃ¡logo aberto e entregas que compreendam as necessidades das pessoas que usam nossas soluÃ§Ãµ es.Se vocÃª Ã© uma pessoa que gosta de construir, testar, aprender e se comprometer com a excelÃªncia, a Neon Ã© pra vocÃª. Vem fazer parte de um time que nÃ£o tem medo de sonhar grande e trabalha junto para elevar a barra todos os dias, fazendo o dinheiro fluir e o mundo crescer. Vem #ViverNoAzul! \n O que estamos buscando Buscamos um profissional em nÃ­vel de Expert (com senioridade equivalente a Gerente, sem gestÃ£o direta de pessoas) para liderar as alavancas de engajamento de clientes sem crÃ©dito na Neon. Nessa posiÃ§Ã£o, vocÃª serÃ¡ a principal referÃªncia analÃ­tica e estratÃ©gica do time, atuando com lideranÃ§a por influÃªncia para conectar insights de dados ao impacto direto na margem de contribuiÃ§Ã£o e na eficiÃªncia operacional do negÃ³cio. Responsabilidades Desenhar e liderar a estratÃ©gia macro de envio e entrega de cartÃµes, mapeando e mitigando gargalos crÃ­ticos na cadeia para garantir eficiÃªncia de custos ( savings ) e a maximizaÃ§Ã£o da taxa de ativaÃ§Ã£o, alÃ©m de identificar as principais alavancas para o engajamento do cliente, para alÃ©m do crÃ©dito, e como influenciÃ¡-las. Atuar de forma autÃ´noma na modelagem e extraÃ§Ã£o de grandes volumes de dados complexos via SQL, transformando dados brutos em direcionamentos estratÃ©gicos que guiem o roadmap de crescimento do produto. Desenvolver, validar e defender estudos de viabilidade financeira complexos perante a lideranÃ§a, conectando as iniciativas de produto diretamente a indicadores de saÃºde do negÃ³cio como LTV, CAC e controle de churn . Implantar, estruturar e disseminar o framework de testes de ponta a ponta, elevando o nÃ­vel tÃ©cnico das das nossas anÃ¡lises e garantindo solidez nas conclusÃµes e recomendaÃ§Ãµes. Desenhar e garantir a governanÃ§a de painÃ©is de performance (KPIs) voltados para a alta lideranÃ§a, traduzindo mÃ©tricas e anÃ¡lises tÃ©cnicas em narrativas de negÃ³cios claras e acionÃ¡veis. Arquitetar soluÃ§Ãµes de automaÃ§Ã£o para os processos de coleta e tratamento de dados, garantindo que as anÃ¡lises recorrentes operem com o mÃ¡ximo de agilidade, precisÃ£o e autonomia. Atuar como o principal elo estratÃ©gico entre as tribos de produto, operaÃ§Ãµes e a lideranÃ§a sÃªnior (C-level), comunicando estratÃ©gias complexas de forma persuasiva, alinhando expectativas e destravando barreiras. Requisitos Capacidade AnalÃ­tica e ResoluÃ§Ã£o de Problemas demonstrada na habilidade para estruturar problemas complexos, mensurar impactos com clareza e desdobrÃ¡-los em planos de aÃ§Ã£o priorizados. DomÃ­nio AvanÃ§ado de SQL com experiÃªncia consolidada em extraÃ§Ã£o, manipulaÃ§Ã£o e modelagem de dados complexos para suporte Ã tomada de decisÃ£o VisÃ£o de NegÃ³cio e Unit Economics trazendo forte entendimento de P&L (Lucros e Perdas) e das principais alavancas de resultado financeiro, conectando mÃ©tricas de produto Ã sustentabilidade do negÃ³cio. Cultura de ExperimentaÃ§Ã£o e EstatÃ­stica focada em vivÃªncia prÃ¡tica no desenho, execuÃ§Ã£o e anÃ¡lise estatÃ­stica de Testes A/B e outras metodologias de experimentaÃ§Ã£o LideranÃ§a por InfluÃªncia com perfil autÃ´nomo, proativo e resiliente, alÃ©m de habilidade para engajar e alinhar times multidisciplinares sem dependÃªncia de autoridade formal Pensamento EstratÃ©gico focado em visÃ£o de longo prazo aliada Ã capacidade de execuÃ§Ã£o no curto prazo, garantindo consistÃªncia nas entregas Diferenciais Background no Mercado Financeiro com vivÃªncia consolidada em fintechs, bancos ou consultorias estratÃ©gicas Background em Modelagem trazendo conhecimentos prÃ¡ticos em linguagens como Python ou R para o desenvolvimento de anÃ¡lises preditivas e manipulaÃ§Ãµes estatÃ­sticas avanÃ§adas \n Se vier fazer parte da Neon Ã importante: â¢ Adaptabilidade para lidar com diferentes cenÃ¡rios e desafios em um ambiente dinÃ¢mico â¢ Foco em resultados, com habilidade para priorizar o que gera mais impacto â¢ Autonomia e colaboraÃ§Ã£o para trabalhar de forma produtiva no modelo remoto E o que vocÃª vai encontrar aqui? â¢ Modelo de trabalho remoto de verdade, com encontros de time a cada 3 meses em SÃ£o Paulo. TambÃ©m tem crÃ©dito para compra de Kit Home Office e parceria para uso de coworkings; â¢ CartÃ£o iFood BenefÃ­cios - vocÃª personaliza seu pacote com benefÃ­cios de vale alimentaÃ§Ã£o e refeiÃ§Ã£o e mobilidade; â¢ Gympass, com rede de academias e aulas online; â¢ Apoio Ã parentalidade com auxÃ­lio creche ou babÃ¡ e LicenÃ§a parental estendida; â¢ AssistÃªncia mÃ©dica e odontolÃ³gica; â¢ Open English: pacotes de aulas com descontos exclusivos para pessoas Neowners e dependentes â¢ Desconto em MBAs e especializaÃ§Ãµes na USP ESALQ. LGPD na Neon A Neon adota uma polÃ­tica para garantir controle e transparÃªncia no tratamento de dados de todas as pessoas, inclusive aquelas interessadas em fazer parte do nosso time. As informaÃ§Ãµes de candidatos Ã vagas abertas na Neon durante o processo seletivo sÃ£o tratadas rigorosamente de acordo com a LGPD. Please mention the word **GENIUS** and tag RMTQxLjcwLjQyLjI1Mw== when applying to show you read the job post completely (#RMTQxLjcwLjQyLjI1Mw==). This is a beta feature to avoid spam applicants. Companies can search these words to find applicants that read this and see they're human.",https://remoteOK.com/remote-jobs/remote-product-growth-expert-acquisition-afirmativa-para-pessoas-de-grupos-sub-representados-neon-pagamentos-1134159,RemoteOK
Property Maintenance &amp; Operations Coordinator,Dart,"George Town,","sys admin, education, non tech, infosec, technical, travel, c, math, analyst, embedded, customer support, exec, microsoft, excel, sales, coordinator, marketing, ops",,2026-06-26T20:23:35+00:00,"JOB TITLE: Property Maintenance & Operations Coordinator SALARY: CI$50,000 - CI$75,000 pa WORKING HOURS: 40 HOURS PER WEEK We are seeking a Property Maintenance & Operations Coordinator to join Arboretum Services Ltd. The successful candidate will deliver hands-on maintenance support while ensuring properties, equipment, and systems are safe, functional, and maintained to a high operational standard. DO YOU HAVE: A minimum 3 yearsâ hands-on experience in property maintenance, facilities, or handyman roles Strong practical experience with AC servicing, including cleaning, filter changes, and troubleshooting Solid knowledge of basic electrical repairs, fixture replacement, and minor fault diagnosis Proven plumbing maintenance skills, including responding to urgent repair situations Experience maintaining equipment, tools, gates, and mechanical systems The ability to perform physically demanding tasks in outdoor environments and near water Experience working on boats or in marine environments, strongly preferred Strong problem-solving skills with a proactive, maintenance-first mindset Flexibility to work evenings, weekends, public holidays, and participate in on-call rotation WE WANT YOU TO: Perform routine and preventative maintenance across all properties, including AC systems, plumbing, electrical, and mechanical repairs Troubleshoot and resolve maintenance issues quickly to minimize downtime and ensure safety Maintain and service gates, pumps, tools, and equipment to ensure reliability and longevity Power wash and upkeep exterior areas, ensuring properties remain clean and well-presented Support emergency maintenance needs, including after-hours repairs and urgent callouts Assist with hurricane preparedness, securing property assets and implementing safety measures Maintain maintenance records, inventory of tools and parts, and coordinate supply needs Provide operational support where needed while prioritizing maintenance excellence Compensation & Benefits At Dart, we're committed to creating a workplace where you thrive, offering a competitive salary and benefits designed for your well-being and growth. Our package includes 100% employer-paid medical insurance premium for the employee, employee and employer pension contributions, life insurance and long-term disability coverage (conditions apply), enhanced leave options including vacation, personal days, maternity, paternity, a wellness screening day and continuing professional development opportunities after successful completion of a six-month probationary period. DEADLINE: Midnight, Friday 17 July 2026. Please mention the word **AWARDS** and tag RMTQxLjcwLjQyLjI1Mw== when applying to show you read the job post completely (#RMTQxLjcwLjQyLjI1Mw==). This is a beta feature to avoid spam applicants. Companies can search these words to find applicants that read this and see they're human.",https://remoteOK.com/remote-jobs/remote-property-maintenance-amp-operations-coordinator-dart-1134171,RemoteOK
Common Energy,Office of Energy &amp; Sustainability,"Salisbury,","supervisor, exec, sys admin, customer support, marketing, controller, finance, senior, ops, stats",,2026-06-26T20:20:01+00:00,"For BusinessesFor Non-ProfitsFor Consumers Check AvailabilityLogin Check AvailabilityLogin Join us! Help build a brighter, cleaner future with renewable energy our mission Our world is locked into an energy system built on fossil fuels that cause pollution, destroy nature, and support autocracies around the world. Common Energy is reshaping this system with community solar projects that replace fossil fuels with local, clean energy. The result is lower carbon emissions for communities and lower energy costs for our customers. Weâre passionate about energy, impact, and having a little fun along the way! voices of our team voices of our team âThere are no egos here, as we are all passionate about Common Energy, our work, and the difference we are making together as a TEAM.â Suzanne Wollman VP Finance & Senior Controller voices of our team âWorking at Common Energy gives me the freedom to explore new challenges, with full support from a team that truly empowers growth.â Ming Xu Manager, Analytics and Operations voices of our team âItâs a pleasure to work with like-minded people who prioritize teamwork, collaboration, and customer satisfaction. Together, weâre making a positive impact.â David Rodriguez Director of Customer Experience voices of our team âI enjoy the scope and challenges of my role at a company that specializes in a field that is relatively new and growing immensely.â Aditya Sekhar Manager, Operations & Analytics voices of our team âWe have a phenomenal culture where everyone collaborates to solve problems and create impact for our clients, subscribers, and the environment.â Christophe Charpentier Chief Operating Officer Building a better future has benefits! Attractive compensation including stock options Medical, dental, & vision plans with HSA eligible options Generous paid time off Attractive 401(k) plan Flexible / remote work opportunities Professional development and continuous feedback Learn from the bestâOur team has recognized experts Free lunch in the office every day One mission, one team, no politics. Attractive compensation including stock options Medical, dental, & vision plans with HSA eligible options Generous paid time off Attractive 401(k) plan Flexible / remote work opportunities That's just to name a few Help us disrupt the energy sector and create a cleaner future for ourselves and generations to come. Join our team Sorry, we do not have any openings currently but do be on the lookout! Want to support clean energy? See if a community solar project is available in your area. Check Availability Learn More For Businesses For Non-Profits For Consumers Community Solar Our Projects FAQs Company Our TeamCareersLabs Community Giving BackPressBlog Contact hello@commonenergy.us1-844-899-9763 Common Energy LLC Â© 2026 | Privacy Policy Common Energy LLC Â© 2025 Privacy Policy OR: This organization is operating under the Oregon Community Solar Program. The Oregon Community Solar Program is a state-enabled initiative overseen by the Oregon Public Utility Commission and implemented by Energy Solutions, Energy Trust of Oregon, Community Energy Project, and [Portland General Electric / Pacific Power / Idaho Power]. The Program provides resources and Certification for its Project Managers (PMs) but does not promote any individual PM or PM affiliated organization. Please mention the word **PRICELESS** and tag RMTQxLjcwLjQyLjI1Mw== when applying to show you read the job post completely (#RMTQxLjcwLjQyLjI1Mw==). This is a beta feature to avoid spam applicants. Companies can search these words to find applicants that read this and see they're human.",https://remoteOK.com/remote-jobs/remote-common-energy-office-of-energy-amp-sustainability-1134164,RemoteOK
My Green Lab,Office of Energy &amp; Sustainability,"Division 8,","embedded, infosec, testing, marketing, dev, javascript, video, c, html, ads, mobile, exec, content writing, stats, medical, ecommerce, shopify, digital nomad",,2026-06-26T20:14:55+00:00,"Consent Details [#IABV2SETTINGS#] About This website uses cookies We use cookies to secure our website, measure advertising performance, show you relevant ads on other sites, and analyze site usage. We share information about your site use with our advertising and analytics partners. By continuing to browse, you consent to our cookie use as described in our Cookie Policy. Change settings anytime via ""Cookie Preference."" [#GPC_BANNER_ICON#] [#GPC_TOAST_TEXT#] Consent Selection Necessary Preferences Statistics Marketing Show details Details ak_bmsc This cookie is used to distinguish between humans and bots. This is beneficial for the website, in order to make valid reports on the use of their website. Necessary cookies help make a website usable by enabling basic functions like page navigation and access to secure areas of the website. The website cannot function properly without these cookies. Businesswire 3 Learn more about this provider Maximum Storage Duration : 1 day Type : HTTP Cookie f5avraaaaaaaaaaaaaaaa_session_ Registers the website's speed and performance. This function can be used in context with statistics and load-balancing. Maximum Storage Duration : Session Type : HTTP Cookie JSESSIONID Preserves users states across page requests. Maximum Storage Duration : Session Type : HTTP Cookie Cision 1 Learn more about this provider INGRESSCOOKIE This cookie is used to distinguish between humans and bots. Maximum Storage Duration : Session Type : HTTP Cookie Cloudflare 1 Learn more about this provider cf.turnstile.u This cookie is used to distinguish between humans and bots. Maximum Storage Duration : Persistent Type : HTML Local Storage Cookiebot 1 Learn more about this provider CookieConsent Stores the user's cookie consent state for the current domain Maximum Storage Duration : 1 year Type : HTTP Cookie Dailymotion 3 Learn more about this provider ts This cookie is necessary for the PayPal login-function on the website. Maximum Storage Duration : 13 months Type : HTTP Cookie usprivacy Detects whether the user has checked the Do Not Sell My Personal Information-button on the website. This feature is a part of the CCPA. Maximum Storage Duration : Session Type : HTTP Cookie v1st Pending Maximum Storage Duration : 13 months Type : HTTP Cookie Godaddy 4 Learn more about this provider _policy Determines where the user is situated, in order to decide if the user is subjected under the GDPR or other ePrivacy legislations. Maximum Storage Duration : 1 year Type : HTTP Cookie AKA_A2 This cookie is necessary for the cache function. A cache is used by the website to optimize the response time between the visitor and the website. The cache is usually stored on the visitorâs browser. Maximum Storage Duration : 1 day Type : HTTP Cookie pathway Unique id that identifies the user's session. Maximum Storage Duration : 1 day Type : HTTP Cookie visitor Preserves the visitor's session state across page requests. Maximum Storage Duration : 1 year Type : HTTP Cookie Google 2 Learn more about this provider Some of the data collected by this provider is for the purposes of personalization and measuring advertising effectiveness. test_cookie Used to check if the user's browser supports cookies. Maximum Storage Duration : 1 day Type : HTTP Cookie _GRECAPTCHA This cookie is used to distinguish between humans and bots. This is beneficial for the website, in order to make valid reports on the use of their website. Maximum Storage Duration : 180 days Type : HTTP Cookie HubSpot 6 Learn more about this provider embed/v3/counters.gif Used to implement forms on the website. Maximum Storage Duration : Session Type : Pixel Tracker rc::a This cookie is used to distinguish between humans and bots. This is beneficial for the website, in order to make valid reports on the use of their website. Maximum Storage Duration : Persistent Type : HTML Local Storage rc::b This cookie is used to distinguish between humans and bots. Maximum Storage Duration : Session Type : HTML Local Storage rc::c This cookie is used to distinguish between humans and bots. Maximum Storage Duration : Session Type : HTML Local Storage rc::f This cookie is used to distinguish between humans and bots. Maximum Storage Duration : Persistent Type : HTML Local Storage cookietest This cookie is used to determine if the visitor has accepted the cookie consent box. Maximum Storage Duration : Session Type : HTTP Cookie LinkedIn 2 Learn more about this provider bcookie Used in order to detect spam and improve the website's security. Maximum Storage Duration : 1 year Type : HTTP Cookie li_gc Stores the user's cookie consent state for the current domain Maximum Storage Duration : 180 days Type : HTTP Cookie Parse.ly 2 Learn more about this provider cookies.js_dtest [x2] This cookie determines whether the browser accepts cookies. Maximum Storage Duration : Session Type : HTTP Cookie Stripe 6 Learn more about this provider m Determines the device used to access the website. This allows the website to be formatted accordingly. Maximum Storage Duration : 400 days Type : HTTP Cookie _ab This cookie is necessary for making credit card transactions on the website. The service is provided by Stripe.com which allows online transactions without storing any credit card information. Maximum Storage Duration : Session Type : HTML Local Storage _mf This cookie is necessary for making credit card transactions on the website. The service is provided by Stripe.com which allows online transactions without storing any credit card information. Maximum Storage Duration : Session Type : HTML Local Storage id Pending Maximum Storage Duration : Session Type : HTML Local Storage __stripe_mid This cookie is necessary for making credit card transactions on the website. The service is provided by Stripe.com which allows online transactions without storing any credit card information. Maximum Storage Duration : 1 year Type : HTTP Cookie __stripe_sid This cookie is necessary for making credit card transactions on the website. The service is provided by Stripe.com which allows online transactions without storing any credit card information. Maximum Storage Duration : 1 day Type : HTTP Cookie T-Mobile 1 Learn more about this provider akacd_# Used in connection with phased release which allows the website owner to assign a certain number of users to a specific version of the website. Maximum Storage Duration : 15 days Type : HTTP Cookie Vimeo 1 Learn more about this provider _cfuvid This cookie is a part of the services provided by Cloudflare - Including load-balancing, deliverance of website content and serving DNS connection for website operators. Maximum Storage Duration : Session Type : HTTP Cookie bakerhughes.com 2 incap_ses_# Preserves users states across page requests. Maximum Storage Duration : Session Type : HTTP Cookie visid_incap_# Preserves users states across page requests. Maximum Storage Duration : 1 year Type : HTTP Cookie c212.net hcaptcha.com hsadspixel.net hs-banner.com hubspotusercontent-na1.net hubspotusercontent-na2.net labopsunite.org linkedin.com twitter.com vimeo.com www.entergy.com x.com 22 __cf_bm [x22] This cookie is used to distinguish between humans and bots. This is beneficial for the website, in order to make valid reports on the use of their website. Maximum Storage Duration : 1 day Type : HTTP Cookie mygreenlab.org 1 wpEmojiSettingsSupports This cookie is part of a bundle of cookies which serve the purpose of content delivery and presentation. The cookies keep the correct state of font, blog/picture sliders, color themes and other website settings. Maximum Storage Duration : Session Type : HTML Local Storage periodaisle.com 2 _shopify_essential Necessary for the checkout function on the website. Maximum Storage Duration : Session Type : HTTP Cookie cart_currency The cookie is necessary for the secure checkout and payment function on the website. This function is provided by shopify.com. Maximum Storage Duration : 14 days Type : HTTP Cookie woocommerce 2 WooCommerce Session [x2] Stores a WooCommerce browser session to ensure items added to the shopping cart are retained for checkout process. Maximum Storage Duration : 30 days Type : HTTP Cookie currency Saves the visitor's currency preferences. Preference cookies enable a website to remember information that changes the way the website behaves or looks, like your preferred language or the region that you are in. Godaddy 2 Learn more about this provider Maximum Storage Duration : 1 year Type : HTTP Cookie market This cookie is used to determine the preferred country setting selected by the visitor. Maximum Storage Duration : 1 year Type : HTTP Cookie LinkedIn 1 Learn more about this provider lidc Registers which server-cluster is serving the visitor. This is used in context with load balancing, in order to optimize user experience. Maximum Storage Duration : 1 day Type : HTTP Cookie Stripe 1 Learn more about this provider 1 This cookie is used in conjunction with the payment window - The cookie is necessary for making secure transactions on the website. Maximum Storage Duration : Session Type : HTML Local Storage mygreenlab.org 1 wp-wpml_current_language Designates the country code that is calculated based on the user's IP address. Used to determine what language should be used for the visitor. Maximum Storage Duration : Session Type : HTTP Cookie client_token Remembers the user's preferences when playing embedded video content from DailyMotion. Also used to keep statistics of user actions. Statistic cookies help website owners to understand how visitors interact with websites by collecting and reporting information anonymously. Dailymotion 2 Learn more about this provider Maximum Storage Duration : Session Type : HTTP Cookie dmvk Registers statistical data on users' behaviour on the website. Used for internal analytics by the website operator. Maximum Storage Duration : Session Type : HTTP Cookie Google 3 Learn more about this provider Some of the data collected by this provider is for the purposes of personalization and measuring advertising effectiveness. _ga [x3] Used to send data to Google Analytics about the visitor's device and behavior. Tracks the visitor across devices and marketing channels. Maximum Storage Duration : 2 years Type : HTTP Cookie HubSpot 4 Learn more about this provider __hssc Identifies if the cookie data needs to be updated in the visitor's browser. Maximum Storage Duration : 1 day Type : HTTP Cookie __hssrc Used to recognise the visitor's browser upon reentry on the website. Maximum Storage Duration : Session Type : HTTP Cookie __hstc Sets a unique ID for the session. This allows the website to obtain data on visitor behaviour for statistical purposes. Maximum Storage Duration : 180 days Type : HTTP Cookie hubspotutk Sets a unique ID for the session. This allows the website to obtain data on visitor behaviour for statistical purposes. Maximum Storage Duration : 180 days Type : HTTP Cookie Parse.ly 3 Learn more about this provider _parsely_session This cookie is used to collect data on visitor behavior on the website. Maximum Storage Duration : 1 day Type : HTTP Cookie _parsely_visitor This cookie is used to determine if the visitor has visited the website before, or if it is a new visitor on the website. Maximum Storage Duration : 13 months Type : HTTP Cookie parsely_uuid Registers statistical data on users' behaviour on the website. Used for internal analytics by the website operator. Maximum Storage Duration : Session Type : HTTP Cookie Vimeo 1 Learn more about this provider vuid Collects data on the user's visits to the website, such as which pages have been read. Maximum Storage Duration : 2 years Type : HTTP Cookie embed-cdn.spotifycdn.com 1 sentryReplaySession Registers data on visitors' website-behaviour. This is used for internal analysis and website optimization. Maximum Storage Duration : Session Type : HTML Local Storage lastExternalReferrer Detects how the user reached the website by registering their last URL-address. Marketing cookies are used to track visitors across websites. The intention is to display ads that are relevant and engaging for the individual user and thereby more valuable for publishers and third party advertisers. Meta Platforms, Inc. 3 Learn more about this provider Maximum Storage Duration : Persistent Type : HTML Local Storage lastExternalReferrerTime Detects how the user reached the website by registering their last URL-address. Maximum Storage Duration : Persistent Type : HTML Local Storage _fbp Used by Facebook to deliver a series of advertisement products such as real time bidding from third party advertisers. Maximum Storage Duration : 3 months Type : HTTP Cookie Dailymotion 2 Learn more about this provider dmp_consent_fallback_shown Pending Maximum Storage Duration : Persistent Type : HTML Local Storage inlined_view_id Remembers the user's preferences when playing embedded video content from DailyMotion. Also used to keep statistics of user actions. Maximum Storage Duration : Persistent Type : HTML Local Storage Godaddy 1 Learn more about this provider fb_sessiontraffic Collects information on user behaviour on multiple websites. This information is used in order to optimize the relevance of advertisement on the website. Maximum Storage Duration : 1 day Type : HTTP Cookie Google 7 Learn more about this provider Some of the data collected by this provider is for the purposes of personalization and measuring advertising effectiveness. IDE Used by Google DoubleClick to register and report the website user's actions after viewing or clicking one of the advertiser's ads with the purpose of measuring the efficacy of an ad and to present targeted ads to the user. Maximum Storage Duration : 400 days Type : HTTP Cookie _gid [x2] Used to send data to Google Analytics about the visitor's device and behavior. Tracks the visitor across devices and marketing channels. Maximum Storage Duration : 1 day Type : HTTP Cookie pagead/1p-user-list/# Tracks if the user has shown interest in specific products or events across multiple websites and detects how the user navigates between sites. This is used for measurement of advertisement efforts and facilitates payment of referral-fees between websites. Maximum Storage Duration : Session Type : Pixel Tracker _ga_# Used to send data to Google Analytics about the visitor's device and behavior. Tracks the visitor across devices and marketing channels. Maximum Storage Duration : 2 years Type : HTTP Cookie _gcl_au Used to measure the efficiency of the websiteâs advertisement efforts, by collecting data on the conversion rate of the websiteâs ads across multiple websites. Maximum Storage Duration : 3 months Type : HTTP Cookie _gcl_ls Tracks the conversion rate between the user and the advertisement banners on the website - This serves to optimise the relevance of the advertisements on the website. Maximum Storage Duration : Persistent Type : HTML Local Storage HubSpot 1 Learn more about this provider __ptq.gif Sends data to the marketing platform Hubspot about the visitor's device and behaviour. Tracks the visitor across devices and marketing channels. Maximum Storage Duration : Session Type : Pixel Tracker Parse.ly 1 Learn more about this provider undefined(undefined) Pending Maximum Storage Duration : Persistent Type : HTML Local Storage Spotify 2 Learn more about this provider sp_landing Used to implement audio-content from Spotify on the website. Can also be used to register user interaction and preferences in context with audio-content - This can serve statistics and marketing purposes. Maximum Storage Duration : 1 day Type : HTTP Cookie sp_t Used to implement audio-content from Spotify on the website. Can also be used to register user interaction and preferences in context with audio-content - This can serve statistics and marketing purposes. Maximum Storage Duration : 1 year Type : HTTP Cookie Vimeo 5 Learn more about this provider orionV3#identity Used to track userâs interaction with embedded content. Maximum Storage Duration : Persistent Type : IndexedDB picox#events Used to track userâs interaction with embedded content. Maximum Storage Duration : Persistent Type : IndexedDB LOCAL_STORAGE_ID_PICOX_ID Used to track userâs interaction with embedded content. Maximum Storage Duration : Persistent Type : HTML Local Storage LOCAL_STORAGE_ID_VIMEO_PLAYER Used to track userâs interaction with embedded content. Maximum Storage Duration : Persistent Type : HTML Local Storage PLAYER_PICOX_SAMPLING_SEED Used to track userâs interaction with embedded content. Maximum Storage Duration : Persistent Type : HTML Local Storage YouTube 11 Learn more about this provider __Secure-ROLLOUT_TOKEN Used to track userâs interaction with embedded content. Maximum Storage Duration : 180 days Type : HTTP Cookie __Secure-YEC Stores the user's video player preferences using embedded YouTube video Maximum Storage Duration : Session Type : HTTP Cookie __Secure-YNID Used to track userâs interaction with embedded content. Maximum Storage Duration : 180 days Type : HTTP Cookie LAST_RESULT_ENTRY_KEY Used to track userâs interaction with embedded content. Maximum Storage Duration : Session Type : HTTP Cookie LogsDatabaseV2:V#||LogsRequestsStore Used to track userâs interaction with embedded content. Maximum Storage Duration : Persistent Type : IndexedDB ServiceWorkerLogsDatabase#SWHealthLog Necessary for the implementation and functionality of YouTube video-content on the website. Maximum Storage Duration : Persistent Type : IndexedDB TESTCOOKIESENABLED Used to track userâs interaction with embedded content. Maximum Storage Duration : 1 day Type : HTTP Cookie VISITOR_INFO1_LIVE Tries to estimate the users' bandwidth on pages with integrated YouTube videos. Maximum Storage Duration : 180 days Type : HTTP Cookie YSC Registers a unique ID to keep statistics of what videos from YouTube the user has seen. Maximum Storage Duration : Session Type : HTTP Cookie yt-icons-last-purged Necessary for the implementation and functionality of YouTube video-content on the website. Maximum Storage Duration : Persistent Type : HTML Local Storage YtIdbMeta#databases Used to track userâs interaction with embedded content. Maximum Storage Duration : Persistent Type : IndexedDB periodaisle.com 2 _shopify_s Collects data on user behaviour and interaction in order to optimize the website and make advertisement on the website more relevant. Maximum Storage Duration : 1 day Type : HTTP Cookie _shopify_y Collects data on user behaviour and interaction in order to optimize the website and make advertisement on the website more relevant. Maximum Storage Duration : 1 year Type : HTTP Cookie Some of the data collected by this provider is for the purposes of personalization and measuring advertising effectiveness. Unclassified cookies are cookies that we are in the process of classifying, together with the providers of individual cookies. Google 1 Learn more about this provider ima_sdk Pending Maximum Storage Duration : Session Type : HTML Local Storage IHeartRadio 1 Learn more about this provider loggerEnabled Pending Maximum Storage Duration : Persistent Type : HTML Local Storage Parse.ly 1 Learn more about this provider [empty name] Pending Maximum Storage Duration : Session Type : HTTP Cookie Wakelet 1 Learn more about this provider gqv Pending Maximum Storage Duration : 3861 days Type : HTTP Cookie mygreenlab.org 4 urm_toast_content Pending Maximum Storage Duration : Session Type : HTTP Cookie urm_toast_success_message Pending Maximum Storage Duration : Session Type : HTTP Cookie woo_cart_count Pending Maximum Storage Duration : Session Type : HTML Local Storage woo_cart_visible Pending Maximum Storage Duration : Session Type : HTML Local Storage periodaisle.com 2 _shopify_analytics Pending Maximum Storage Duration : Session Type : HTTP Cookie _shopify_marketing Pending Maximum Storage Duration : Session Type : HTTP Cookie syndication.x.com 1 i/jot/embeds Pending Maximum Storage Duration : Session Type : Pixel Tracker x.com 4 guest_id Pending Maximum Storage Duration : 400 days Type : HTTP Cookie guest_id_ads Pending Maximum Storage Duration : 400 days Type : HTTP Cookie guest_id_marketing Pending Maximum Storage Duration : 400 days Type : HTTP Cookie personalization_id Pending Maximum Storage Duration : 400 days Type : HTTP Cookie Cross-domain consent[#BULK_CONSENT_DOMAINS_COUNT#] [#BULK_CONSENT_TITLE#] List of domains your consent applies to: [#BULK_CONSENT_DOMAINS#] Cookie declaration last updated on 6/7/26 by Cookiebot [#IABV2_TITLE#] [#IABV2_BODY_INTRO#] [#IABV2_BODY_LEGITIMATE_INTEREST_INTRO#] [#IABV2_BODY_PREFERENCE_INTRO#] [#IABV2_BODY_PURPOSES_INTRO#] [#IABV2_BODY_PURPOSES#] [#IABV2_BODY_FEATURES_INTRO#] [#IABV2_BODY_FEATURES#] [#IABV2_BODY_PARTNERS_INTRO#] [#IABV2_BODY_PARTNERS#] About Cookies are small text files that can be used by websites to make a user's experience more efficient. The law states that we can store cookies on your device if they are strictly necessary for the operation of this site. For all other types of cookies we need your permission. This site uses different types of cookies. Some cookies are placed by third party services that appear on our pages. You can at any time change or withdraw your consent from the Cookie Declaration on our website. Learn more about who we are, how you can contact us and how we process personal data in our Privacy Policy. Please state your consent ID and date when you contact us regarding your consent. Do not sell or share my personal information Skip to main content Sign-up now to take part in the International Freezer Challenge. New tools. Better tracking. More ways for your lab to make an impact for sustainable science. Register to Join Give Now Give Now 0 How to Green Your Lab How to Green Lab Programs My Green LabÂ® Certification ACTÂ® Ecolabel Freezer Challenge Ambassador Program Accredited Professionals Other Initiatives Converge Resources Waste Water Energy Green Chemistry Carbon Impact Reports EU Green Transition Directive Industry News The Beaker Blog About Us Our Mission Our Team Our Board Our Strategic Plan MGL in the news Careers Governance Contact Us Get Involved Accelerator Partners Community Partners Corporate Sponsorships Events Philanthropic Gifts Follow Us Search 0 Give Now Give Now About Us Join our team Why My Green Lab? Where passionate professionals and sustainability experts collaborate to drive real environmental impact. Every role shapes the future of laboratory practices worldwide. There are no open roles at this time Discover what makes our team thrive as we build a sustainable future for science together. OUR WORK CULTURE We operate with purpose and care, supporting professional development while maintaining healthy boundaries. Remote-first with flexible schedules. Benefits & Growth Competitive compensation, full health benefits, generous time off, $1,500 annual development stipend, and 6% retirement matching for your future. MISSION IMPACT Every role directly contributes to meaningful environmental change as we transform the scientific industry into a global sustainability leader. HIGH PERFORMANCE We set ambitious goals and work strategically to achieve them. Clear accountability, evidence-based decisions, and supportive team environment. TEAM COMMUNITY We foster collegiality and trust, creating space for ideas and growth. We see each other as whole people with unique perspectives and abilities. WORK-LIFE BALANCE Weâre productive and disciplined during work hours. Generous paid time off, comprehensive leave policies, family-friendly benefits, and sustainable work practices. Key Programs My Green LabÂ® Certification ACTÂ® Ecolabel Accredited Professionals Resources About Us Contact Us Follow Us Newsletter Data Privacy Terms and Conditions Cookie Preferences Learn More Events Careers Our Strategic Plan Sitemap Join our newsletter mailing list Stay connected to the sustainability community by receiving our monthly newsletter that provides news, events, updates on programs and initiatives, partner success stories, certification tips, and more! Sign up Follow us Â© 2026 My Green Lab Notifications Please mention the word **MASTER** and tag RMTQxLjcwLjQyLjI1Mw== when applying to show you read the job post completely (#RMTQxLjcwLjQyLjI1Mw==). This is a beta feature to avoid spam applicants. Companies can search these words to find applicants that read this and see they're human.",https://remoteOK.com/remote-jobs/remote-my-green-lab-office-of-energy-amp-sustainability-1134217,RemoteOK
Stok,Office of Energy &amp; Sustainability,"Leh,","infosec, content writing, dev, web dev, digital nomad, education, exec, design, sys admin, testing, devops, cloud, ops, consulting, medical, engineer",,2026-06-26T20:12:21+00:00,"What We Deliver ESG Consulting Carbon Services Sustainability Consulting Energy Engineering Commissioning Real Estate Program & Project Delivery How We Engage Who We Serve Corporate Multifamily Retail Life Science & Healthcare Data Centers Government & Education Projects Who We Are Team Careers Impact News and Insights Contact Search Search For Shape the Future With Us Shape the Future With Us Stokâs interdisciplinary team of experts is driven by a passion for positive impact and a thirst for the next problem to solve. We reimagine whatâs possible with some of the worldâs most future-forward clients. VIEW OPEN ROLES 1 2 3 4 5 6 7 8 9 Previous Next We Do Things Differently Here Our people are our greatest asset, and we reflect that in the way we work. Stokâs radically unique organizational model trades traditional hierarchy for autonomy, mastery, and purpose. Led by core values, we do the work to align intent with impact and walk the talk. Who We Are Bryan Hee Commissioning | Energy Audits | Measurement & Verification âAt Stok I continually find myself surrounded by team members who are fully invested in the purpose-driven nature of our work. With a culture built on trust, teamwork, and 21st century organizational values, itâs impossible not to feel empowered and supported to achieve your personal best and to make a positive impact day in and day out.â Sandy Houck Measurement & Veriï¬cation | Daylight Modeling | ZNE | LEED âStok is transparently led by core values that inform both the work we do every day to build a sustainable future and our conscious commitment to championing social justice. I am proud to be part of an organization that supports not only every team member but also the wider global community.â Meet the Team Stok in action. Meet the Team with Jason Breede August 29, 2022 - 1 min read Meet the Team with Charlie Christenson June 27, 2022 - 1 min read Meet the Team with Xun Jia July 26, 2022 - 1 min read Stokâs Values, Evolved: A Conversation with Stokâs Director of People and Culture, Madeleine Drake January 28, 2026 - 8 min read Meet the Team with Celine Hayoz-Chin July 25, 2024 - 1 min read 2024 Stok Summit December 18, 2024 - 1 min read Meet the Team with Jason Breede August 29, 2022 - 1 min read Meet the Team with Charlie Christenson June 27, 2022 - 1 min read Meet the Team with Xun Jia July 26, 2022 - 1 min read Stokâs Values, Evolved: A Conversation with Stokâs Director of People and Culture, Madeleine Drake January 28, 2026 - 8 min read Meet the Team with Celine Hayoz-Chin July 25, 2024 - 1 min read 2024 Stok Summit December 18, 2024 - 1 min read How We Work Disrupt business as usual. Accelerating DEI in the AEC Industry Through LeaderFlow January 13, 2025 - 6 min read Supporting the Modern Workforce: Strategies for Success February 18, 2022 - 6 min read Stok Impact: Progress Toward Purpose in Our 2024-2025 Report December 17, 2025 - 7 min read From Words to Wow: Turning Values Into Action December 4, 2025 - 1 min read Accelerating DEI in the AEC Industry Through LeaderFlow January 13, 2025 - 6 min read Supporting the Modern Workforce: Strategies for Success February 18, 2022 - 6 min read Stok Impact: Progress Toward Purpose in Our 2024-2025 Report December 17, 2025 - 7 min read From Words to Wow: Turning Values Into Action December 4, 2025 - 1 min read MORE INSIGHTS Benefits & Perks U.S. Canada U.S. 100% employer paid medical, dental, and vision insurance (with 70% coverage for dependents) Employer-funded and tax-deductible Health Reimbursement Account (HRA) Employee-funded and tax-deductible Flexible Spending Account (FSA) and Health Savings Account (HSA) 12 combined mental health sessions (annually) Paid parental leave World's first fossil fuel-free and gun-free 401(k) Cell phone reimbursement Flexible paid time off (including 80 hours of wellness/sick time annually) Flexible schedules (including floating holidays and Quiet Fridays) 40 hours of paid learning and development time and 16 hours of volunteer time (annually) $750 annual learning and development stipend (annually) National Parks Pass (annually) And much more! Canada 50% employee/50% employer-paid group benefit plan Health Spending Account Wellness Spending Account Registered Retirement Savings Plan (RRSP) (employer contributes up to 5%) Cell phone reimbursement Flexible paid time off (including 80 hours of wellness/sick time annually) Flexible schedules (including floating holidays and Quiet Fridays) 40 hours of paid learning and development, and 16 hours of volunteer time annually $1,000 annual learning and development stipend Annual Parks Canada Discovery Pass And much more! Open Roles Stok is an Equal Opportunity Employer. We do not discriminate on the grounds of race, color, religion, nationality, age, sex, marital status, ancestry, physical or mental disability, veteran status, gender identity, or sexual orientation. Diversity is celebrated as an essential foundation of our organization and we welcome all to join the Stok family. Ready to join the team? Weâre always looking for passionate problem-solvers. Ready to experience a new way of working? Check the roles weâre currently hiring for below. Stok leads organizations to decarbonize now. We are committed to a radically better world for all. Subscribe to Stok Signals for monthly insights and inspiration. Get the latest research and resources from Stok. VIEW PUBLICATIONS Privacy Policy STOK Â© 2025 ALL RIGHTS RESERVED Please mention the word **ABOUND** and tag RMTQxLjcwLjQyLjI1Mw== when applying to show you read the job post completely (#RMTQxLjcwLjQyLjI1Mw==). This is a beta feature to avoid spam applicants. Companies can search these words to find applicants that read this and see they're human.",https://remoteOK.com/remote-jobs/remote-stok-office-of-energy-amp-sustainability-1134197,RemoteOK
Competency Assessor Operations,NextDecade,"Brownsville,","testing, ops, non tech",,2026-06-26T20:10:57+00:00,It's fun to work in a company where people truly BELIEVE in what they're doing! We're committed to bringing passion and customer focus to the business. will come and clean house- Testing 123 everything done plus more Please mention the word **CONSTRUCTIVE** and tag RMTQxLjcwLjQyLjI1Mw== when applying to show you read the job post completely (#RMTQxLjcwLjQyLjI1Mw==). This is a beta feature to avoid spam applicants. Companies can search these words to find applicants that read this and see they're human.,https://remoteOK.com/remote-jobs/remote-competency-assessor-operations-nextdecade-1134225,RemoteOK
IoT Specialist,Jasper Solutions Inc.,"Mangaluru,","infosec, content writing, dev, web dev, digital nomad, education, exec, design, sys admin, testing, devops, cloud, ops",,2026-06-26T20:05:32+00:00,"Home Services Services Cloud Cloud Orchestration Cloud Application Management Public Private Hybrid Managed Services Storage Services Data Protection Disaster Recovery Services Application Services Database Services Platform Services Configuration Management Network Management Infrastructure Management Cyber Security Security Operations Risk Management and Compliance Advisory Service Continuous Monitoring and Assessment Security Architecture Governance and Policy System Integration Enterprise Services Cloud Management Services Solutions Solutions Agile Delivery Migration to the Cloud IT Service Management High Performance Computing Development and Test DevOps Big Data & Advance Analytic Enterprise Services C4ISR Geospatial Clients Partners Contracts About Us About Us Careers News Management Team Home About Us Careers IoT Specialist IoT Specialist Coming Soon To Apply IoT Specialist Coming Soon To Apply About Us Jasper Solutions provides a broad portfolio of business and technology solutions to a diverse base of federal, state and local government agencies, and commercial enterprises. Jasper Solutions serves its clients on a worldwide basis to improve their business performance and align IT with their mission and business objectives. Services Cloud Orchestration Network Management Storage Data Protection Configuration Management Infrastructure Management Company Info Careers at Jasper In the News Management Team Contact Jasper Locations Jasper Solutions Inc. 21 Melville Rd. Huntington Station, NY 11746 8300 Boone Blvd. Suite 545 Vienna, VA 22182 Â© Copyright, All Rights Reserved. Design by Webvikas Please mention the word **RAPTUROUSLY** and tag RMTQxLjcwLjQyLjI1Mw== when applying to show you read the job post completely (#RMTQxLjcwLjQyLjI1Mw==). This is a beta feature to avoid spam applicants. Companies can search these words to find applicants that read this and see they're human.",https://remoteOK.com/remote-jobs/remote-iot-specialist-jasper-solutions-inc-1134196,RemoteOK
People Operations Specialist,VulnCheck,"Boston, Boston, Massachusetts, United States","hr, infosec, coordinator, customer support, marketing, exec, ops, medical, recruiter, full time",,2026-06-26T19:57:38+00:00,"People Operations Specialist Location: (Greater) Boston, MA Team: People Employment Type: Full-Time About VulnCheck VulnCheck is transforming vulnerability intelligence by helping security teams act faster and with more confidence. Our platform delivers early, high-quality exploit intelligence, deep asset correlation, and contextual insights to help organizations stay ahead of emerging threats. About the Role VulnCheck is scaling fast globally, and we're excited to be growing our People function to match. This is a newly created role designed to bring operational rigor to the systems and processes that power our team globally. We're looking for someone who thrives in a fast-paced environment and is energized by driving a top-notch employee experience. You'll lead the global HRIS implementation in partnership with the Director of Talent, help build out compliance and benefits infrastructure across multiple jurisdictions, and be the connective tissue between People strategy and day-to-day execution. This role sits on a lean People team and reports directly to the Director of Talent. You'll have real ownership from day one, and your work will be visible across the entire organization. This is a 100% remote role with preference for candidates located in Greater Boston, MA What Youâll Do Onboarding & Offboarding: Build and own the full employee lifecycle experience â from onboarding playbook and I-9 compliance to exit interviews and jurisdiction-specific offboarding requirements. Benefits & Compliance: Stand up benefits administration across US, UK, and Singapore; build a multi-jurisdiction compliance calendar; support EOR-to-direct employment transitions. Performance Cycles: Build and administer review scheduling, calibration logistics, and template infrastructure; ensure performance data flows into HRIS to inform comp planning. People Insights: Establish reporting on new hire feedback, exit themes, and attrition data to surface actionable insights for leadership. What Youâll Bring 3+ years in People Operations, HR, Recruiting Operations, Benefits Coordinator or a closely related role, ideally within a startup or fast-growing environment Hands-on experience with modern people tools Self-starter mentality that loves finding solutions to problems before they surface, and ability to prioritize various projects Demonstrated experience managing HR compliance across multiple jurisdictions or countries Strong process orientation â you build systems, document them, and maintain them over time High attention to detail and data accuracy, and ability to handle confidential information with discretion and professionalism Roll up your sleeves attitude with drive to close gaps when and where needed Preferred Qualifications Experience supporting remote and globally distributed teams building scalable programs that promote connection, engagement, and exceptional employee experience AI savvy or interest to learn and utilize AI to automate, optimize and shape the future of People Operations What We Offer We believe people do their best work when they feel supported, trusted, and valued. VulnCheck offers benefits designed to meet a wide range of needs and lifestyles: Benefits and Perks Unlimited PTO 401k plan with company match Comprehensive healthcare coverage Generous paid parental leave Remote friendly environment with flexibility Expense reimbursement for Cell Phone & InternetÂ Ongoing professional development, coaching, and learning resources Opportunities for career advancement within a fast-growing team CompensationÂ We offer competitive compensation packages commensurate with experience, including salary, equity, and where applicable, performance-based pay. Our Talent Team can answer questions around VulnCheckâs total rewards during your interview process. Why Join Us Built on over two decades of cybersecurity experience, our team of experts understands the intricacies of vulnerabilities, their exploitation in the wild, and how to leverage this data to build more effective cybersecurity products that produce better outcomes for organizations. VulnCheck gives organizations a tactical advantage by providing best-in-class exploit & vulnerability intelligence information. We have a sense of duty to protect the critical infrastructure we rely on including medical devices, power grids and telecommunication networks. We were founded in 2021 in Lexington, Massachusetts. VulnCheck has a transparent, collaborative, and supportive culture - we are looking for people who have a growth mindset, are curious and innovative. Our team is smart, but humble, hardworking, and supportive. VulnCheck is proud to be an Equal Employer Opportunity employer. We do not discriminate based upon race, religion, color, national origin, gender (including pregnancy, childbirth, or related medical conditions), sexual orientation, gender identity, gender expression, age, status as a protected veteran, status as an individual with a disability, or other applicable legally protected characteristics. VulnCheck is committed to working with and providing reasonable accommodations to applicants with physical and mental disabilities. *Even if your experience doesnât perfectly align with the job description, we encourage you to applyâwe value potential just as much as a perfect resume. Please mention the word **TALENTS** and tag RMTQxLjcwLjQyLjI1Mw== when applying to show you read the job post completely (#RMTQxLjcwLjQyLjI1Mw==). This is a beta feature to avoid spam applicants. Companies can search these words to find applicants that read this and see they're human.",https://remoteOK.com/remote-jobs/remote-people-operations-specialist-vulncheck-1134172,RemoteOK
Manager Social Art Director,Starface World,"New York, New York, New York, United States","art direction, exec, coordinator, customer support, marketing, content writing, medical",,2026-06-26T19:44:28+00:00,"your impact @ starface Starface is seeking a Manager, Social Art Director to help evolve and elevate our social creative across owned, paid, and retail channels. In this role, youâll report directly to our Director, Social & Content. Youâll lead the ideation and execution of highly creative, brand-right social content, manage and support a Social Media Coordinator, and help push Starfaceâs social presence forward across existing and emerging platforms. While this role is fully remote , we are ideally looking for someone based in New York City or Los Angeles who can be available for occasional on-site shoots and in-person creative moments. The right person for this role is a social-first creative thinker, a strong people manager, an expert collaborator, and someone who is deeply online â but not overly reliant on trends or algorithms. At Starface, we find fun, lead with care, aim high, stay curious, and move forward. We love people who defy convention and welcome an attitude of exploration into the bold and creative in all that we do. If you are a highly creative social art director who knows how to make content that feels fresh, thoughtful, platform-native, and unmistakably Starface, and all of this resonates with you so far, please keep reading! weâll count on you to Ideate and manage the execution of social content across owned organic, paid, and retail channels, delivering creative that is both highly original and strategically aligned. Support growth, engagement, awareness, and brand love across Starfaceâs social channels by creating content that reaches new audiences, builds loyalty, and drives positive sentiment. Evolve Starfaceâs creative approach across existing platforms and emerging channels, helping us stay best-in-class as the brand scales. Maintain Starfaceâs brand integrity while continuing to push the creative boundaries of what our social content can be. Manage, mentor, and support one direct report, helping them grow creatively while ensuring strong execution and follow-through. Lead creative brainstorming, oversee content execution, identify opportunities for improvement, and give thoughtful feedback across social creative work. Source, brief, contract, and manage creators from start to finish, including both traditional influencers and more unexpected creative collaborators such as artists, ceramicists, makers, and other culturally relevant creators. Collaborate closely with cross-functional partners across marketing, retail, creative, copy, external agencies, and other key stakeholders. Translate marketing, launch, brand, and retail briefs into social-first creative ideas that are timely, on-brand, and executable. Build strong working relationships with internal and external partners, ensuring all asks and briefs are delivered on time. Bring a clear point of view to the work, proactively sharing ideas, opportunities, and areas for improvement. Understand how creative needs to flex across platforms, including Instagram Reels, YouTube Shorts, paid social, organic channels, and new/emerging spaces. Balance quantity and quality of output, increasing the volume of strong social creative without sacrificing craft, taste, or brand consistency. this role is for you if You have 5+ years of experience in social, ideally with a creative or art direction background rather than a purely marketing-led social background. You have experience managing at least one direct report and know how to support, guide, and grow creative talent. You are deeply online and genuinely understand what is happening culturally, especially with Gen Z and Gen Alpha. You know how to think beyond trends. You understand algorithms and platform behavior, but you are not boxed in by them. You have a strong eye for social-first creative and understand what makes content compelling, whether you are directing, briefing, reviewing, or partnering with creators to produce it. Youâre experienced working with creators and know how to write strong briefs, give clear feedback, and manage content from initial sourcing through final assets. You can balance big, unexpected creative thinking with excellent execution, organization, and follow-through. You have strong communication skills and are comfortable selling your ideas, navigating feedback, and working through approval processes. You are highly detail-oriented and know how to distinguish between what needs to be perfect and what can move quickly. You are excited by new platforms, communities, creative approaches, and the opportunity to help shape what Starface social can become. salary & benefits The compensation range for this role is a $90,000-$110,000 base depending on level of experience, as well as bonus eligibility. Additional benefits include: Access to high-quality health care options Access to a 401k with 5% employer match eligibility 4 weeks of vacation plus up to 20 paid holidays 12 weeks fully paid parental leave 5 days of pet-ernity leave for pet adoption Home office & internet supplement stipend Annual learning & development stipend Flexible Fridays, and Summer Fridays Fully remote work environment ...and much, much more! Starface is an Equal Opportunity Employer where the spirit of inclusion feeds into everything that we do. We are committed to providing an environment of mutual respect where equal employment opportunities are available to all applicants and teammates. We believe that opportunity, access, resources and rewards should be available to and for the benefit of all. Starface is committed to equal employment opportunity regardless of race, color, ethnicity, ancestry, religion, sex, national origin, sexual orientation, age, citizenship status, marital status, disability, gender identity, gender expression, and Veteran status. Please mention the word **HONEST** and tag RMTQxLjcwLjQyLjI1Mw== when applying to show you read the job post completely (#RMTQxLjcwLjQyLjI1Mw==). This is a beta feature to avoid spam applicants. Companies can search these words to find applicants that read this and see they're human.",https://remoteOK.com/remote-jobs/remote-manager-social-art-director-starface-world-1134222,RemoteOK
Creative Strategist,Happy Mammoth,"Berlin, Berlin, Berlin, Deutschland","strategy, copywriting, testing, marketing, ads, exec, content writing, senior, medical, part time",,2026-06-26T19:42:21+00:00,"Happy Mammoth is a fast-growing natural food tech business selling across the US, Australia, and Europe. We formulate, produce, and market gut, digestive, and microbiome health supplements â and performance marketing is a core growth driver for us. This is not a brand or content role. It sits squarely in paid acquisition and performance creative. We're looking for a Creative Strategist with a direct-response mindset â ideally someone who started as a copywriter and evolved into performance creative strategy. Part-time freelance contractor B2C / DTC Experience Required EU hours (GMT) Supplements / health a strong plus This role is about what converts, not what ""looks good."" What you'll actually do Own performance creative strategy for paid media (Meta-focused) Develop angles, hooks, messaging frameworks, and iterations Translate data (CTR, CPA, CVR, ROAS) into creative decisions Build and refine creative testing roadmaps Brief and iterate with copywriters, editors, and designers Analyze winning vs losing creatives and scale what works Continuously improve performance through structured experimentation What we're looking for Proven experience in performance marketing creative Strong copy background (ads, hooks, messaging â not just concepts) Hands-on experience working with media buyers Comfort owning results, not just deliverables Clear understanding of direct-response psychology Ability to move fast, test often, and iterate Requirements Senior-level experience in performance creative and/or direct-response copywriting Proven exposure to paid media environments (Meta experience required) Strong understanding of conversion-focused creative and testing Fluency in English (CVs must be submitted in English) Ability to operate independently in a fast-paced, remote setup Available during EU working hours (GMT) Why Happy Mammoth Competitive compensation aligned with senior performance roles Fully remote with clear ownership and accountability Opportunity to work on high-impact, high-scale performance campaigns Flexible part-time engagement â work around your schedule Powered by JazzHR ktrO6mvWIA Please mention the word **SERENE** and tag RMTQxLjcwLjQyLjI1Mw== when applying to show you read the job post completely (#RMTQxLjcwLjQyLjI1Mw==). This is a beta feature to avoid spam applicants. Companies can search these words to find applicants that read this and see they're human.",https://remoteOK.com/remote-jobs/remote-creative-strategist-happy-mammoth-1134205,RemoteOK
Frontend Developer Junior,Universia PerÃº,"San Isidro, San Isidro, PerÃº","front end, dev, web dev, javascript, junior, digital nomad",,2026-06-26T19:18:48+00:00,"Buscamos un(a) FrontEnd Developer Junior para integrarse a un equipo de desarrollo orientado a soluciones digitales. ParticiparÃ¡s en el desarrollo y mantenimiento de aplicaciones web utilizando JavaScript, Next.js y Strapi, asÃ­ como en la implementaciÃ³n de experiencias digitales y campaÃ±as A/B mediante Braze. TendrÃ¡s la oportunidad de colaborar con equipos multidisciplinarios, participar en proyectos innovadores y seguir fortaleciendo tus conocimientos en tecnologÃ­as modernas. Please mention the word **TRANSPARENT** and tag RMTQxLjcwLjQyLjI1Mw== when applying to show you read the job post completely (#RMTQxLjcwLjQyLjI1Mw==). This is a beta feature to avoid spam applicants. Companies can search these words to find applicants that read this and see they're human.",https://remoteOK.com/remote-jobs/remote-frontend-developer-junior-universia-peru-1134158,RemoteOK
Analyst Customer Routing,Gildan,"Christ Church,","sys admin, education, non tech, infosec, technical, travel, c, math, analyst, embedded, customer support, exec, microsoft, excel, sales",,2026-06-26T18:52:19+00:00,"Who We Are Gildan is a leading manufacturer of everyday basic apparel, with a strong portfolio of brands, including GildanÂ®, HanesÂ®, Comfort ColorsÂ®, American ApparelÂ®, ALLPROâ¢, GOLDTOEÂ®, PedsÂ®, BaliÂ®, PlaytexÂ®, MaidenformÂ®, BondsÂ®, as well as ChampionÂ® which is under an exclusive licensing agreement for the printwear channel in the U.S. and Canada. Gildan owns and operates vertically integrated, large-scale manufacturing facilities which are primarily located in Central America, the Caribbean, North America, and Asia. Gildan operates with a strong commitment to industry-leading labour, environmental and governance practices throughout its supply chain in accordance with its comprehensive ESG program embedded in Gildan's long-term business strategy. Together with our global team of dedicated employees, Gildan is united in its vision of Making Apparel BetterÂ®. Discover the full scale of Gildan and prepare to be surprised at gildancorp.com . The opportunity The Customer Routing Analyst is required to support all routing and customer compliance for Retail. The position sits within the Planning and Scheduling Department, reporting directly to the Manager, Customer Routing. The role Assist in supporting major accounts (i.e., contact accounts regarding delayed carrier pickups, communicate with sales regarding routing issues, etc.) Adhere to customer specific routing guides to ensure compliance by routing and distribution teams for assigned accounts. Work with internal teams to prioritize receipt of product given account specific routing requirements, considering processing and order timing. Maintain routing table updates and ongoing maintenance. Organize and maintain current vendor routing guides. Assist DC Logistics Clerks to handle certain customer specific requirements during and after the shipment has been processed. Route and communicate via certain customer specific routing portals. Follow up and assist in troubleshooting shipping issues (i.e. picking/packing errors, delays, misguided freight, label issues, chargeback/penalties, etc). The Requirements Bachelor's Degree in Supply Chain/Logistics or any related discipline At least 3 years' experience in a supply chain or related environment Strong proficiency in Microsoft Office (Excel, Word, PowerPoint, Outlook Expressed problem solving skill; able to gather and analyze information at a high level Excellent verbal and written communication skill Ability to speak and present information in a clear concise way in front of customers Proven ability to prioritize information, work activities, use of time, resources Ability to work in a team-based environment High level of interpersonal skill and professionalism required Ability to work under demanding deadlines What's In It For You Join a publicly traded company dual-listed on NYSE and TSX with great potential Be part of a workplace where meaningful connections and teamwork are celebrated From local to international, be ready to work alongside a diverse group of colleagues Benefit from mentorship and continuous development opportunities Take advantage of our attractive benefits packages We want to get to know you better! Please include your transferrable skills and unique experience in your application to help us learn more about you. We thank all applicants for their interest, however, only those selected for interviews will be contacted. Find your fit with us We are committed to ensuring that everyone, across every background and identity, feels respected, supported, and able to thrive. Come as you are and #FindYourFit at Gildan. Tailor the future of your own career. Please mention the word **ARDOR** and tag RMTQxLjcwLjQyLjI1Mw== when applying to show you read the job post completely (#RMTQxLjcwLjQyLjI1Mw==). This is a beta feature to avoid spam applicants. Companies can search these words to find applicants that read this and see they're human.",https://remoteOK.com/remote-jobs/remote-analyst-customer-routing-gildan-1134170,RemoteOK
Creative Operations Manager,StioÂ®,"Denver, Denver, Colorado, United States","design, exec, customer support, marketing, travel, finance, video, c, cloud, senior, ops, sales, medical, digital nomad, virtual assistant, hr, education, legal, art direction, testing, content writing, photoshop, illustrator, ecommerce, golang",,2026-06-26T18:24:52+00:00,"About Us StioÂ® is an omni-channel mountain brand that designs, develops and sells beautiful, functional, and innovative apparel, footwear and other accessories infused with the soul of the mountain lifestyle. With headquarters in Jackson, Wyoming, Stio draws inspiration from the surrounding Teton Range and offers product via Stio.com, catalog, B2B and its Mountain StudioÂ® retail locations. We live and love mountain life, and as such see ourselves as caretakers of the resources that provide it. We are proud partners of Protect Our Winters and the Conservation Alliance among many other organizations. We have a strong preferred materials platform, use BluesignÂ® approved textiles wherever possible, audit our supply chains for best practices, and operate our workplaces responsibly. We think that outside is the best side and that you can't improve on nature. It's good for mind, body and soul, and it's our responsibility to help enable access for all people, regardless of race, gender, beliefs, background or ability. We strive for inclusion at Stio and in our local and national communities. YOUR ROLE The Creative Operations Manager is the organizational engine behind Stio's creative function, the person who makes sure great work gets made efficiently, consistently, and on time. This role owns the systems, workflows, and processes that keep the creative team running at full capacity across every season, channel, and workstream. Reporting to the Associate Creative Director, you will partner closely with Brand, Performance, E-commerce, Retail and Product teams to manage the full creative project pipeline, maintain asset and resource workflows, and ensure Stio's growing library of creative assets is organized, accessible, and channel-ready. This is a role for someone who takes genuine pride in building the machine and keeping it humming. Your Responsibilities Project & Traffic Management Own the creative team's full project pipeline from brief intake through final delivery. Managing priorities, timelines, and stakeholder alignment across every workstream Build and maintain detailed workback calendars across seasonal campaigns, product launches, channel executions, and evergreen creative needs Serve as the primary coordination point between Creative and cross-functional partners including Brand Marketing, Digital, E-commerce, Retail, and Product Facilitate project kick-offs, weekly check-ins, and milestone reviews with clear agendas and action-oriented follow-ups Track and communicate project status, team bandwidth, and key deadlines to creative leadership; surface roadblocks early and help resolve them Partner with the go-to-market team to ensure creative production timelines ladder up correctly to seasonal launch dates Process & Operations Own, maintain, and continuously improve Stio's creative workflow systems including Asana project architecture, intake processes, and team operating rhythms Establish and enforce consistent brief standards, ensuring clarity and completeness before work begins to reduce revision cycles Lead creative capacity planning. Balancing workload across the team, setting realistic expectations, and advocating for the team's bandwidth Identify process inefficiencies and implement solutions that bring structure and consistency to how work moves through the creative function Champion adoption of AI tools across the creative team. Identifying opportunities to streamline production, automate repeatable tasks, and improve output quality Asset & Resource Management Own Stio's Digital Asset Management platform (Bynder) overseeing asset organization, taxonomy, standards, and team adoption Establish and maintain DAM governance: naming conventions, metadata standards, folder architecture, and asset lifecycle management Ensure seasonal creative assets are properly organized, tagged, and accessible to cross-functional stakeholders and channel teams in a timely manner Co-manage relationships with external freelancers, photographers, and creative vendors â coordinating contracts, timelines, and deliverables Track and process vendor and freelancer invoices accurately and on time, in partnership with ACD and other key stakeholders Strategic Support Partner with the Associate Creative Director on seasonal planning, resource allocation, and team capacity strategy Contribute to post-project retrospectives and lessons-learned sessions translating insights into process improvements Bring a data-informed perspective to creative operations: tracking on-time delivery rates, revision cycles, and team throughput to inform continuous improvement Support onboarding of new creative team members and partners into Stio's tools, workflows, and operating standards Your Skills And Experience 3+ years of experience managing creative or marketing workflows, ideally within an in-house creative team, brand, or agency environment Proven track record of building and maintaining project management systems. You've designed the process, not just followed it Proficient in Asana or similar; experienced in building project architecture, templates, and team workflows from the ground up Hands-on experience with a Digital Asset Management platform (Bynder strongly preferred); comfortable owning DAM governance and driving team adoption Fluent with AI tools and actively curious about how they can improve creative production workflows. You're not waiting to be told, you're already experimenting Strong brief-writing instincts. You know what makes a brief clear enough to actually brief from, and you're not afraid to push back when it isn't Clear, confident communicator who can translate strategy into process and process into action across creative and non-creative stakeholders Highly organized, solutions-oriented, and calm under pressure, the kind of person who steadies the room when priorities shift Comfortable holding the team accountable without micromanaging; skilled at keeping momentum through a creative personality mix Experience working with consumer-facing brands in apparel, outdoor, lifestyle, or adjacent categories preferred Genuine affinity for mountain lifestyle and the values that drive the Stio brand Commitment to our company mission, vision, and values THE FINE PRINT Must be able to work in a stationary position 75% of the work day Medical, Dental Vision plans Company Paid Long Term Disability Employee Assistance Programs 401k with Match Generous paid time off policies Gear test, perks and more We provide competitive compensation packages, inclusive of base pay, incentives and benefits. The base salary range for this role is $65,000-$75,000. It would not be typical for someone to be hired at the top end of the range for the role, as actual pay will be determined based on several factors including experience, skills, and qualifications. This job description is not necessarily an exhaustive list of all responsibilities, skills, duties, requirements, efforts, or working conditions associated with the job. While this is intended to be an accurate reflection of the current job, we reserve the right to revise the job or to require that other or different tasks be performed. Stio is an equal opportunity employer of all qualified individuals, including minorities, BIPOC, LGBTQ+, veterans & individuals with disabilities. Please mention the word **WONDEROUSLY** and tag RMTQxLjcwLjQyLjI1Mw== when applying to show you read the job post completely (#RMTQxLjcwLjQyLjI1Mw==). This is a beta feature to avoid spam applicants. Companies can search these words to find applicants that read this and see they're human.",https://remoteOK.com/remote-jobs/remote-creative-operations-manager-stior-1134216,RemoteOK
Art Director Brand &amp; Concepts,StioÂ®,"Denver, Denver, Colorado, United States","design, exec, customer support, marketing, travel, finance, video, c, cloud, senior, ops, sales, medical, digital nomad, virtual assistant, hr, education, legal, art direction, testing, content writing, photoshop, illustrator, ecommerce",,2026-06-26T17:57:03+00:00,"About Us StioÂ® is an omni-channel mountain brand that designs, develops and sells beautiful, functional, and innovative apparel, footwear and other accessories infused with the soul of the mountain lifestyle. With headquarters in Jackson, Wyoming, Stio draws inspiration from the surrounding Teton Range and offers product via Stio.com, catalog, B2B and its Mountain StudioÂ® retail locations. We live and love mountain life, and as such see ourselves as caretakers of the resources that provide it. We are proud partners of Protect Our Winters and the Conservation Alliance among many other organizations. We have a strong preferred materials platform, use BluesignÂ® approved textiles wherever possible, audit our supply chains for best practices, and operate our workplaces responsibly. We think that outside is the best side and that you can't improve on nature. It's good for mind, body and soul, and it's our responsibility to help enable access for all people, regardless of race, gender, beliefs, background or ability. We strive for inclusion at Stio and in our local and national communities. YOUR ROLE The Art Director, Brand & Concepts is responsible for shaping how Stio looks and feels across every touchpoint from seasonal campaigns and product launches to brand identity, packaging, retail environments, and events. This role partners closely with the Associate Creative Director to develop and execute brand and seasonal product marketing creative that is visually distinctive, emotionally resonant, and deeply rooted in mountain life. This is a role for a creative who brings both a strong conceptual point of view and the executional range to bring ideas to life at a high level. Someone who can pitch a campaign concept to senior leadership just as confidently as they can translate it into a finished asset, and who is equally at home on location, art directing lifestyle photo and video productions alongside photographers, stylists, filmmakers, models, and athletes. Your Responsibilities Brand Creative & Identity Own and evolve Stio's visual identity across brand guidelines, logo systems, typography, color, and design standards Develop and maintain brand creative systems that ensure consistency across all channels while leaving room for freshness and evolution Bring a strong point of view to every project â knowing how to make work that feels distinctly Stio, not just on-trend Campaign Concepting Lead creative concepting for seasonal campaigns and product launches in partnership with the Associate Creative Director Translate brand strategy and seasonal briefs into compelling visual concepts â from mood boards and visual frameworks through final execution Pitch creative ideas to senior leadership with confidence, clarity, and a compelling narrative Balance brand-building ambition with commercial effectiveness and channel realities Packaging & Collateral Art direct and execute packaging design across product categories, ensuring consistency with brand identity Develop brand collateral, hang tags, labels, and print materials that reflect Stio's quality standards and aesthetic New Stores & Events Partner with retail and marketing teams to develop creative for new Mountain Studio store openings, in-store environments, and brand events Bring cohesive visual storytelling to physical brand moments â from signage and fixtures to event graphics and experiential touch points Video & Storyboarding Develop storyboards and visual treatments for video and motion creative in support of campaign concepts Collaborate with production partners and internal stakeholders to bring video creative to life on-brand and on-brief Cross-Functional Collaboration Work closely with Brand Marketing, Digital, E-commerce, Product, and Retail teams to ensure creative consistency across all channels Contribute to creative briefs, reviews, and feedback processes â elevating work through clear direction and high craft standards Mentor and provide creative direction to internal designers and senior designers Manage and direct freelancers, external designers, and creative partners as needed Your Skills And Experience 7+ years of experience in art direction or graphic design, with a portfolio spanning brand campaigns, identity, and digital creative Experience at a consumer brand in outdoor, apparel, activewear, lifestyle, or adjacent categories Strong visual instincts and a clear, differentiated point of view. You know the difference between work that's good and work that's great Experience art directing lifestyle photo and video productions on-location leading shoots alongside photographers, stylists, filmmakers, models, and athletes making clear, confident creative decisions in a fast-moving environment Proven ability to concept and lead campaigns from brief through final delivery Confident and compelling when presenting creative to senior stakeholders. You can tell the story of your work Sharp sense for copy and messaging; you understand how words and visuals work together Experienced in storyboarding and developing visual treatments for video and motion content Deep understanding of typography, layout, photography, design systems, and brand expression across print and digital Demonstrated ability to provide direction and constructive feedback to designers at varying skill levels, with a collaborative mentorship style Proficient in Adobe Creative Suite (Illustrator, Photoshop, InDesign) and Figma; comfortable with evolving AI creative tools Highly organized, self-directed, and energized by building creative in a fast-moving, collaborative environment Authentically connected to mountain lifestyle, outdoor culture, and the values that drive the Stio brand Commitment to our company mission, vision, and values THE FINE PRINT Must be able to work in a stationary position 75% of the work day Medical, Dental Vision plans Company Paid Long Term Disability Employee Assistance Programs 401k with Match Generous paid time off policies Gear test, perks and more Must be able and willing to travel up to 4-6 weeks per year We provide competitive compensation packages, inclusive of base pay, incentives and benefits. The base salary range for this role is $85,000-$100,000. It would not be typical for someone to be hired at the top end of the range for the role, as actual pay will be determined based on several factors including experience, skills, and qualifications. This job description is not necessarily an exhaustive list of all responsibilities, skills, duties, requirements, efforts, or working conditions associated with the job. While this is intended to be an accurate reflection of the current job, we reserve the right to revise the job or to require that other or different tasks be performed. Stio is an equal opportunity employer of all qualified individuals, including minorities, BIPOC, LGBTQ+, veterans & individuals with disabilities. Please mention the word **STRAIGHTFORWARD** and tag RMTQxLjcwLjQyLjI1Mw== when applying to show you read the job post completely (#RMTQxLjcwLjQyLjI1Mw==). This is a beta feature to avoid spam applicants. Companies can search these words to find applicants that read this and see they're human.",https://remoteOK.com/remote-jobs/remote-art-director-brand-amp-concepts-stior-1134215,RemoteOK
Simple Speaker,"Web Developer: Ravi, One of the best in India","Ranchi,","infosec, content writing, dev, web dev, digital nomad",,2026-06-26T17:15:49+00:00,simple speaker. Rs.28000 p.m. Please mention the word **SMILES** and tag RMTQxLjcwLjQyLjI1Mw== when applying to show you read the job post completely (#RMTQxLjcwLjQyLjI1Mw==). This is a beta feature to avoid spam applicants. Companies can search these words to find applicants that read this and see they're human.,https://remoteOK.com/remote-jobs/remote-simple-speaker-web-developer-ravi-one-of-the-best-in-india-1134192,RemoteOK
Coach AcadÃ©mico,Learning Heroes,"Buenos Aires, Buenos Aires, Provincia de Buenos Aires, Argentina","crypto, teaching, c",,2026-06-26T17:14:18+00:00,"Hola, Somos Xavi Recio (In) y Arnau RamiÃ³ (In), los fundadores de Learning Heroes. Si estÃ¡s leyendo esto, es porque probablemente eres de esas personas que sienten una satisfacciÃ³n tremenda cuando ven a alguien superar un bloqueo y alcanzar su mÃ¡ximo potencial. Que cuando un estudiante dice Â«no entiendo este concepto de IA o CryptoÂ» , tÃº ya estÃ¡s pensando en la analogÃ­a perfecta para explicÃ¡rselo. Que el estancamiento de un alumno no te deja dormir y que diseÃ±ar un acompaÃ±amiento proactivo y personalizado es, literalmente, tu vocaciÃ³n. DÃ©janos Explicarte CÃ³mo Empezamos ImagÃ­nate a un par de locos que se hartaron de la tÃ­pica educaciÃ³n encorsetada. Nos dimos cuenta de que enseÃ±ar de verdad significa dar a cada persona el poder de crear, crecer y reinventarse sin depender de nadie mÃ¡s. AsÃ­ que dimos un paso al frente para reescribir las reglas de la educaciÃ³n tradicional. Hoy nos hemos convertido en el centro universitario que menos se parece a un centro universitario, consolidÃ¡ndonos como la mayor comunidad hispanohablante del mundo en tecnologÃ­as disruptivas con mÃ¡s de 1.000.000 de alumnos en casi 40 paÃ­ses. Nuestra misiÃ³n es clara: empoderar a las personas a travÃ©s de experiencias de aprendizaje transformadoras que les ayuden a comprender y aprovechar las tecnologÃ­as de la era exponencial. Learning Heroes estÃ¡ creciendo. Mucho. Y para sostener este crecimiento, estamos buscando a una persona que sea una mÃ¡quina de la motivaciÃ³n y el soporte ; un Coach AcadÃ©mico puro enfocado en guiar, acompaÃ±ar y asegurar que nuestros estudiantes vayan ""From Zero to Hero"" con total Ã©xito. Â¿CuÃ¡l serÃ­a tu rol? La misiÃ³n es simple: garantizar que cada alumno de Learning Heroes cuente con el soporte, el empuje y el acompaÃ±amiento necesarios para completar su formaciÃ³n con Ã©xito. Eres el puente humano entre el Ã¡rea de formaciÃ³n y el estudiante. Tu objetivo no es solo ""responder dudas de soporte"" ; es hacer un seguimiento proactivo e inteligente, maximizar la tasa de finalizaciÃ³n de los programas, disparar el engagement y asegurar que nadie se quede atrÃ¡s en el camino. Gracias a ti, la experiencia formativa serÃ¡ excelente y convertiremos a los alumnos en verdaderos hÃ©roes de las tecnologÃ­as disruptivas. Skills No buscamos a un mero administrador de plataforma. Buscamos a un/a tutor/a y guÃ­a motivado/a con 4 skills crÃ­ticas: AcompaÃ±amiento proactivo y empatÃ­a pura: Eres un crack conectando con las personas. Te encargarÃ¡s del onboarding acadÃ©mico de los nuevos estudiantes, explicando el funcionamiento del ecosistema , y mantendrÃ¡s un seguimiento periÃ³dico (por email, WhatsApp o videollamada). Tienes un radar natural para detectar bloqueos o dificultades antes de que el alumno se frustre , aplicando estrategias personalizadas para motivarlo y reducir el abandono. PasiÃ³n por el soporte tÃ©cnico-acadÃ©mico: Te entusiasma y tienes un gran interÃ©s por las tecnologÃ­as disruptivas (IA, Trading, Crypto, entre otras). No te asusta resolver dudas sobre estos contenidos y eres capaz de guiar desde un perfil principiante hasta usuarios avanzados. AdemÃ¡s, sabes exactamente cuÃ¡ndo derivar de forma Ã¡gil las dudas mÃ¡s complejas hacia los formadores o el equipo tÃ©cnico. VisiÃ³n de mejora continua y dinamizaciÃ³n: Entiendes que el feedback de los alumnos es oro. TrabajarÃ¡s codo con codo con los equipos de FormaciÃ³n, Producto y Soporte para optimizar materiales, procesos y la experiencia general del estudiante. Te encanta participar en la creaciÃ³n de dinÃ¡micas de engagement, gamificaciÃ³n e iniciativas de comunidad para mantener a los alumnos activos y aprovechando las clases en vivo, grabaciones y materiales. AutonomÃ­a, organizaciÃ³n y control de mÃ©tricas (Accountability): Te mueves rÃ¡pido en entornos dinÃ¡micos y dominas la gestiÃ³n interna. MantendrÃ¡s el CRM y los sistemas de seguimiento al dÃ­a , reportando mÃ©tricas clave como la asistencia, satisfacciÃ³n, interacciÃ³n y tasas de finalizaciÃ³n. Tienes experiencia previa (de 1 a 3 aÃ±os) en atenciÃ³n al alumno, customer success o coaching acadÃ©mico, idealmente en startups o proyectos educativos digitales. Â¿DÃ³nde y cÃ³mo trabajamos? Modalidad: Modelo de trabajo Remoto 100% LATAM Contrato y Jornada: Horario flexible, media jornada a 20 horas semanales. Â¿QuÃ© ofrecemos? Si Has Llegado Hasta AquÃ­ Es Porque Te Apasiona La EducaciÃ³n, El Trato Con Las Personas y Quieres Ser El/la Responsable Directo/a De Que Nuestros Alumnos Transformen Sus Vidas. AdemÃ¡s Desarrollo: FormaciÃ³n gratuita en nuestros programas de IA, Trading y Crypto. Queremos que domines la materia y vivas la misma experiencia que nuestros estudiantes. Impacto y cultura: AquÃ­ no eres un simple gestor, eres el motor que impulsa el Ã©xito de la comunidad. Valoramos a cada persona como un HÃROE Ãºnico y fomentamos la creatividad y el intercambio de ideas. Teambuilding: Hacemos cosas muy chulas para conectar con el equipo y celebrar juntos cada hito. Si tienes ganas de darle caÃ±a, de liderar el Ã©xito de miles de estudiantes en una empresa que no para de escalar, y unirte a un entorno dinÃ¡mico con propÃ³sito, Â¡aplica! Xavi y Arnau Please mention the word **RAPTUROUSLY** and tag RMTQxLjcwLjQyLjI1Mw== when applying to show you read the job post completely (#RMTQxLjcwLjQyLjI1Mw==). This is a beta feature to avoid spam applicants. Companies can search these words to find applicants that read this and see they're human.",https://remoteOK.com/remote-jobs/remote-coach-academico-learning-heroes-1134255,RemoteOK
Executive Assistant,Atlas Search,New York City Metropolitan Area,"design, exec, customer support, marketing, travel, finance, video, c, cloud, senior, ops, sales, medical, digital nomad, virtual assistant, hr, education, legal",,2026-06-26T17:11:58+00:00,"An AI firm is seeking an Executive Assistant that can sit remote. Responsibilities Manage complex executive calendars, scheduling, and meeting logistics across multiple global time zones and external stakeholders. Provide high-level executive support and administrative coordination. Coordinate travel, expenses, and day-to-day operations. Track projects, deadlines, and action items, proactively following up and identifying potential risks or delays. Leverage AI tools for research, document summaries, communications, meeting briefs, and project tracking. Prepare professional, board-ready documents, presentations, and spreadsheets. Support board and committee meetings by coordinating materials, logistics, and documentation. Handle highly confidential governance, legal, HR, and compensation matters with discretion. Serve as a key liaison across teams, ensuring seamless communication, alignment, and execution. Qualifications Bachelor's degree or equivalent experience 2+ years experience as an Executive Assistant Experience working in Technology Comfortable utilizing AI Tools The annual base salary range is $75,000 to $95,000. Actual compensation offered to the successful candidate may vary from posted hiring range based upon geographic location, work experience, education, and/or skill level, among other things. Details about eligibility for bonus compensation (if applicable) will be finalized at the time of offer. Please mention the word **ALLURING** and tag RMTQxLjcwLjQyLjI1Mw== when applying to show you read the job post completely (#RMTQxLjcwLjQyLjI1Mw==). This is a beta feature to avoid spam applicants. Companies can search these words to find applicants that read this and see they're human.",https://remoteOK.com/remote-jobs/remote-executive-assistant-atlas-search-1134214,RemoteOK
Executive,Lupin,"Greater Aurangabad Area,","infosec, content writing, dev, web dev, digital nomad, education, exec",,2026-06-26T16:48:44+00:00,Work Experience 2 to 5 years Education Graduation in Pharmacy Competencies Strategic Agility Innovation & Creativity Customer Centricity Developing Talent Result Orientation Process Excellence Collaboration Stakeholder Management Please mention the word **MESMERIZING** and tag RMTQxLjcwLjQyLjI1Mw== when applying to show you read the job post completely (#RMTQxLjcwLjQyLjI1Mw==). This is a beta feature to avoid spam applicants. Companies can search these words to find applicants that read this and see they're human.,https://remoteOK.com/remote-jobs/remote-executive-lupin-1134194,RemoteOK
Maria Covlea,Tyviso,"Rajkot,","infosec, content writing, dev, web dev, digital nomad, education, exec",,2026-06-26T15:42:14+00:00,"Agree & Join LinkedIn By clicking Continue to join or sign in, you agree to LinkedInâs User Agreement, Privacy Policy, and Cookie Policy. Skip to main content LinkedIn Join LinkedIn Email Password (6+ characters) First name Last name By clicking Agree & Join, you agree to the LinkedIn User Agreement, Privacy Policy, and Cookie Policy. or Already on Linkedin? Security verification Sign in Email or phone Password Forgot password? or By clicking Continue to join or sign in, you agree to LinkedInâs User Agreement, Privacy Policy, and Cookie Policy. Continue with GoogleContinue with Google New to Linkedin? LinkedIn Â© 2026 About Accessibility User Agreement Privacy Policy Your California Privacy Choices Cookie Policy Copyright Policy Brand Policy Guest Controls Community Guidelines Please mention the word **BRAVO** and tag RMTQxLjcwLjQyLjI1Mw== when applying to show you read the job post completely (#RMTQxLjcwLjQyLjI1Mw==). This is a beta feature to avoid spam applicants. Companies can search these words to find applicants that read this and see they're human.",https://remoteOK.com/remote-jobs/remote-maria-covlea-tyviso-1134195,RemoteOK
Jack Ward,Tyviso,"Nirsa,","infosec, content writing",,2026-06-26T15:41:59+00:00,"Agree & Join LinkedIn By clicking Continue to join or sign in, you agree to LinkedInâs User Agreement, Privacy Policy, and Cookie Policy. Skip to main content LinkedIn Join LinkedIn Email Password (6+ characters) First name Last name By clicking Agree & Join, you agree to the LinkedIn User Agreement, Privacy Policy, and Cookie Policy. or Already on Linkedin? Security verification Sign in Email or phone Password Forgot password? or By clicking Continue to join or sign in, you agree to LinkedInâs User Agreement, Privacy Policy, and Cookie Policy. Continue with GoogleContinue with Google New to Linkedin? LinkedIn Â© 2026 About Accessibility User Agreement Privacy Policy Your California Privacy Choices Cookie Policy Copyright Policy Brand Policy Guest Controls Community Guidelines Please mention the word **ADMIRABLE** and tag RMTQxLjcwLjQyLjI1Mw== when applying to show you read the job post completely (#RMTQxLjcwLjQyLjI1Mw==). This is a beta feature to avoid spam applicants. Companies can search these words to find applicants that read this and see they're human.",https://remoteOK.com/remote-jobs/remote-jack-ward-tyviso-1134190,RemoteOK
Customer Support Technician Helpdesk Offboardings &amp; Access,Pixel Machinery,"California, California, United States","customer support, design, jira, saas, hr, sys admin, infosec, education, consulting, technical, dev, microsoft, exec, ops, golang, medical, digital nomad",,2026-06-26T15:36:59+00:00,"Who We Are Pixel Machinery is a Boston-based technology consultancy that helps organizations build efficient, flexible, and scalable IT ecosystems. We believe IT should be intelligently automated to enhance security, productivity, and cost-effectivenessâwithout compromising control or oversight. Achieving this requires deep technical expertise, strategic planning, and precise execution. With experience spanning software development, systems administration, and business operations, we design solutions that empower our clients to operate with confidence and agility. Summary As a Customer Support Technician on our Help Desk team, you will own the technical offboarding and access-deprovisioning lifecycle across our client organizationsânonprofits, tech startups, and small/medium businesses. When someone leaves a company, you are the person who makes sure their access is removed quickly, completely, and accurately. Technical offboardings are time-sensitive, security-critical work, and owning them end to end is the core of this role. Alongside that ownership, you'll provide tier-1 help desk supportâonboardings, access and license requests, and general IT troubleshootingâand help keep our support queues moving at pace. This is a high-volume, fast-moving role built for someone who thrives on operational speed and gets satisfaction from a clean, well-run queue. Who You Are You move fast and stay accurate -- you're comfortable working through high ticket volume (think 30 tickets a day, not 5) without losing precision You have razor-sharp attention to detail, especially where access, security, and data are concerned. You understand that a single missed de-provisioning step is a real risk, not a rounding error You're process-oriented and dependable: you follow checklists and protocols carefully, and you document your work so the next person can trust it You can prioritize under pressure and keep a cool head when the queue fills up and new tickets keep landing You're empathetic, patient, and communicate clearly and gracefully across multiple channels You're early in your IT/support career, technically curious, and eager to grow What you'll own (primary responsibilities) Own the offboarding and termination process end to end: de-provision user accounts and revoke access across IAM platforms (Okta, JumpCloud, and similar) and SaaS tools, reclaim licenses, and confirm that access removal is complete and timely Treat every offboarding as a security and compliance event: meet client SLAs for de-provisioning, keep accurate and auditable records, and ensure nothing is left active behind a departing user Live coordination with client contacts during high-touch or sensitive offboardings: communicate in real time with client HR and security as needed in preparation for and throughout the offboarding process Be the point person for the offboarding queue: monitor it, triage it, and keep it clearâthis queue should never be an afterthought Coordinate handoffs with other teams (for example, hardware return logistics) without owning the hardware/fulfillment queues yourself Improve the playbook: refine and document offboarding workflows, checklists, and best practices as you go Supporting helpdesk work (secondary responsibilities) Process IT onboardings and provision new-user accounts and access Handle systems access and SaaS license requests Provide light tier-1 software/hardware troubleshooting Monitor and triage general support queues during core work hours while meeting client SLAs Build and maintain good professional rapport with end users Diligently uphold client and internal protocols for IT security and access management Collaborate with other internal teams on escalated issues and cross-functional projects Pixel Machinery is an Equal Opportunity Employer. We celebrate diversity and are committed to creating an inclusive environment for all employees. All employment decisions are based on business needs, job requirements, and individual qualifications, without regard to race, color, religion, sex (including pregnancy, gender identity, and sexual orientation), national origin, age, disability, genetic information, veteran status, or any other status protected by federal, state, or local laws. The base salary range for this position is $60,000-72,000 per year. Requirements Based in Pacific Time Zone 1-2 years in a help desk, IT support, or fast-paced operations role, or strong aptitude and a clear eagerness to grow into one Comfort working at high volume and pace, with strong prioritization and time-management skills A detail-driven, process-oriented mindset, particularly around access and security Excellent written and verbal communication Familiarity with the following, or the ability to ramp quickly: Jira Service Management (or a similar help desk ticketing system) Slack, Teams, or equivalent Google Workspace & Microsoft 365 Mac & Windows OS Okta, JumpCloud, or other IAM/identity solutions MDM and RMM tools (a plus) Commitment to continuous learning, with the ability to quickly absorb and retain new information and apply it to decision-making Benefits Health, Dental, Vision Insurance 401k with company matching Generous Paid Time Off Work From Home Training & Development Please mention the word **SENSATIONS** and tag RMTQxLjcwLjQyLjI1Mw== when applying to show you read the job post completely (#RMTQxLjcwLjQyLjI1Mw==). This is a beta feature to avoid spam applicants. Companies can search these words to find applicants that read this and see they're human.",https://remoteOK.com/remote-jobs/remote-customer-support-technician-helpdesk-offboardings-amp-access-pixel-machinery-1134154,RemoteOK
Data Engineers,EY,"Msida,","exec, design, customer support, marketing, virtual assistant, finance, senior, excel, golang, medical, digital nomad, infosec, education, recruiter, sys admin, consulting, technical, testing, travel, scheme, content writing, ops, sales, engineer, legal, dev, mobile, controller, full time, video, saas, amazon, ecommerce, shopify, music, c, embedded, assembly, supervisor, microsoft, ads, payroll, game dev, telecom, cloud, speech, teaching, hr, stats, coordinator, ruby, accounting, bus dev, python, math",,2026-06-26T15:17:08+00:00,"At EY, weâre all in to shape your future with confidence. Weâll help you succeed in a globally connected powerhouse of diverse teams and take your career wherever you want it to go. Join EY and help to build a better working world. At EY, youâll have the chance to build a career as unique as you are, with the global scale, support, inclusive culture and technology to become the best version of you. And weâre counting on your unique voice and perspective to help EY become even better, too. Join us and build an exceptional experience for yourself, and a better working world for all. EY Malta supports leading organisations, including financial services clients, in delivering large-scale data transformation programmes. As a Data Engineer, you will play a key role in designing, building and optimizing robust and scalable data pipelines and modern cloud-based data platforms. These platforms will enable trusted, high-quality data across the organization, for reporting, analytics and operational decision-making. You will work as part of a multidisciplinary team spanning data engineering, architecture, data governance and business domains to contribute to complex, high-impact engagements across regulated and data-intensive environments. Key Responsibilities Design, build and maintain scalable data pipelines Ensure data quality, governance and auditability Work with stakeholders to deliver data-driven solutions Optimise data flows and ETL processes Support cloud-based data platform development Skills And Attributes Bachelorâs and/or masterâs degree in computer science, engineering, mathematics, or another relevant subject 3+ years of experience in data engineering, data platforms or ETL development Strong proficiency in SQL and relational databases Experience with ETL tools and data pipeline development Experience with Python or another scripting language Knowledge of data modelling and data warehousing concepts Experience with cloud platforms such as Microsoft Fabric and Azure Databricks Familiarity with data governance, data quality and lineage concepts Ability to work with structured and unstructured data across modern and legacy platforms Strong problem-solving and communication skills Certifications (optional) Microsoft certifications on Data Engineering / Fabric Databricks certification Snowflake certification What We Offer At EY, weâll develop you with future-focused skills and equip you with world-class experiences. Weâll empower you in a flexible environment, and fuel you and your extraordinary talents in a diverse and inclusive culture of globally connected teams. Are you ready to shape your future with confidence? Apply today. EY | Building a better working world EY is building a better working world by creating new value for clients, people, society and the planet, while building trust in capital markets. Enabled by data, AI and advanced technology, EY teams help clients shape the future with confidence and develop answers for the most pressing issues of today and tomorrow. EY teams work across a full spectrum of services in assurance, consulting, tax, strategy and transactions. Fueled by sector insights, a globally connected, multi-disciplinary network and diverse ecosystem partners, EY teams can provide services in more than 150 countries and territories. Please mention the word **FIERY** and tag RMTQxLjcwLjQyLjI1Mw== when applying to show you read the job post completely (#RMTQxLjcwLjQyLjI1Mw==). This is a beta feature to avoid spam applicants. Companies can search these words to find applicants that read this and see they're human.",https://remoteOK.com/remote-jobs/remote-data-engineers-ey-1134306,RemoteOK
User Researcher,"Ministry of Housing, Communities and Local Government","Wolverhampton,","design, embedded, sys admin, infosec, technical, customer support, testing, dev, scheme, seo, exec, senior, recruiter, digital nomad",,2026-06-26T15:00:23+00:00,"Bristol, Darlington, Manchester, Wolverhampton Job Summary We are MHCLG At the Ministry of Housing, Communities and Local Government (MHCLG), we work on things that make a real difference to peopleâs lives. We have over 3,500 staff who are based in 20 offices across the UK. Whether it's through the homes we live in, the work of local councils, or the communities weâre all part of, our work is central to the political agenda. With ambitious and far-reaching goals this year, thereâs never been a more exciting time to join us. The Local Digital team sits within the Ministry of Housing, Communities and Local Government and supports councils across England to deliver more secure, user-centred, cost-effective local public services through open, collaborative and reusable work. A key part of our work is supporting the local government sector to be more cyber resilient and deliver on the ambition of the Government Cyber Security Strategy to be resilient to known vulnerabilities and attack methods no later than 2030. To Achieve This, We Work Closely With Councils To Understand the risk â improving visibility of digital assets, assessing vulnerabilities, and sharing intelligence so councils and MHCLG can make informed decisions about how best to reduce cyber risk. Manage the risk â strengthening cyber security posture through continuous improvement, addressing systemic weaknesses, and coordinating effective incident response. Strengthen partnerships â promoting collaboration across local government and with national partners to reduce duplication, share resources, and build collective resilience. We are now seeking a User Researcher that will support the development of the CAF (Cyber Assessment Framework) for local government, will build compelling stories about user needs across the sector, and work closely with colleagues to design and lead user research activities. Please note - In addition to the above role in Local Digital, the department is also looking for an SEO user researcher to deliver across our Publishing team â providing insight on the departmentâs internal and external publishing activities. This role will utilise the same skillset detailed in the below person specification. Appointable candidates not selected for the Local Digital role may be contacted regarding this opportunity. Find out more about our Digital teams and what they are working on through our MHCLG Digital blog. Please note that MHCLG do not offer visa sponsorship and applicants will need a valid visa for the duration of your employment. Job Description As a User Researcher, youâll: Work as part of a design team to develop and improve the CAF for local government to meet the needs of different users Ensure user research is conducted with a diverse range of users across the planning system and advocate for their needs when engaging with internal teams Plan, design and conduct user research with key user groups to understand their needs and experiences and to understand how the implementation of policies or programmes are impacting them Work with community and collaboration and engagement managers to gather intel about usersâ experience using the CAF to inform prioritisation of service and product design Support the development of routes to recruit participants for research and support the design of a feedback loop for our research and that inclusive research is embedded into all user research practices, ensuring research is conducted with a diverse range of users Identify appropriate research methods to meet the aims of the research. Analyse and synthesise user research data to present clear user insights and actionable findings Communicate user findings with a range of relevant stakeholders in a clear and engaging way, including senior officials, and advocate for the user needs and experiences using the CAF for local government Support the team to develop strategic insights and recommendations from all user research conducted and ensuring user needs, confirming experiences and impacts are embedded into the system mapping and visualisation work As a User Researcher, Youâll Work as part of a design team to develop and improve the CAF for local government to meet the needs of different users Ensure user research is conducted with a diverse range of users across the planning system and advocate for their needs when engaging with internal teams Plan, design and conduct user research with key user groups to understand their needs and experiences and to understand how the implementation of policies or programmes are impacting them Work with community and collaboration and engagement managers to gather intel about usersâ experience using the CAF to inform prioritisation of service and product design Support the development of routes to recruit participants for research and support the design of a feedback loop for our research and that inclusive research is embedded into all user research practices, ensuring research is conducted with a diverse range of users Identify appropriate research methods to meet the aims of the research. Analyse and synthesise user research data to present clear user insights and actionable findings Communicate user findings with a range of relevant stakeholders in a clear and engaging way, including senior officials, and advocate for the user needs and experiences using the CAF for local government Support the team to develop strategic insights and recommendations from all user research conducted and ensuring user needs, confirming experiences and impacts are embedded into the system mapping and visualisation work Person specification As a User Researcher, Youâll Have Experience or work as a user researcher in a complex policy or delivery environment with an excellent working knowledge of user-centered design practices Knowledge of a range of qualitative research methods, knowing how to apply different methods for different projects Experience in designing and delivering inclusive user research with a wide range of users Skills to be able to involve internal stakeholders in user research activities including co-designing research with multidisciplinary team and raising awareness of the importance of conducting robust monitoring and evaluation of their work Skills to be able to analyse research data to generate actionable and implementable insights involving teams to ensure buy-in for those findings An ability to meet ambitious deadlines and deliver high-quality work on schedule, including research plans, playbacks and reports The ability to present clear and compelling research insights to internal and external stakeholders in a range of formats that suite the audience and delivered in a way that teams can understand and use those insights An understanding of and the ability to work with complexity, uncertainty and organisational constraints in a political context Experience of working in an open and collaborative way as part of a multidisciplinary team Alongside your salary of Â£44,004, Ministry of Housing, Communities and Local Government contributes Â£12,747 towards you being a member of the Civil Service Defined Benefit Pension scheme. Find out what benefits a Civil Service Pension provides (opens in a new window). At MHCLG we offer many benefits that range from tailored career pathways and flexible working to MyLifestyle Childcare Voucher and Cycle to Work Schemes. For more information, please click here. Artificial intelligence Artificial intelligence can be a useful tool to support your application, however, all examples and statements provided must be truthful, factually accurate and taken directly from your own experience. Where plagiarism has been identified (presenting the ideas and experiences of others, or generated by artificial intelligence, as your own) applications may be withdrawn and internal candidates may be subject to disciplinary action. Please see our candidate guidance (opens in a new window) for more information on appropriate and inappropriate use. Selection process details Application and Selection The application process will be split into 2 stages, testing the following Success Profiles: Behaviours , Experience , Technical Please ensure your CV does not contain any personally identifiable information. Note: We do not consider direct CV applications. All applications must be submitted via the provided application link. Important: Your CV and Cover Letter must be merged into a single document before uploading. Stage 1: Sift (CV & Cover Letter) Experience & Technical: Your covering letter should be no more than 1 page referencing how you meet the criteria set out in the job description. Most of our campaigns utilise multiple assessors and so it is possible that each of your answers would be viewed by different assessors. In the event that we receive a large number of applications, we may conduct an initial sift using the lead sift question listed in the advert. Candidates who pass the initial sift may be progressed to a full sift, or progressed straight to interview. Lead sift question (Experience): Tell us about a time you planned or adapted your research approach to make it more inclusive. What did you do, and what did you learn? Stage 2: Interview Behaviours: ""Communicating and influencing"", ""Working together"", ""Delivering at a pace"" Experience: Experience questions will be based around the essential skills and criteria as listed in the job description. Technical: Technical questions will be based around the essential skills and criteria as listed in the job description. Sift and Interview Dates Sifting is envisaged to take place the week commencing 13th July 2026. Interviews are envisaged to take place shortly after and are currently being held remotely via videocall. This could be subject to change. How We Recruit Find out everything you need to know before applying here.. Applying Sifting Interview Interview Results & Feedback Reserve List Near Miss Civil Service Grades We are a DCS, RIS & GPTWV employer Reasonable Adjustments How To Apply What you need to know before applying. Security Clearance Requirements Civil Service Nationality Requirements Right to Work Artificial Intelligence Civil Service Code and Recruitment Principles CV Declaration Sponsorships Salary and Grade Existing Civil Servants Conflict of Interest Location and Flexible Working Fixed Term Contracts Internal Fraud Database - Internal Fraud Register Appeals and Complaints Conflict of Interest Security Clearance Requirements National Office: BPSS + SC Feedback will only be provided if you attend an interview or assessment. Security Successful candidates must undergo a criminal record check. Successful candidates must meet the security requirements before they can be appointed. The level of security needed is security check (opens in a new window).See our vetting charter (opens in a new window). People working with government assets must complete baseline personnel security standard (opens in new window) checks. Successful candidates must undergo a criminal record check. Successful candidates must meet the security requirements before they can be appointed. The level of security needed is security check (opens in a new window).See our vetting charter (opens in a new window). People working with government assets must complete baseline personnel security standard (opens in new window) checks. Nationality requirements This Job Is Broadly Open To The Following Groups UK nationals nationals of the Republic of Ireland nationals of Commonwealth countries who have the right to work in the UK nationals of the EU, Switzerland, Norway, Iceland or Liechtenstein and family members of those nationalities with settled or pre-settled status under the European Union Settlement Scheme (EUSS) (opens in a new window) nationals of the EU, Switzerland, Norway, Iceland or Liechtenstein and family members of those nationalities who have made a valid application for settled or pre-settled status under the European Union Settlement Scheme (EUSS) individuals with limited leave to remain or indefinite leave to remain who were eligible to apply for EUSS on or before 31 December 2020 Turkish nationals, and certain family members of Turkish nationals, who have accrued the right to work in the Civil Service Further information on nationality requirements (opens in a new window) Working for the Civil Service The Civil Service Code (opens in a new window) sets out the standards of behaviour expected of civil servants. We recruit by merit on the basis of fair and open competition, as outlined in the Civil Service Commission's recruitment principles (opens in a new window). The Civil Service embraces diversity and promotes equal opportunities. As such, we run a Disability Confident Scheme (DCS) for candidates with disabilities who meet the minimum selection criteria. The Civil Service also offers a Redeployment Interview Scheme to civil servants who are at risk of redundancy, and who meet the minimum requirements for the advertised vacancy. The Civil Service Code (opens in a new window) sets out the standards of behaviour expected of civil servants. We recruit by merit on the basis of fair and open competition, as outlined in the Civil Service Commission's recruitment principles (opens in a new window). The Civil Service embraces diversity and promotes equal opportunities. As such, we run a Disability Confident Scheme (DCS) for candidates with disabilities who meet the minimum selection criteria. The Civil Service also offers a Redeployment Interview Scheme to civil servants who are at risk of redundancy, and who meet the minimum requirements for the advertised vacancy. Diversity and Inclusion The Civil Service is committed to attract, retain and invest in talent wherever it is found. To learn more please see the Civil Service People Plan (opens in a new window) and the Civil Service Diversity and Inclusion Strategy (opens in a new window). Once this job has closed, the job advert will no longer be available. You may want to save a copy for your records. Contact point for applicants Job Contact Name : Digital Data Jobs Email : Digitaldatajobs@communities.gov.uk Recruitment team Email : Digitaldatajobs@communities.gov.uk Further information About If you are unsure about any part of the process or require additional information about the post to enable you to progress your application, you should speak to the Resourcing team - Recruitment@communities.gov.uk. Candidates can appeal at any stage of the recruitment process if they believe there has been: a procedural irregularity an infringement of the Civil Service equal opportunities policy exceptional circumstances which were not notified to the interview panel which might have affected performance on the day. It is important to note that these are appeals about the process not the decision. In the first instance, an appeal should be directed to the MHCLG Resourcing Hub at Recruitment@communities.gov.uk. If the MHCLG Resourcing Hub is unable to satisfactorily resolve your complaint, you may contact put your complaint in writing to the Civil Service Commission, Room G8,1 Horse Guards Road, London, SW1A 2HQ or by email to: info@csc.gov.uk Please mention the word **DANKE** and tag RMTQxLjcwLjQyLjI1Mw== when applying to show you read the job post completely (#RMTQxLjcwLjQyLjI1Mw==). This is a beta feature to avoid spam applicants. Companies can search these words to find applicants that read this and see they're human.",https://remoteOK.com/remote-jobs/remote-user-researcher-ministry-of-housing-communities-and-local-government-1134178,RemoteOK
Business Development Representative Cambridge,Furza,"Cambridgeshire,","exec, design, customer support, marketing, virtual assistant, finance, senior, excel, golang, medical, digital nomad, infosec, education, recruiter, sys admin, consulting, technical, testing, travel, scheme, content writing, ops, sales, engineer, legal, dev, mobile, controller, full time, video, saas, amazon, ecommerce, shopify, music, c, embedded, assembly, supervisor, microsoft, ads, payroll, game dev, telecom, cloud, speech, teaching, hr, stats, coordinator, ruby, accounting, bus dev",,2026-06-26T14:54:28+00:00,"Our Client Our client is a rapidly scaling, globally recognised software powerhouse, building cutting-edge solutions that are transforming how modern businesses operate. From launching disruptive new platforms to partnering with some of the worldâs most recognisable enterprise brands, they sit right at the forefront of innovation. With a presence across international markets and a reputation for working with high-growth tech giants, this is a business where ambition is matched with real opportunity. Their environment is fast, exciting, and built for people who want to accelerate their career from day one. What truly sets them apart is progression. Top performers are regularly promoted within 6â12 months, stepping into senior roles, leadership positions, and even international opportunities. If you want a career that moves quickly and rewards you properly for it, this is the place. What Youâll Get Â£30,000 base salary + Â£10,000+ OTE (uncapped) Industry-leading sales training from some of the best in the industry Clear, structured progression with rapid promotion opportunities (6â12 months) Opportunities to travel internationally, attending industry events, conferences, and client meetings across Europe, the US, and beyond A high-performance, high-energy culture that rewards success Free on-site gym, including a pilates studio On-site barista and modern office perks Annual wellbeing allowance to rest, recharge, and invest in yourself Comprehensive mental health and wellbeing support Regular company socials, incentives, and team trips What Youâll Be Doing As a Business Development Representative, youâll be at the forefront of the companyâs global expansion, opening doors, building relationships, and creating opportunities with some of the most exciting businesses in the world. Engaging with senior decision-makers across innovative and fast-growing companies Introducing organisations to cutting-edge software and cybersecurity solutions Building a strong pipeline of high-quality opportunities through outbound outreach Researching target companies and understanding where technology can drive impact Booking meetings for senior sales teams and playing a key role in closing new business Representing the company at events, networking opportunities, and international conferences Becoming a trusted first point of contact for future long-term client partnerships Who Theyâre Looking For Confident, outgoing, and naturally driven individuals People who thrive in fast-paced, ambitious environments Strong communicators who enjoy building relationships Highly motivated individuals looking to build a serious commercial career Resilient, competitive, and eager to succeed At Furza, weâre committed to equality, diversity, and inclusion. We welcome applicants from all backgrounds and experiences. If thereâs anything we can do to support you during the process, please let us know, weâd be happy to help Please mention the word **LIKED** and tag RMTQxLjcwLjQyLjI1Mw== when applying to show you read the job post completely (#RMTQxLjcwLjQyLjI1Mw==). This is a beta feature to avoid spam applicants. Companies can search these words to find applicants that read this and see they're human.",https://remoteOK.com/remote-jobs/remote-business-development-representative-cambridge-furza-1134305,RemoteOK
Graphic Designer,Digital Executive,"English,","art direction, exec, coordinator, customer support, marketing, content writing, medical, design, designer, copywriting, speech, photoshop, ads, illustrator, part time, digital nomad",,2026-06-26T14:23:21+00:00,"We are hiring a part-time Graphic Designer to support a growing agency across the overall brand development, including email marketing, social media and website assets. This role is a mix of execution and creative direction, we need someone who can take existing assets, refine the brand visually, and help elevate the overall look and feel of the company. The ideal candidate has strong design instincts, understands modern consumer branding, and can take creative direction while also bringing thoughtful ideas to the table. Part-time. Fully remote. Must be ENGLISH-SPEAKING. Hours: 20 hours a week, within 9:00 am to 5:00 pm CST. Salary: $900/mo Key Responsibilities Create marketing assets for social media, website updates, presentations, and branded materials Help refine and expand the companyâs visual identity, including brand books and creative systems Work within existing design assets while improving overall brand consistency and quality Use Canva, Illustrator, and Adobe Creative Suite to create polished creative assets quickly Provide light social media support Collaborate closely with the internal team to ensure cohesive branding across all channels Design visually engaging email campaigns that maintain a consistent company voice and aesthetic Support in a creative director-style capacity by helping shape visual direction and execute on evolving brand concepts Key Qualifications 2+ years of experience in graphic design, brand design, or creative marketing roles Strong portfolio demonstrating modern branding, marketing assets, and digital design work Proficiency in Canva, Illustrator, Photoshop, and other Adobe tools Experience designing email marketing campaigns and digital assets Strong visual taste and ability to execute against an established brand direction Basic copywriting instincts for marketing-oriented content Organized, detail-oriented, and able to work independently without constant oversight Comfortable receiving feedback and iterating quickly Must own and be able to use a working computer with high-speed internet Must be ENGLISH-SPEAKING Nice To Have Experience working with in marketing agencies Familiarity with social-first creative and consumer-focused branding Experience helping shape brand systems or visual identity guidelines Please mention the word **REMARKABLY** and tag RMTQxLjcwLjQyLjI1Mw== when applying to show you read the job post completely (#RMTQxLjcwLjQyLjI1Mw==). This is a beta feature to avoid spam applicants. Companies can search these words to find applicants that read this and see they're human.",https://remoteOK.com/remote-jobs/remote-graphic-designer-digital-executive-1134223,RemoteOK
Operator,Genuit Group,"Sunderland,","supervisor, exec",,2026-06-26T14:22:04+00:00,"N/A Here at the Genuit Group we recognise and develop the contribution our people make to the Groupâs success and are committed to attracting talent from the widest pool. We have a role to play in making the built environment more sustainable, building a low carbon business ourselves as well as delivering sustainable solutions at scale. Please mention the word **ENDEARING** and tag RMTQxLjcwLjQyLjI1Mw== when applying to show you read the job post completely (#RMTQxLjcwLjQyLjI1Mw==). This is a beta feature to avoid spam applicants. Companies can search these words to find applicants that read this and see they're human.",https://remoteOK.com/remote-jobs/remote-operator-genuit-group-1134162,RemoteOK
British English Voice Recording Specialist Lancaster,OpsArmy Careers,"Lancashire, Lancashire, England, United Kingdom","speech, english teacher, teaching, education, technical, customer support, dev, linguistics, digital nomad",,2026-06-26T14:19:04+00:00,"British English Voice Recording Specialist Remote | Project-Based Qualified applicants will be contacted via email regarding the next steps in the hiring process Role Overview We are seeking a talented and detail-oriented British English Voice Recording Specialist to support AI and machine learning projects by delivering high-quality voice recordings across a variety of scripts, tones, and speaking styles. Candidates with a background in English language instruction, language coaching, linguistics, speech training, or related fields are highly encouraged to apply. The ideal candidate has excellent spoken British English, strong pronunciation skills, and the ability to produce clear, natural, and consistent recordings while following detailed project guidelines. Responsibilities Record voice scripts with clear pronunciation, natural delivery, and appropriate tone. Follow recording guidelines, pronunciation standards, and script instructions accurately. Adapt speaking style, pace, and tone to meet project requirements. Deliver high-quality audio recordings free from background noise and technical issues. Review recordings for accuracy, consistency, and completeness before submission. Meet project deadlines and recording targets. Communicate any script ambiguities, pronunciation concerns, or technical issues to the project team. Maintain professionalism and consistency across all recordings. Requirements Native or near-native proficiency in British English. Excellent pronunciation, articulation, diction, and vocal clarity. Background in English language instruction, ESL/EFL teaching, language coaching, linguistics, communication, or related fields preferred. Strong understanding of British English pronunciation and natural speech patterns. Ability to read scripts accurately and deliver recordings in a clear, engaging, and natural manner. Reliable internet connection and access to a quiet recording environment. Basic computer skills and the ability to use online recording platforms. Ability to work independently and follow detailed instructions. Nice to Have Experience as an English teacher, language instructor, pronunciation coach, or communication trainer. Previous experience in voice recording, voice-over work, podcasting, broadcasting, or audio production. Experience contributing to AI, speech recognition, text-to-speech, audiobook, or media projects. Familiarity with audio recording software and basic editing tools. Access to professional recording equipment, including a quality microphone and sound-treated recording space. Teaching certifications such as TEFL, TESOL, CELTA, DELTA, or equivalent language teaching credentials are a plus. Ideal Candidate Profile Strong command of spoken British English. Excellent attention to pronunciation, clarity, and consistency. Comfortable reading scripts while maintaining a natural and conversational delivery. Detail-oriented, dependable, and able to meet deadlines. Passionate about language, communication, and supporting innovative AI technologies. Qualified applicants will be contacted via email regarding the next steps in the hiring process Please mention the word **DEPENDABLY** and tag RMTQxLjcwLjQyLjI1Mw== when applying to show you read the job post completely (#RMTQxLjcwLjQyLjI1Mw==). This is a beta feature to avoid spam applicants. Companies can search these words to find applicants that read this and see they're human.",https://remoteOK.com/remote-jobs/remote-british-english-voice-recording-specialist-lancaster-opsarmy-careers-1134221,RemoteOK
Entry Level Scheduling &amp; Coordinating Reservations Online,Destination Careers,"New York, New York, United States","art direction, exec, coordinator, customer support, marketing, content writing, medical, design, designer, copywriting, speech, photoshop, ads, illustrator, part time, digital nomad, education, ops, recruiter",,2026-06-26T13:57:04+00:00,"About Us We are a client coordination and services company that supports individuals and organizations with scheduling, reservations, and service-related logistics. We focus on clear communication, organized workflows, and delivering a consistent, high-quality client experience. Position Overview The Scheduling & Reservations Coordinator plays a key role in supporting clients by managing scheduling requests, coordinating reservations, and maintaining accurate records. This position requires strong organizational skills, attention to detail, and the ability to communicate professionally in a remote work environment. This is a coordination-focused role centered on administrative support and client communication. Key Responsibilities Coordinate scheduling and reservation requests following established processes Communicate with clients to confirm details, provide updates, and address general inquiries Maintain accurate records, calendars, and reservation documentation Monitor timelines and ensure confirmations, updates, and changes are completed accurately Support daily operations by following internal workflows and quality standards Provide professional, timely responses to client inquiries Collaborate with internal teams as needed to support service delivery Qualifications & Skills Strong organizational and time-management skills Clear written and verbal communication abilities Attention to detail and accuracy Ability to work independently in a remote environment Basic computer proficiency and willingness to learn new systems Professional, reliable, and client-focused Previous experience in scheduling, reservations, customer service, hospitality, or administrative support is helpful but not required. Work Environment & Schedule Fully remote position Flexible scheduling options may be available Training and ongoing support provided Why Join Us Remote work flexibility Structured, supportive team environment Clear expectations and established workflows Opportunity to develop valuable coordination and client service skills How To Apply Interested candidates are encouraged to submit an application for consideration. Qualified applicants will be contacted regarding next steps. We may use artificial intelligence (AI) tools to support parts of the hiring process, such as reviewing applications, analyzing resumes, or assessing responses and identifying potential inconsistencies or verification signals in application materials based on available information. These tools assist our recruitment team but do not replace human judgment. Final hiring decisions are ultimately made by humans. If you would like more information about how your data is processed, please contact us. Please mention the word **CUSHY** and tag RMTQxLjcwLjQyLjI1Mw== when applying to show you read the job post completely (#RMTQxLjcwLjQyLjI1Mw==). This is a beta feature to avoid spam applicants. Companies can search these words to find applicants that read this and see they're human.",https://remoteOK.com/remote-jobs/remote-entry-level-scheduling-amp-coordinating-reservations-online-destination-careers-1134224,RemoteOK
Owner,Cultur'Elles - L'association des femmes du ministÃ¨re de la Culture,"Madhya Pradesh,","technical, exec, consulting",,2026-06-26T13:46:32+00:00,- Please mention the word **SKILLED** and tag RMTQxLjcwLjQyLjI1Mw== when applying to show you read the job post completely (#RMTQxLjcwLjQyLjI1Mw==). This is a beta feature to avoid spam applicants. Companies can search these words to find applicants that read this and see they're human.,https://remoteOK.com/remote-jobs/remote-owner-culturelles-lassociation-des-femmes-du-ministere-de-la-culture-1134200,RemoteOK
Operations Manager,CXC Upstream Ltd,"Ø¯Ø¨Ù, Ø¯Ø¨Ù Ø§ÙØ¥ÙØ§Ø±Ø§Øª Ø§ÙØ¹Ø±Ø¨ÙØ© Ø§ÙÙØªØ­Ø¯Ø©","exec, customer support, travel, microsoft, senior, ops, excel, medical",,2026-06-26T13:40:16+00:00,"We are looking for an experienced Operations Manager to support the day-to-day coordination of CXC Upstream's international operations. Working closely with senior leadership, you will help ensure projects, corporate initiatives and operational activities are delivered efficiently across our offices and mining operations. This is a varied role requiring someone who is highly organised, commercially minded and comfortable managing multiple priorities across different business functions. You will act as a central point of coordination between corporate teams, operational leadership and external partners, helping drive consistency, accountability and continuous improvement across the Group. Key Responsibilities Coordinate operational activities across the Group, ensuring priorities are delivered on time and to a high standard. Develop, implement and continuously improve operational processes, policies and standard operating procedures. Monitor key operational projects, tracking progress, risks and actions while ensuring timely reporting to senior leadership. Support cross-functional collaboration between corporate departments and mining operations to improve communication and execution. Manage relationships with key external suppliers, consultants and service providers, ensuring quality, performance and value. Identify opportunities to improve operational efficiency, reduce costs and strengthen internal controls. Coordinate executive travel, logistics and operational support where required across the Group's international locations. Prepare operational reports, dashboards and management information to support business decision-making. Ensure compliance with internal governance standards, health and safety requirements and applicable regulatory obligations. Support the delivery of strategic initiatives, acquisitions, business integration projects and other corporate priorities as required. Requirements Minimum 5 years' experience in an Operations Manager or similar business operations role. Experience working within mining, natural resources, infrastructure, aviation, logistics or another operationally complex international business would be advantageous. Excellent organisational skills with the ability to manage multiple priorities simultaneously. Strong commercial awareness and a proactive, solutions-focused approach. Experience developing operational processes and driving continuous improvement. Strong stakeholder management skills with the ability to work confidently across all levels of an organisation. Excellent written and verbal communication skills. High level of discretion, professionalism and attention to detail. Advanced Microsoft Office skills, particularly Excel and PowerPoint. Willingness to travel internationally when required. Please mention the word **MARVELED** and tag RMTQxLjcwLjQyLjI1Mw== when applying to show you read the job post completely (#RMTQxLjcwLjQyLjI1Mw==). This is a beta feature to avoid spam applicants. Companies can search these words to find applicants that read this and see they're human.",https://remoteOK.com/remote-jobs/remote-operations-manager-cxc-upstream-ltd-1134226,RemoteOK
Bid Manager,px Group,"Stockton-On-Tees,","exec, design, customer support, marketing, virtual assistant, finance, senior, excel, golang, medical, digital nomad, infosec, education, recruiter, sys admin, consulting, technical, testing, travel, scheme, content writing, ops, sales, engineer",,2026-06-26T13:23:59+00:00,"Our Business Engineering services are delivered for the px group by the engineering consultancy division px Engineering Consultants Limited (âPXECLâ). The team comprises of managers, senior engineers, engineers and designers that have direct experience of construction projects and operating facilities, as well as exceptional engineering expertise. PXECL has established an excellent reputation with its clients and consequently much of the business is of a repeat nature. The team prides itself on the quality of its services and the strong relationships it builds with its clients and has a track record of delivering an integrated range of services. By combining technical and operational excellence, a sound understanding of regulatory environments and a robust and reliable project management system, px consistently delivers safe, efficient and compliant capital projects and services to a diverse client base supporting most industrial sectors. The Opportunity We are now recruiting for an Bid Manager to join our Stockton Office. The Bid Manager is responsible for managing the Bid process, ensuring that every bid goes through the relevant process gates and all forms, documentation, approvals have been completed and received, along with final review before submission to the customer. The role is accountable for technical submissions of bids, ensuring costs align with technical requirements and are competitive, schedules are achieved, and scope is accurate, all against the customers deadlines Youâll be supported with personalised on the job training, coaching, mentoring and twice-yearly development and performance reviews to help maintain & develop your contributions and competence. Key Responsibilities: â¢ To be accountable for technical responses of all opportunities that come into the Stockton PXE Facility, review, prioritise and action with the correct level of effort that meets both the customer requirements and is in-line with the company strategy â¢ Manage the bids pipeline to ensure accurate and up-to-date information is collated and ready to use for reporting metrics & KPIâs to the wider management team â¢ To work closely with the Sales team to ensure that each opportunity is reviewed, and our position understood so that sales can manage the customer accordingly â¢ To work closely with the different internal departments to ensure that the opportunity is understood, the level of effort is agreed and that the correct level of information is collated to enable the completion of award-winning proposals â¢ Take ownership of all bid submissions and ensure process is followed, accuracy of bids and diligent review is delivered across all opportunities â¢ Accountable for folder and structure management of all opportunities to ensure all information is stored in the correct locations â¢ Responsible for completing all audits of the bid process. â¢ Review & present all opportunities to the management team in the form of a Technical Bid review, ensuring the correct approvals are gained before submittal â¢ Responsible for analysis of bid costs to ensure diligence of the costs and the correct actions required â¢ Ensure that all bids are fully compliant with the clientâs requirements and instructions and meet internal rules and regulations â¢ Accountable along with the Sales Team for bid & tender tracking & logging and updating centrally â¢ Ensure PX regulations & rules are adhered to and comply to all regional requirements â¢ Ensure industry or scheme specific standards are known and adhered to and proposal H&S requirements are met â¢ Manage continuous improvements including the introduction of processes to Increase bid velocity and accuracy of bidding â¢ Liaise with purchasing teams monthly to log changes and ensure competitive pricing is used in every opportunity â¢ Liaise with wider team to verify scope, time, costs and resource for each opportunity â¢ Understand the customers budget and price/ sales expectations â¢ Liaise with sales to ensure we have alignment for each opportunity and to ensure our other teams support OE proposals and sales to increase win likelihood â¢ Track and log targets weekly and monthly to highlight opportunities, conversion chance and win rates â¢ Client face for all significant opportunities to assist with technical presentations prior to award Minimum Requirements: â¢ Degree or HNC qualified in a technical, or engineering discipline â¢ Requires an understanding of heavy engineering or related costing â¢ Able to deliver bids and critical client requirements on time and on spec consistently â¢ Knowledge of engineering drawings & bills of materials to validate costing â¢ Proven track record in delivering an outstanding bids and tender experience within a similar industry including submissions through tender portals â¢ Significant experience in technical tender creation and bid writing â¢ Excellent written and verbal communication skills, and attention to detail â¢ Highly organised and able to prioritise workloads, manage multiple opportunities and negotiate deadlines; collaborating with cross site teams. â¢ Ability to work directly and closely with bids, sales & projects personnel to ensure proposal content matches client expectation â¢ Able to present bespoke technical solutions to key internal and external stakeholders â¢ Ability to travel for client meetings â¢ Completed the required company induction into this role What you will receive from us: 25 days holiday plus bank holidays Contribution towards eye test and glasses Online company discount benefits site including cinema tickets and gym membership discount Long Service Awards Employee recognition scheme â ELITE Awards Employee Assistance Programme Flexible Benefits Package Onsite parking We are committed to equality of opportunity for all staff and applications from individuals are encouraged regardless of age, disability, sex, gender reassignment, sexual orientation, pregnancy and maternity, race, religion or belief and marriage and civil partnerships. Please note this role may close early or be extended depending on the volume of applications. Please mention the word **UPGRADABLE** and tag RMTQxLjcwLjQyLjI1Mw== when applying to show you read the job post completely (#RMTQxLjcwLjQyLjI1Mw==). This is a beta feature to avoid spam applicants. Companies can search these words to find applicants that read this and see they're human.",https://remoteOK.com/remote-jobs/remote-bid-manager-px-group-1134260,RemoteOK
Funnel Builder,DSIGNS AUSTRALIA,"Greater Sydney Area,","testing, devops, exec, ops",,2026-06-26T13:06:15+00:00,"Plan for 30â45 minutes. Generic, AI-generated, or one-line answers will be skipped â we read every word. Please mention the word **ENCHANT** and tag RMTQxLjcwLjQyLjI1Mw== when applying to show you read the job post completely (#RMTQxLjcwLjQyLjI1Mw==). This is a beta feature to avoid spam applicants. Companies can search these words to find applicants that read this and see they're human.",https://remoteOK.com/remote-jobs/remote-funnel-builder-dsigns-australia-1134183,RemoteOK
Aeronautical Information Service Cadet,Grenada Airports Authority,"St. George's,","sys admin, education, non tech, infosec, technical, travel, c, math",,2026-06-26T12:41:21+00:00,"The Aeronautical Information Service Cadet will assist in ensuring the flow of aeronautical information necessary for the safety, regularity, and efficiency of international air navigation, in accordance with International Civil Aviation Organization standards. This position serves as preparation for training toward certification as an Aeronautical Information Service Officer. Key Responsibilities: The successful candidate will be required to assist with: Collecting, classifying, recording, editing, and disseminating aeronautical information and Notices to Airmen in accordance with established procedures Collecting and transmitting messages relating to arrival, departure, cancelled, and delayed flights Disseminating flight plans to the relevant Air Traffic Service units Collecting landing, parking, navigation, late operation, and facilitation fees from aircraft operators Collecting, verifying, and completing relevant airline and flight documentation, including General Declaration forms and Movement Sheets Monitoring aeronautical computer systems, including SPATIA and CADAS, and reporting faults or system malfunctions Completing shift log books, reconciliation documents, float records, and other administrative records Performing other related duties as assigned Requirements Minimum Qualifications: Five (5) subject passes equivalent to G.C.E. Ordinary Level or CXC/CSEC, Grade 3 and above, including: English Language Mathematics Physics No prior work experience is required; however, relevant experience would be an asset. Skills & Attributes Good communication skills Accuracy Strong attention to detail Ability to learn and apply technical aviation-related procedures A high level of responsibility and confidentiality Additional Requirements: Strong written and verbal communication skills Accuracy and attention to detail Good computer literacy Ability to work shifts, weekends, and public holidays Ability to learn and apply technical aviation procedures Willingness and ability to travel overseas for required training Ability to obtain and maintain the required security clearance A clean police record/character certificate Deadline : Submit your application via www.jobs.workable.com on or before 10th July 2026 Please mention the word **IMPROVEMENTS** and tag RMTQxLjcwLjQyLjI1Mw== when applying to show you read the job post completely (#RMTQxLjcwLjQyLjI1Mw==). This is a beta feature to avoid spam applicants. Companies can search these words to find applicants that read this and see they're human.",https://remoteOK.com/remote-jobs/remote-aeronautical-information-service-cadet-grenada-airports-authority-1134169,RemoteOK
Casino Technician,MSC Cruises,"Valletta,","exec, design, customer support, marketing, virtual assistant, finance, senior, excel, golang, medical, digital nomad, infosec, education, recruiter, sys admin, consulting, technical, testing, travel, scheme, content writing, ops, sales, engineer, legal, dev, mobile, controller, full time, video, saas, amazon, ecommerce, shopify, music, c, embedded, assembly, supervisor, microsoft, ads, payroll, game dev, telecom, cloud, speech, teaching, hr, stats, coordinator, ruby, accounting",,2026-06-26T11:28:19+00:00,"Your Purpose As a Casino Technician, you are the technical backbone of our onboard gaming experience, ensuring that every slot machine and gaming device operates flawlessly. Your expertise guarantees that guests enjoy a seamless, thrilling, and fair gaming experience while upholding the highest industry standards. Whether installing, maintaining, or troubleshooting gaming and accounting equipment, you play a crucial role in enhancing the overall casino atmosphere. With precision, efficiency, and a problem-solving mindset, you contribute to the smooth operation of our state-of-the-art casino, providing entertainment that meets our guests' highest expectations. Your Impact Your role is essential to maintaining a vibrant and dynamic gaming environment where guests can enjoy an uninterrupted and immersive casino experience. By proactively monitoring, servicing, and repairing slot machines and electronic gaming equipment, you ensure optimal performance and adherence to all safety and compliance regulations. Your technical proficiency minimizes downtime, maximizes revenue potential, and enhances guest satisfaction. Through collaboration with the Casino Manager and other departments, you contribute to operational efficiency, security, and overall guest engagement, making the casino a highlight of our onboard entertainment. Your Journey So Far To Be Successful In This Role, You Have Proven experience as a professional Casino Technician, either onboard a cruise line or in a land-based casino. Strong knowledge of slot machines, gaming equipment, and electronic accounting systems, including installation, servicing, troubleshooting, and repair. Experience working with various gaming manufacturers and platforms, ensuring compatibility and efficiency of casino technology. Ability to work effectively in a fast-paced, high-energy environment with a focus on delivering superior service. Prior experience in following and enforcing strict gaming compliance regulations and safety protocols. Your Essentials Relevant technical qualifications in electronics, electrical engineering, or a related field. Fluency in English (oral and written) to communicate effectively with the Casino team, guests, and regulatory personnel. In-depth understanding of slot machine mechanics, troubleshooting techniques, and gaming software. Strong analytical and problem-solving skills to quickly diagnose and resolve technical issues. Willingness to work in a dynamic, multicultural environment onboard a cruise ship. A commitment to upholding security standards and responsible gaming practices. Join us and bring your technical expertise to life, ensuring our guests experience an exciting and flawless casino atmosphere! Our commitment We are committed to building a future that values diverse perspectives, embraces the world beyond borders, and fosters an inclusive environment where every individual feels valued, respected and empowered to be their authentic selves. Our commitment extends to taking meaningful, measurable actions that have a long-term positive impact on our guests, our employees and our planet. Ready to turn your passion into something extraordinary? Join us at MSC Cruises, where new opportunities await. Apply today to be part of a global team that is pushing boundaries and achieving something remarkable. Your journey starts here! Please mention the word **THRILLINGLY** and tag RMTQxLjcwLjQyLjI1Mw== when applying to show you read the job post completely (#RMTQxLjcwLjQyLjI1Mw==). This is a beta feature to avoid spam applicants. Companies can search these words to find applicants that read this and see they're human.",https://remoteOK.com/remote-jobs/remote-casino-technician-msc-cruises-1134302,RemoteOK
Guard,Township of Langley,"British Columbia,","embedded, infosec, testing, marketing, dev, javascript, video, c, html, ads, mobile, exec, content writing, stats, medical, ecommerce, shopify, digital nomad, coordinator, full time",,2026-06-26T11:19:09+00:00,"Organization Township of Langley Region British Columbia Application Deadline July 10, 2026 before 23:30 Type Regular Full-Time Category Police services Twitter Facebook Linkedin Send Save Print Description Click here to view full screen From the same organization Guard (up to 3) - Township of Langley 10 Jul, 2026 Digital Communications Coordinator (up to 2) - Township of Langley 3 Jul, 2026 Marketing and Communications Coordinator (up to 2) - Township of Langley 3 Jul, 2026 MORE Please mention the word **MESMERIZINGLY** and tag RMTQxLjcwLjQyLjI1Mw== when applying to show you read the job post completely (#RMTQxLjcwLjQyLjI1Mw==). This is a beta feature to avoid spam applicants. Companies can search these words to find applicants that read this and see they're human.",https://remoteOK.com/remote-jobs/remote-guard-township-of-langley-1134218,RemoteOK
Collections Manager,National Service Bureau,"Sarasota, Sarasota, Florida, United States","customer support, design, jira, saas, hr, sys admin, infosec, education, consulting, technical, dev, microsoft, exec, ops, golang, medical, digital nomad, marketing",,2026-06-26T11:15:18+00:00,"Benefits: 401(k) matching Dental insurance Health insurance Paid time off Vision insurance Benefits: Competitive Salary Employer Paid Medical, Dental, Vision Insurance Company Provides EAP (Employee Assistance Program) Paid Time Off 401(k) plan + employer matching contributions Monday to Friday schedule Must be based out of Sarasota, FL! GROW WITH US! National Service Bureau (NSB) is seeking an experienced Call Center/Collections Manager. NSB is focused on Accounts Receivable Management and Subrogation and has grown exponentially over the last 34 years to become a leading national agency. We are looking to find a leader whom is self-motivated, accountable and engaged in personal growth. Collections Manager Job Description: We are seeking a Collections Manager with experience leading teams, who can empathize with consumers and has the ability to maintain professionalism at all times. This role ensures that all call center, collections, and training goals are met. Other job functions include: Analyzes, evaluates, and reports on performance, service, KPIs and other metrics Makes recommendations for action plans Perform continued training and education Implements call center and collection operational strategies Provides daily personnel management and oversight Conducts regular 1:1âs and annual performance reviews Recommends changes to employee levels based on activity and performance Enforce company policies and hold team members accountable Collections Manager Skills Required: 3-5+ years in a high volume collections management Experience in managing a remote team environment Experience scheduling call center operations and running call campaigns Excellent call center and/or collections management skills Results oriented with the energy and ability to deliver results daily Strong analytical and problem solving skills Understanding of and respect for compliance Positive attitude and approach Ability to drive, encourage, and motivate a team Willingness to exemplify our Core Values Core Values: Follow Through Be Engaged Think First Be Respectful Be Accountable NSB Culture & Environment: Diverse and friendly team Emphasis on work/life balance Guaranteed no nights/weekends Positive environment Performance-based incentives Advancement opportunities NSB is very proud of our team and the environment they are helping to foster here. Weâre excited for you to join us! To stay up to date on our latest postings we invite you to: Like us on FaceBook: https://www.facebook.com/nationalservicebureau/ Follow us on LinkedIn: https://www.linkedin.com/company/national-service-bureau-inc./mycompany/ Visit our careers page: https://national-service-bureau.careerplug.com/account Salary Range: $60,000 - 90,000/yr This is a remote position. Please mention the word **EASYGOING** and tag RMTQxLjcwLjQyLjI1Mw== when applying to show you read the job post completely (#RMTQxLjcwLjQyLjI1Mw==). This is a beta feature to avoid spam applicants. Companies can search these words to find applicants that read this and see they're human.",https://remoteOK.com/remote-jobs/remote-collections-manager-national-service-bureau-1134155,RemoteOK
Process Specialist,Betfred,"Warrington,","game dev, ops",,2026-06-26T10:00:32+00:00,"Looking for your next role? Why not come join us at Betfred, take a look at this amazing oppertunity: https://betfredgroup.talosats-careers.com/job/897748 Betfred is a leading betting and gaming company with over 50 years of industry experience, more than 1,300 shops, and 9,500 employees worldwide. The business continues to expand, including Betfred Sportsbook operations in 10 U.S. states and a growing presence in South Africa with over 50 betting halls and a majority stake in Lottostar, the countryâs largest online betting company. Betfred is committed to delivering high-quality service, products, and customer experiences while promoting responsible gambling. Please mention the word **INTIMATE** and tag RMTQxLjcwLjQyLjI1Mw== when applying to show you read the job post completely (#RMTQxLjcwLjQyLjI1Mw==). This is a beta feature to avoid spam applicants. Companies can search these words to find applicants that read this and see they're human.",https://remoteOK.com/remote-jobs/remote-process-specialist-betfred-1134181,RemoteOK
Payroll Specialist,ADP,"Hyderabad,","technical, exec, consulting, engineer, education, payroll",,2026-06-26T09:13:40+00:00,Role: UK Payroll Specialist Location: Hyderabad Experience: 3-8 years Candidate should have experience working on End-to-End UK Payroll processing . Please mention the word **SUBSTANTIVE** and tag RMTQxLjcwLjQyLjI1Mw== when applying to show you read the job post completely (#RMTQxLjcwLjQyLjI1Mw==). This is a beta feature to avoid spam applicants. Companies can search these words to find applicants that read this and see they're human.,https://remoteOK.com/remote-jobs/remote-payroll-specialist-adp-1134203,RemoteOK
UX UI Designer,Siroko,"GijÃ³n, GijÃ³n, Principado de Asturias, EspaÃ±a","amazon, sys admin, python, consulting, customer support, marketing, dev, finance, ops, stats, sales, golang, medical, engineer, recruiter, ecommerce, shopify, part time, digital nomad, music, testing, video, content writing, full time, design, hr, front end, designer, web dev, exec, c, css, html, mobile",,2026-06-26T09:03:43+00:00,"ð«µÂ¡Ãnete al #TeamSiroko! En Siroko seguimos creciendo y buscamos un/a UX/UI Designer para reforzar nuestras lÃ­neas de negocio digitales, trabajando codo con codo con desarrollo, producto, marketing, contenido y data. El objetivo es claro: diseÃ±ar experiencias cuidadas, coherentes con la marca y preparadas para llegar bien a producciÃ³n. En Siroko vivimos el deporte como una forma de vida y trabajamos para una comunidad global que lo entiende igual que nosotros. Nuestro ecosistema digital es una parte clave de esa relaciÃ³n: ecommerce, apps, plataformas de contenido, campaÃ±as y nuevas iniciativas de producto, todos ellos puntos de contacto fundamentales con nuestra comunidad. Cada experiencia importa. Por eso queremos seguir elevando la presencia digital de la marca, y buscamos a quien empuje ese reto con nosotros. ð Â¿QuÃ© estamos buscando? Buscamos diseÃ±o con criterio: visualmente cuidado, alineado con la marca y orientado a resolver necesidades reales de usuario y negocio. El objetivo no es solo crear interfaces atractivas, sino diseÃ±ar experiencias claras, consistentes y fÃ¡ciles de usar, especialmente en contextos donde cada decisiÃ³n puede impactar en la navegaciÃ³n, la conversiÃ³n, la confianza y la percepciÃ³n de marca. Es un entorno dinÃ¡mico, con varias lÃ­neas de negocio y releases frecuentes, asÃ­ que valoramos especialmente la capacidad de aterrizar ideas, priorizar, adaptarse y diseÃ±ar pensando tanto en el usuario como en la viabilidad de implementaciÃ³n. ð¼ Â¿CuÃ¡les serÃ¡n tus funciones? DiseÃ±ar soluciones digitales para nuestras diferentes lÃ­neas de negocio: ecommerce, app, plataformas de contenido, landings, campaÃ±as y nuevas iniciativas de producto. Analizar flujos existentes, detectar necesidades de mejora y traducir objetivos de usuario, negocio y tecnologÃ­a en propuestas de diseÃ±o claras y accionables. Trabajar en las distintas fases del proceso de diseÃ±o segÃºn las necesidades de cada proyecto: arquitectura de informaciÃ³n, navegaciÃ³n, flujos de usuario, wireframes, prototipos, diseÃ±o de interacciÃ³n y visuales de alta fidelidad. Plantear funcionalidades y mejoras teniendo en cuenta el propÃ³sito de cada producto, la experiencia de usuario, los principios de usabilidad y el impacto en conversiÃ³n. Cuidar y hacer crecer nuestro sistema de diseÃ±o: consistencia, componentes reutilizables y coherencia visual en todos los productos. Colaborar de forma cercana con equipos multidisciplinares: frontend, desarrollo, negocio, CRO, data, brand, contenido y otros equipos implicados en cada proyecto. Documentar las propuestas de forma clara y estructurada para facilitar el handoff, la maquetaciÃ³n y el desarrollo. Comunicar y argumentar tus decisiones de diseÃ±o ante el equipo y los owners de proyecto, apoyÃ¡ndote en criterios de usabilidad, datos disponibles, feedback cualitativo y necesidades de negocio. DiseÃ±ar tests A/B definiendo diferentes flujos de usuario para alcanzar un mismo objetivo y analizar su impacto en mÃ©tricas clave de negocio. La IA como herramienta de trabajo ð¤ Para nosotros la IA no es un extra: es una herramienta diaria. La usamos de verdad âflujos con Claude Code + Figma, prototipado rÃ¡pido, microcopy, documentaciÃ³nâ y queremos a alguien que la abrace y, ademÃ¡s, traiga al equipo formas nuevas de exprimirla. Si la IA ya es parte de cÃ³mo trabajas, o te mueres de ganas de que lo sea, este es tu sitio. Dominas los flujos de ecommerce. Entiendes a la perfecciÃ³n cÃ³mo funciona una ficha de producto, un carrito y un checkout, y dÃ³nde se gana y se pierde al usuario. Criterio UX. Defines flujos, estructuras de navegaciÃ³n y jerarquÃ­as de informaciÃ³n con soluciones que mejoran la experiencia de verdad, no solo sobre el papel. UI impecable. Ejecutas interfaces de alta calidad, pulidas y consistentes, con atenciÃ³n a jerarquÃ­a visual, composiciÃ³n, tipografÃ­a, espaciado, estados de interacciÃ³n y coherencia con marca. Sabes innovar sin romper el sistema. Aterrizas ideas, priorizas y diseÃ±as pensando en la viabilidad tÃ©cnica. Si algo no es viable, propones un plan B que funcione. Sensibilidad tÃ©cnica. No necesitas programar, pero hablas el idioma tÃ©cnico: entiendes fundamentos de HTML, CSS, responsive, componentes y estados (carga, errores), y sabes que detrÃ¡s de cada pantalla hay decisiones tÃ©cnicas. Mentalidad colaborativa. Trabajas bien con equipos multidisciplinares: frontend, desarrollo, producto, marketing o data. Entiendes la importancia de escuchar otros puntos de vista y sabes integrar feedback para llegar a soluciones mÃ¡s sÃ³lidas. â¡ï¸ Requisitos 3-5 aÃ±os de experiencia en UX/UI, producto digital o diseÃ±o de interfaces web, con al menos 2 aÃ±os en ecommerce, retail o entornos digitales con foco en negocio, conversiÃ³n y mejora continua. Dominio experto de Figma como herramienta principal: librerÃ­as de componentes, auto-layout, prototipado, interfaces y documentaciÃ³n. Criterio UX sÃ³lido: entiendes flujos completos, justificas tus decisiones de diseÃ±o y piensas la experiencia, no solo la pantalla. Portfolio online sÃ³lido con trabajo de principio a fin en web y mobile: research, wireframes y UI final. Capacidad de organizaciÃ³n para preparar entregas claras, documentadas y fÃ¡ciles de entender por equipos tÃ©cnicos y de negocio. Se valorarÃ¡ positivamente Soltura con analÃ­tica de comportamiento (Clarity o similar) para apoyar decisiones en datos, no solo en intuiciÃ³n. Experiencia en tests de usabilidad, research con usuarios o anÃ¡lisis cualitativo. Sensibilidad por el microcopy. Entiendes que el texto tambiÃ©n es diseÃ±o: etiquetas, mensajes de error, estados vacÃ­os y onboarding que guÃ­an al usuario. Curiosidad y autonomÃ­a. Te mueve aprender, probar y mejorar la forma en la que trabajas. Ante un obstÃ¡culo, tienes iniciativa para entenderlo, buscar opciones y plantear soluciones. Â¿No cumples el 100% de la lista? No pasa nada. Si encajas en lo esencial, queremos conocerte. Las listas perfectas casi nunca lo son. Â¿QuÃ© te ofrecemos? ð¼ Contrato indefinido a jornada completa. ð Trabajo en modalidad remoto. â° Horario flexible todos los dÃ­as del aÃ±o con rango de entrada entre las 08:00h y las 10:00h. Jornada continua todos los viernes del aÃ±o y tambiÃ©n en los meses de julio y agosto. ðï¸ 22 dÃ­as laborables de vacaciones. ð DÃ­a libre en tu cumpleaÃ±os (si coincide en fin de semana o festivo, podrÃ¡s moverlo al dÃ­a laborable inmediatamente anterior o posterior). ð» Clases de inglÃ©s in-company. Las encajamos a medio dÃ­a para intentar condicionar lo menos posible la hora de salida en la tarde. â Referral Program y Baby Bonus. ð° Descuentos muy atractivos en toda nuestra gama Siroko: www.siroko.com ð­ Un ambiente creativo, dinÃ¡mico y colaborativo. âï¸ Oportunidad de trabajar con un equipo apasionado y proyectos desafiantes. ð Posibilidades de crecimiento y desarrollo profesional dentro de la empresa. â¹ï¸ Proceso de selecciÃ³n Entrevista telefÃ³nica con HR (mÃ¡ximo 30 minutos). Prueba tÃ©cnica posterior a la entrevista. Entrevista final con Manager & HR. ð¯ Si crees que tu perfil puede encajar, no dudes en aplicar. Â¡Te esperamos! Please mention the word **SUPERIORITY** and tag RMTQxLjcwLjQyLjI1Mw== when applying to show you read the job post completely (#RMTQxLjcwLjQyLjI1Mw==). This is a beta feature to avoid spam applicants. Companies can search these words to find applicants that read this and see they're human.",https://remoteOK.com/remote-jobs/remote-ux-ui-designer-siroko-1134233,RemoteOK
Analyst,Mphasis,"Bengaluru, Bengaluru, Karnataka, India","analyst, sys admin, customer support, finance, exec, ops, excel, sales",,2026-06-26T08:17:40+00:00,"Job Profile: Sales Operations & Pricing Analyst (looking for in Multiple Levels) Role Summary The Sales Operations & Pricing Analyst is responsible for end-to-end deal lifecycle management, including deal creation, validation, pricing analysis, margin optimization, and reporting. The role supports sales and partner teams by ensuring accurate pricing, compliance with policies, and timely deal processing while providing analytical insights to enhance business performance. Key Responsibilitie sDeal Management & Processin gCreate, update, and manage indirect bid deal s (Transactional, Promotional, MPS) in system tools .Process deal requests submitted by partners or sales teams within defined Turnaround Time (TAT ) .Maintain accurate deal records and ensure completeness of all required information .Pricing & Margin Analysi sConduct detailed price and margin analysis (P&L ) for all deal requests .Validate pricing accuracy in line with approved pricing strategies and policy guidelines .Support margin optimizatio n through data-driven insights and recommendations .Deal Validation & Complianc eReview and validate incoming deals for accuracy, completeness, and adherence to policy .Perform compliance check s and ensure alignment with country-specific delegation matrices .Escalate exceptions, non-standard deals, or risks to Product Managers (PMs) or relevant stakeholders .Approvals & Quotin gApprove deals within delegated authority using system tools .Generate and release customer quote s after validation and approvals .Ensure all pricing approvals are justified and documented .Stakeholder Communication & Coordinatio nAct as a key liaiso n between Sales, Partners, Category teams, and Product Managers .Provide timely updates on deal status and resolution of queries .Support stakeholders in using internal and external tools for deal processing .Reporting & Analytic sPrepare and deliver sales, claims, and pricing report s for business teams .Provide analytical insights to support decision-making and business performance improvement .Track key metrics such as pricing accuracy, margins, and TAT adherence .Special Pricing & Suppor tManage special pricing request s, ensuring strong justification and compliance .Review supporting documentation and provide recommendations for approvals .Assist sales teams with pricing guidance and deal structuring . Key Skills & Competenci esStron g analytical and financial skil ls (pricing, margin, P&L analysi s)Knowledge o f sales operations and deal lifecycle manageme ntAttention to deta il and high accuracy in data handli ngEffectiv e stakeholder management and communicati onUnderstanding o f pricing policies and compliance framewor ksProficiency i n Excel and reporting too lsAbility to work i n SLA-driven, high-volume environmen ts Experience & Qualificat ionBachelorâs degree in Business, Finance, Economics, or related fi eld2â6+ years of experience in sales operations, pricing, or deal supp ort (level depende nt)Experience in IT/Technology industry or channel sales environment prefer red Key Performance Indicators (K PIs)Deal process ing TAT adhere nce Pricing accuracy and compliance rateMargin improvement / profitability contribu tionStakehol der satisfaction le velsQuality and timeliness of reports and anal ysis Work Ti mingsNight shifts to support global operati ons (IST 9:00 pm to 6:am sh ifts) Please mention the word **PURPOSEFUL** and tag RMTQxLjcwLjQyLjI1Mw== when applying to show you read the job post completely (#RMTQxLjcwLjQyLjI1Mw==). This is a beta feature to avoid spam applicants. Companies can search these words to find applicants that read this and see they're human.",https://remoteOK.com/remote-jobs/remote-analyst-mphasis-1134227,RemoteOK
Customer Support,Recruit Lytics Hiring,"Ø§ÙÙØ¯ÙÙØ©, Ø§ÙÙØ¯ÙÙØ© Ø§ÙÙØ¯ÙÙØ© Ø§ÙØ³Ø¹ÙØ¯ÙØ©","customer support, sys admin, education, technical, marketing, exec",,2026-06-26T07:52:07+00:00,"Customer Support Specialist (Arabic) | Remote Â We are actively seeking a detail-oriented Remote Customer Support (Arabic) Specialist to join our team. In this role, you will be responsible for delivering professional and timely support to Arabic-speaking customers through various communication channels. You will handle customer inquiries, resolve issues efficiently, and ensure a positive customer experience at every interaction. Strong communication skills in Arabic, excellent problem-solving ability, and attention to detail are essential for success in this remote position. Your contribution will play a key role in maintaining customer satisfaction and supporting the overall growth of our organization. Â Key Responsibilities Â 1) Customer Communication Respond to customer inquiries via email, chat, or phone in Arabic (and English if required) Provide accurate information about products, services, and processes Maintain clear, professional, and empathetic communication 2) Issue Resolution Assist customers with troubleshooting and resolving common issues Identify root causes and guide customers through solutions Escalate complex or sensitive cases to appropriate teams 3) Case Management Document all customer interactions in CRM or support systems Track open cases and follow up to ensure timely resolution Maintain accurate and up-to-date customer records 4) Quality and Service Standards Ensure all responses meet company quality and communication standards Handle complaints with professionalism and empathy Support continuous improvement by identifying recurring issues 5) Team Collaboration Work closely with internal teams to resolve customer concerns Participate in training sessions and team meetings Stay updated on product changes, policies, and procedures Â Required Skills and Qualifications Fluency in Arabic (written and spoken) and good English skills Strong communication and interpersonal abilities Customer-focused mindset with empathy and patience Ability to handle multiple tasks in a fast-paced environment Basic computer skills and familiarity with digital tools Problem-solving skills and attention to detail Ability to work independently in a remote setting Previous customer support experience is a plus Â Technical Requirements Reliable high-speed internet connection Personal computer or laptop with updated operating system Quiet and professional workspace Familiarity with email, chat tools, and CRM systems (preferred) Â What We Offer Competitive compensation Flexible remote working schedule Training and onboarding support Opportunities for career growth in customer support Performance-based incentives Supportive and collaborative remote team environment Â Keywords Customer support â¢ Arabic speaker â¢ Remote work â¢ Customer service â¢ CRM systems â¢ Communication skills â¢ Problem-solving â¢ Multilingual support â¢ Work from home â¢ Customer experience â¢ Service representative Â Â Please mention the word **REASSURANCE** and tag RMTQxLjcwLjQyLjI1Mw== when applying to show you read the job post completely (#RMTQxLjcwLjQyLjI1Mw==). This is a beta feature to avoid spam applicants. Companies can search these words to find applicants that read this and see they're human.",https://remoteOK.com/remote-jobs/remote-customer-support-recruit-lytics-hiring-1134212,RemoteOK
Entry Level Administrative Assistant,Recruit Lytics Hiring,"Ø§ÙÙØ¯ÙÙØ©, Ø§ÙÙØ¯ÙÙØ© Ø§ÙÙØ¯ÙÙØ© Ø§ÙØ³Ø¹ÙØ¯ÙØ©","virtual assistant, education, customer support, marketing, video, microsoft, exec, ops, excel",,2026-06-26T07:51:56+00:00,"Our fast-growing company is seeking a dedicated Entry-Level Administrative Assistant to support the smooth operation of our daily business activities. In this role, you will assist with organizing, updating, and maintaining accurate company records and databases while ensuring information is handled efficiently and correctly. You will also provide general administrative support across teams, helping to improve workflow and streamline internal processes. Strong computer skills, a willingness to learn, and a keen eye for detail are essential for success in this position. This remote opportunity offers flexible working arrangements and the chance to grow within a supportive and dynamic work environment. Â What Youâll Be Doing: Perform data entry and maintain accurate records across internal systems Update spreadsheets, trackers, and documentation regularly Organize digital files and ensure information is easy to access Assist with scheduling, task coordination, and administrative workflows Monitor and follow up on assigned tasks to ensure completion Support internal teams by maintaining structured and up-to-date information Identify and flag missing or inconsistent data for correction Maintain clear and professional written communication Â What Weâre Looking For: Strong attention to detail and accuracy Good organizational and time management skills Ability to follow instructions and structured workflows Basic familiarity with tools like Google Sheets or Microsoft Excel Clear written communication skills Ability to manage repetitive tasks with consistency Self-motivated and able to work independently in a remote environment No prior experience required â training will be provided Â Tools & Work Environment: Spreadsheets (Google Sheets / Excel) Internal tracking and documentation systems Email and communication platforms Remote collaboration tools (chat and video calls) Â Benefits: Competitive entry-level compensation Flexible remote working schedule Structured onboarding and training support Opportunities for career growth in administration and operations Performance-based incentives Supportive and collaborative remote team environment Access to learning resources and skill development tools Â Why Join? This role offers a strong foundation in administrative support and digital operations. You will gain practical experience in data management, task coordination, and workflow organizationâskills that are highly transferable across various career paths. Â Keywords: Administrative assistant â¢ Entry-level â¢ Remote role â¢ Data entry â¢ Office support â¢ Task coordination â¢ Digital organization â¢ Spreadsheet skills â¢ Work from home â¢ Career development Â Â Please mention the word **COMMEND** and tag RMTQxLjcwLjQyLjI1Mw== when applying to show you read the job post completely (#RMTQxLjcwLjQyLjI1Mw==). This is a beta feature to avoid spam applicants. Companies can search these words to find applicants that read this and see they're human.",https://remoteOK.com/remote-jobs/remote-entry-level-administrative-assistant-recruit-lytics-hiring-1134152,RemoteOK
Administrative Assistant Entry Level,Recruit Lytics Hiring,"England, England, United Kingdom","virtual assistant, design, exec, coordinator, customer support, marketing, content writing, senior, ops, excel, ads, ecommerce, shopify, full time, digital nomad, education, travel, microsoft",,2026-06-26T07:51:44+00:00,"We are a growing organization dedicated to maintaining efficient operations and supporting a productive, professional workplace. Our administrative team plays an essential role in ensuring daily business activities run smoothly by providing reliable support across various departments. We are currently seeking a motivated, organized, and detail-oriented Entry-Level Administrative Assistant to join our team and contribute to the overall success of our organization. The Entry-Level Administrative Assistant will provide administrative and clerical support to managers and team members by handling day-to-day office tasks, maintaining organized records, managing communications, and assisting with general office operations. This role is ideal for individuals who have strong organizational skills, a willingness to learn, and an interest in building a long-term career in administration. As a key member of the administrative team, you will help maintain an efficient workplace environment by ensuring tasks are completed accurately, schedules are coordinated effectively, and office processes operate seamlessly. Â Key Responsibilities: Provide administrative support to managers, departments, and other team members. Manage incoming calls, emails, and correspondence in a professional manner. Organize, update, and maintain physical and digital records, files, and documentation. Assist with data entry, preparing reports, creating documents, and maintaining spreadsheets. Schedule meetings, appointments, and coordinate calendars as needed. Prepare and distribute internal communications and office documents. Assist with office supply inventory, filing, and general administrative duties. Support special projects and perform additional tasks assigned by management. Â Qualifications: High school diploma, Associate's degree, or Bachelor's degree. Strong organizational and time-management skills. Excellent verbal and written communication abilities. Proficiency in Microsoft Office Suite, including Word, Excel, Outlook, and PowerPoint. Strong attention to detail and accuracy. Ability to prioritize tasks and manage multiple responsibilities effectively. Willingness to learn, adapt, and grow within a professional office environment. Previous administrative, customer service, or office experience is an advantage but not required. Â What We Offer: Competitive salary package. Professional development and career advancement opportunities. Supportive and collaborative work environment. Comprehensive training and onboarding. Hands-on experience in administrative operations. Opportunity to build valuable skills and grow within the organization. Â If you are an organized, dependable, and motivated individual looking to begin your career in administration, we encourage you to apply and become an important part of our team. Â Â Please mention the word **WOWS** and tag RMTQxLjcwLjQyLjI1Mw== when applying to show you read the job post completely (#RMTQxLjcwLjQyLjI1Mw==). This is a beta feature to avoid spam applicants. Companies can search these words to find applicants that read this and see they're human.",https://remoteOK.com/remote-jobs/remote-administrative-assistant-entry-level-recruit-lytics-hiring-1134138,RemoteOK
Human Resources Assistant,Recruit Lytics Hiring,"England, England, United Kingdom","design, embedded, sys admin, infosec, technical, customer support, testing, dev, scheme, seo, exec, senior, recruiter, digital nomad, virtual assistant, hr, education, marketing, microsoft, ops, excel, legal",,2026-06-26T07:51:21+00:00,"We are a growing organization committed to fostering a professional, inclusive, and employee-focused workplace. Our Human Resources team plays a critical role in supporting our workforce and ensuring that employees receive the resources, guidance, and support needed to succeed. We are currently seeking a highly organized and detail-oriented Human Resources Assistant to join our team and contribute to the smooth operation of our HR department. The Human Resources Assistant will provide comprehensive administrative and operational support across various HR functions, including recruitment, onboarding, employee relations, record management, compliance, and internal communications. This role is ideal for an individual who enjoys working with people, has strong organizational skills, and is passionate about supporting employee success while maintaining accurate and confidential HR records. As a key member of the HR team, you will assist with day-to-day human resources activities and help ensure that HR processes are carried out efficiently and in accordance with company policies and employment regulations. Â Key Responsibilities: Â Recruitment & Hiring Support Assist with the recruitment process by posting job advertisements, screening applications, and coordinating interviews. Schedule interviews and communicate with candidates throughout the hiring process. Prepare offer letters, employment contracts, and onboarding documentation. Maintain recruitment records and applicant tracking systems. Employee Onboarding & Administration Coordinate new employee onboarding and orientation activities. Prepare employee files and ensure all required documentation is completed and maintained. Assist employees with HR-related inquiries and requests. Maintain accurate employee records, databases, and filing systems. HR Operations & Compliance Ensure employee records remain current, accurate, and compliant with company policies and legal requirements. Assist in monitoring HR procedures and compliance standards. Support the preparation of HR reports, metrics, and documentation. Help administer employee policies, handbooks, and workplace procedures. Employee Engagement & Support Support employee engagement initiatives, training programs, and company events. Assist with performance review administration and employee development activities. Coordinate internal communications related to HR programs and announcements. Foster positive relationships with employees across all departments. General Administrative Duties Manage HR correspondence, calendars, and meeting schedules. Prepare reports, presentations, and HR-related documents. Organize and maintain confidential personnel records. Provide administrative support to the HR Manager and wider leadership team as required. Â Qualifications: High school diploma, Associate's or Bachelor's degree. Strong organizational and multitasking abilities. Excellent verbal and written communication skills. Proficiency in Microsoft Office Suite, including Word, Excel, Outlook, and PowerPoint. Ability to maintain confidentiality and handle sensitive information with discretion. Strong attention to detail and accuracy. Professional, approachable, and team-oriented attitude. Â What We Offer: Competitive salary package. Professional development and career advancement opportunities. Supportive and collaborative work environment. Employee training and development programs. Comprehensive onboarding and ongoing support. Opportunity to make a meaningful contribution to employee success and organizational growth. Â If you are passionate about human resources, enjoy supporting people, and thrive in a fast-paced professional environment, we invite you to apply and become an important part of our HR team. Â Please mention the word **SKILL** and tag RMTQxLjcwLjQyLjI1Mw== when applying to show you read the job post completely (#RMTQxLjcwLjQyLjI1Mw==). This is a beta feature to avoid spam applicants. Companies can search these words to find applicants that read this and see they're human.",https://remoteOK.com/remote-jobs/remote-human-resources-assistant-recruit-lytics-hiring-1134179,RemoteOK
File Clerk,Recruit Lytics Hiring,"Hong Kong, Hong Kong, Hong Kong SAR","jira, hr, customer support, finance, cloud, admin, exec, ops, legal",,2026-06-26T07:47:42+00:00,"As a Remote File Clerk, youâll keep digital and scanned records accurate, organized, searchable, and compliant. Youâll support multiple teams by receiving documents, validating completeness, applying naming conventions, classifying files into the correct repositories, and maintaining an audit-ready trail of what was received, when it was processed, and where it lives. Youâll work in a high-volume environment where speed matters, but accuracy and confidentiality matter more. Â Key responsibilities: Â Intake & indexing: Receive files from shared inboxes, portals, internal ticketing tools, and cloud folders. Confirm document type, required fields, signatures, and attachments. Index each record using standard metadata (client/project ID, date, document category, version, region). Â Document organization: Apply standardized naming conventions and folder structures. Convert formats when needed (PDF merge/split, image-to-PDF, compressing, version labeling). Maintain controlled libraries (final vs draft vs archived), including retention tags. Â Quality control Perform daily spot checks for duplicates, misfiles, missing pages, and unreadable scans. Flag exceptions and route them to the correct owner with clear notes. Maintain error logs and contribute to process improvements that reduce rework. Â Records governance & compliance: Handle sensitive records with strict access controls and confidentiality. Follow retention schedules, legal hold instructions, and deletion/archival rules. Support audits by pulling records quickly and documenting chain-of-custody steps. Â Collaboration & communication: Coordinate with HR, Finance, Operations, Legal, or Customer teams to clarify file requirements. Provide status updates on backlog, turnaround time, and issues found during processing. Â Â Tools you may use: Â Cloud storage (Google Drive/SharePoint/Dropbox), document tools (Adobe Acrobat or equivalents), spreadsheets, ticketing (Jira/Asana/ServiceNow), e-signature platforms, and basic office productivity tools. Â Success metrics (examples): Â Accuracy rate (misfile/metadata error rate) Turnaround time from receipt to filed Backlog size and daily throughput Audit retrieval speed and completeness Compliance adherence (access control, retention tagging) Â Qualifications: Experience in records management, admin support, clerical work, or document control (preferred). Strong attention to detail; able to follow naming/filing rules consistently. Comfortable handling confidential information and following strict procedures. Basic computer proficiency: file systems, spreadsheets, PDFs, and collaboration tools. Â Please mention the word **ENCOURAGINGLY** and tag RMTQxLjcwLjQyLjI1Mw== when applying to show you read the job post completely (#RMTQxLjcwLjQyLjI1Mw==). This is a beta feature to avoid spam applicants. Companies can search these words to find applicants that read this and see they're human.",https://remoteOK.com/remote-jobs/remote-file-clerk-recruit-lytics-hiring-1134157,RemoteOK
7 Figure Leap: Relational Sales Lead,,,,,"Wed, 01 Jul 2026 00:48:07 +0000","Headquarters: St Louis, MO URL: https://7figureleap.com/ DETAILS Status: Independent contractor (1099), part-time, fully remote Commitment: 18–25 hours per week; busier in the weeks leading up to a cohort launch, lighter in between Compensation: Base + commission (estimated earnings $6,000-$8,000/mo) Location: Fully remote, US preferred Start Date: Mid-late July 2026 Growth Path: This role is designed to grow over time RESPONSIBILITIES The below lays out responsibilities that we see as the highest priorities at this point in time. This list may expand as time passes and the business grows. Inbound Sales Estimated time per week: 8-15 hours/week Own inbound Podcast Profits Accelerator (PPA) sales/strategy calls. Lead as a consultative, relational sales person, listening to understand and serve the prospect. Use real discernment on fit; never prejudge someone based on the outside appearance of their business - let the application and conversation shape the path forward Move qualified opportunities toward enrollment and collected revenue Keep the CRM current and the pipeline moving (we have some AI tools that assist with this) Proactive Sales Opportunities There are warm leads everywhere in our ecosystem: people who attended a webinar, raised their hand in an email, or just needed more time. A lot of those seeds currently go unwatered. The right person will find them, nurture them, and turn them into sales with creative freedom to optimize their own approach and earn greater commissions. Estimated time per week: 5-10 hours/week Protect a daily focused hour (our proprietary process) for proactive outreach: Reactivating past prospects, engaging warm leads from workshops and webinars, and helping prospects move toward a decision. Work the warm pools 7FL generates: Webinar attendees who didn’t book, engaged subscribers, active community members Re-engage the “not right now” list ahead of each cohort and make the compelling case to commit Own diligent, personalized, multi-touch follow-up (the lovingly persistent kind) Relationship Calls Estimated time per week: 4 hours/week Take inbound calls that may lead to a sale, partnership, collaboration, or a relationship worth keeping warm; your job is to read the room, connect the dots, and know where to guide the conversation Collaboration and Community Estimated time per week: 1-2 hours/week Collaborate with the marketing team so the right offer reaches the right person at the right time Go through the PPA yourself so you can speak as a client; for the right person, this can grow into assisting client sales training (we cover the cost of your participation) Assist with other tasks that may arise from time to time or as your role grows Collaborate with our AI expert and Dustin to build and refine sales tools you'll use in your own workflow (and that may grow into assets for our community) THIS ROLE IS FOR SOMEONE WHO Genuinely values people and enjoys helping them reach their goals Builds rapport naturally Follows up to deepen relationships, not just to close them Is discerning, able to read the situation and advise prospects Is mindful of how they communicate, whether on a call, in an email, or in a quick message Believes every connection is a seed for something (you just might not know what yet) Wants to grow into a bigger seat over time Holds themselves accountable to the revenue outcomes of this role Understands that the approach to this role is focused on both revenue and relationships THIS ROLE IS NOT FOR SOMEONE WHO Measures success in number of outbound cold messages instead of quality of relationships Needs a rigid script and won’t bring their own judgment to a conversation Is looking for a small, static contract with a tight scope Treats follow-up as a checklist item rather than a genuine touchpoint Is only interested if the pipeline is already warm and the close is easy REQUIREMENTS Skills Relational intelligence: You connect with people quickly and they feel it Emotional intelligence: You read a room, a message, a hesitation Persistent follow-through (the lovingly persistent kind, not the pushy kind) Strong, proactive communication with prospects and team members Sound judgment about people and opportunities Self-starter who takes real initiative Experience Proven sales experience: You’ve owned the full sales cycle, discovery through close, for products or services at or near $10k+ (PPA is a $10k program) Comfortable working a CRM and managing follow-up workflows Background in info-products, coaching, or B2B (a plus) Bonus Points If You Have… Experience with GoHighLevel: We’re underleveraging it and would love someone who knows it Comfort with AI tools: we use Claude across the team Already been through the PPA (if not, we’ll put you through it and cover the cost) TOOLS WE USE GoHighLevel (GHL): CRM and sales pipeline ClickUp Slack Circle Zoom Claude HIRING PROCESS The hiring process for this role is managed by Building Remote on 7-Figure Leap’s behalf. While we would love for the right person to come from within the 7FL community, every candidate, regardless of their relationship with Dustin, is evaluated against the same specific criteria. We’re looking for the person who most closely meets all of them. To be considered, please complete a full application. Only candidates with a completed application will be considered. This role will report directly to Dustin Riechmann, Founder & CEO of 7-Figure Leap. To apply: https://weworkremotely.com/remote-jobs/7-figure-leap-relational-sales-lead",https://weworkremotely.com/remote-jobs/7-figure-leap-relational-sales-lead,We Work Remotely
Inspiring Lives Today: HR Professional – Career Transition Opportunity (Remote),,,,,"Tue, 30 Jun 2026 23:29:17 +0000","Headquarters: Perth, Western Australia URL: https://www.inspiringlivestoday.com/ Job Description / Learn More / Book in Your Interview Location Eligibility: We are currently accepting applications fro mexperienced professionals residing in Australia, Canada, New Zealand, Singapore, Switzerland, Germany the United Kingdom and the United States. As we're expanding region by region, applications from other counries cannot be considered at this stage and will be removed. ___________________________________________________________________________ This opportunity is a structured REMOTE Business Model designed for professionals who want greater flexibility, autonomy and long term growth. This is not your typical role - its a flexible, purpose driven solution for individuals ready to grow, lead and design work that truly fits their lifestyle. Click the link below toread through the Job Description and to have the opportunity to book in a Discovery Interview. Complete your details into the form, so we can contact you regardig this opportunity. Thank you To apply: https://weworkremotely.com/remote-jobs/inspiring-lives-today-hr-professional-career-transition-opportunity-remote",https://weworkremotely.com/remote-jobs/inspiring-lives-today-hr-professional-career-transition-opportunity-remote,We Work Remotely
Rutherford MP: Campaign Coordinator,,,,,"Tue, 30 Jun 2026 22:55:08 +0000","Headquarters: Las Vegas URL: http://rutherfordmp.com Campaign Coordinator The role in one line You're the execution engine behind every campaign. Creators hear from you. Brands hear from you. Campaigns ship on time because you make them ship. What you'll own Creator deliverables, timelines, approvals, and brand comms across every active campaign An accurate CRM: deal stages, revenue attribution, creator assignments, campaign status Delivery risks spotted and escalated before they become problems Automations that kill manual work and human error The day-to-day Creator comms: kickoff emails day one, deadline management, draft approvals, holding accountability Brand comms: progress updates, feedback routing, proactive communication on deadlines and scope changes Timeline tracking: own the CRM board, update status daily, keep a clear view of every campaign in flight Asset QC: review drafts against briefs before they reach the brand. Catch missing disclosures, wrong CTAs, broken links Reporting: pull performance data post-campaign, build clean recaps, flag renewal and upsell opportunities Qualifications: 2 to 4 years in account management, project coordination, client services, or campaign operations Fluent with AI tools like ChatGPT and Claude Strong client communication Organized to a fault. Proactive. Available 9:00am to 5:00pm PST Nice to haves: Monday.com or similar CRM experience Prior experience at a creator/influencer agency, PR firm, or talent management company Familiarity with YouTube, Instagram, and TikTok creator workflows Background in advertising, media buying, or brand marketing Interested? Email kevin@rutherfordmp.com To apply: https://weworkremotely.com/remote-jobs/rutherford-mp-campaign-coordinator",https://weworkremotely.com/remote-jobs/rutherford-mp-campaign-coordinator,We Work Remotely
Fortis Games: Staff Product Manager,,,,,"Tue, 30 Jun 2026 20:34:28 +0000","Headquarters: Remote - Romania Who we are At Fortis Games we aspire to make great games that bring people together while redefining how game companies work. We believe in building a sense of belonging through our games, their communities, and how we operate and treat each other. Through our game communities, we will create powerful connections and lasting memories. We will foster a culture of diversity, equity and belonging where together our diverse skills, experiences and backgrounds impact the games we make. We are an early but mighty organization with a leadership team of game industry veterans. There are many opportunities for you to have a big impact on the products we'll be making as well as the overall direction of the company. If you're passionate about tackling difficult problems with direct and thoughtful communication and team first mentality, we may be the right place for you. About the role: As a Staff Product Manager at Fortis Games, you’ll partner closely with Design and cross-functional teams to help scale one of our newer portfolio titles—built to engage multiple casual audiences—as it moves through soft launch and toward global release. In this role, you’ll sit at the intersection of product strategy and game systems design, taking ownership of the game’s economic structure, monetization approach, and Live Ops direction. At a pivotal moment in the product’s lifecycle, you’ll focus on translating a strong creative foundation into a scalable, commercially sustainable business. This means shaping progression systems, strengthening economic cohesion, and using disciplined experimentation to drive meaningful performance gains. What You’ll Achieve: Own the evolution of a multi-layered economy spanning multiple vertical progression systems and gameplay loops, ensuring long-term health and cohesion. Drive monetization strategy across the product optimizing monetization systems, progression balance, and overall commercial performance. Lead structured experimentation across economy and Live Ops, designing and evaluating A/B tests that materially impact retention, ARPDAU, and long-term LTV. Identify and close performance gaps during soft launch by translating data signals into clear product decisions and structural system improvements. Define and scale Live Ops strategy—including event cadence, segmentation, personalization, and offer testing—to support global launch readiness. Partner deeply with design, producers, engineering, analytics, and central teams to align execution with business goals. Write high-quality, actionable product specifications that enable speed without compromising system integrity. Surface competitive insights and market learnings to inform roadmap direction and portfolio positioning. Operate with ownership and accountability—bringing clarity, prioritization, and structured decision-making to a fast-moving environment. What You’ll Need to Be Successful 5–8+ years of product management experience in F2P mobile games, with meaningful exposure to live operations and revenue-driving systems. Proven experience contributing to or building a live game with measurable commercial performance; direct KPI ownership is strongly preferred. The ambition and conviction to help build and scale a product that defines its category. The ability to make hard prioritization decisions under pressure—balancing commercial impact, system health, and player experience with clarity and discipline. Deep expertise in monetization design and economy modeling. Strong understanding of complex gameplay loops and how economic decisions ripple across retention and engagement. Proven ability to design, run, and interpret A/B tests during soft launch or live scaling phases. Strong analytical fluency and comfort partnering closely with data teams (Excel, SQL, Looker, or similar tools). A systems-thinking mindset with the ability to anticipate second-order impacts of product decisions. Experience operating in fast-paced environments with high autonomy and accountability. Ability to influence across disciplines and bring alignment in cross-functional, remote-first teams. Clear long-term commitment to product leadership within games. Genuine passion for building commercially successful, system-driven products. Why join us There are many reasons to join us, but here are a few: We strongly believe we are changing how games studios operate and at the core of what we do is making great games that create a connected community We're not just about making Games Where You Belong. We're also about building communities where our people belong. That's why Fortis is a thriving environment that celebrates diversity, embraces inclusivity, and fosters growth. Build and grow with a seasoned team of accomplished talent who have left an impactful mark in their disciplines, both in and out of gaming Fortis is an Equal Opportunity Employer. All qualified applicants will receive consideration for employment without regard to race, color, religion, sex, sexual orientation, gender identity, gender expression, national origin, protected veteran status, or any other basis protected by applicable law, and will not be discriminated against on the basis of disability. To apply: https://weworkremotely.com/remote-jobs/fortis-games-staff-product-manager",https://weworkremotely.com/remote-jobs/fortis-games-staff-product-manager,We Work Remotely
Kraken: Product Manager II - Financial Systems,,,,,"Tue, 30 Jun 2026 20:34:19 +0000","Headquarters: United States Building the Future of Crypto Our Krakenites are a world-class team with crypto conviction, united by our desire to discover and unlock the potential of crypto and blockchain technology. What makes us different? Kraken is a mission-focused company rooted in crypto values. As a Krakenite, you’ll join us on our mission to accelerate the global adoption of crypto, so that everyone can achieve financial freedom and inclusion. For over a decade, Kraken’s focus on our mission and crypto ethos has attracted many of the most talented crypto experts in the world. Before you apply, please read the Kraken Culture page to learn more about our internal culture, values, and mission. We also expect candidates to familiarize themselves with the Kraken app. Learn how to create a Kraken account here . As a fully remote company, we have Krakenites in 70+ countries who speak over 50 languages. Krakenites are industry pioneers who develop premium crypto products for experienced traders, institutions, and newcomers to the space. Kraken is committed to industry-leading security , crypto education , and world-class client support through our products like Kraken Pro , Desktop , Wallet , and Kraken Futures . Become a Krakenite and build the future of crypto! Proof of work The team Given our rapid growth, we are looking for a proactive Product Manager to join Kraken’s Financial Systems product group. You’ll play a critical role in shaping and scaling the systems that underpin Kraken’s accounting, treasury, and financial operations, while acting as a strong bridge between engineering, finance, treasury, and the broader product organisation. Your product area has not previously operated within a fully established product structure. As such, there is a unique opportunity to shape and define how product management operates across Kraken’s core financial systems, setting clear ownership, vision, and ways of working. You’ll be working closely with the teams that own Kraken’s accounting, treasury, and financial control platforms, as well as partnering with product owners across the organisation whose products and services interact with Finance and Treasury. These systems are foundational to the business, supporting accurate financial reporting, liquidity management, regulatory requirements, and day-to-day operational decision-making across crypto-native products, tokenized equities, and traditional financial instruments . You will report into the Senior Product Manager of this domain, operating at the intersection of highly technical systems, complex financial workflows, and cross-product dependencies. The opportunity Be the product manager for Kraken’s Financial Systems, covering accounting, treasury, and related financial platforms. Work closely with your engineering squads to establish a strong product culture and clear ownership within a historically project-driven domain. Partner deeply with Finance, Treasury, Accounting, Risk, and Compliance stakeholders to understand their needs and translate them into scalable, reliable system capabilities. Collaborate with product owners across the organisation whose teams integrate with or depend on financial and treasury systems, ensuring alignment, clear interfaces, and shared priorities. Collaborate closely with developers to ensure complex financial and technical challenges are solved in ways that ensure accuracy, auditability, scalability, and resilience. Drive the development process end-to-end, ensuring products are delivered on time and meet Kraken’s quality, reliability, and control standards. Participate in strengthening the overall product group through close collaboration with your globally distributed team of fellow product managers. Skills you should HODL Prior experience in product management or technical product management. Experience working on complex internal systems, platforms, or enterprise software, ideally within financial services or trading environments. Deep understanding of financial instruments and markets, including crypto assets, tokenized equities, derivatives, securities, and their associated lifecycle events. Strong knowledge of payment processes and methods, including fiat and crypto rails, settlement, clearing, and reconciliation concepts. A background that enables you to engage confidently in discussions around system design, integrations, data models, and trade-offs impacting reliability and performance. Ability to bridge highly technical system design with financial, accounting, and treasury requirements. Nice to haves Experience with accounting systems, treasury management systems, or financial data platforms. Familiarity with financial controls, audits, or regulatory reporting requirements across multiple jurisdictions. Experience coordinating across multiple product teams with shared platform dependencies. Experience integrating systems across trading, payments, custody, or securities platforms. Experience working in a fast-paced start-up or scale-up environment. Unless a specific application deadline is stated in the job posting, applications are accepted on an ongoing basis. Please note, applicants are permitted to redact or remove information on their resume that identifies age, date of birth, or dates of attendance at or graduation from an educational institution. We consider qualified applicants with criminal histories for employment on our team, assessing candidates in a manner consistent with the requirements of the San Francisco Fair Chance Ordinance. Kraken is powered by people from around the world and we celebrate all Krakenites for their diverse talents, backgrounds, contributions and unique perspectives. We hire strictly based on merit, meaning we seek out the candidates with the right abilities, knowledge, and skills considered the most suitable for the job. We encourage you to apply for roles where you don't fully meet the listed requirements, especially if you're passionate or knowledgable about crypto! As an equal opportunity employer, we don’t tolerate discrimination or harassment of any kind. Whether that’s based on race, ethnicity, age, gender identity, citizenship, religion, sexual orientation, disability, pregnancy, veteran status or any other protected characteristic as outlined by federal, state or local laws. Stay in the know Follow us on Twitter Learn on the Kraken Blog Connect on LinkedIn Candidate Privacy Notice To apply: https://weworkremotely.com/remote-jobs/kraken-product-manager-ii-financial-systems",https://weworkremotely.com/remote-jobs/kraken-product-manager-ii-financial-systems,We Work Remotely
Supportyourapp: (fluent German & English) L1 Customer Support Consultant (EU Remote),,,,,"Tue, 30 Jun 2026 20:34:13 +0000","Headquarters: Cluj-Napoca, Cluj County, Romania Who we are? SupportYourApp is a global Support-as-a-Service leader, partnering with tech companies and industry leaders like MasterCard, Calm and MacPaw in 30+ countries since 2010 to deliver secure customer and technical support. We operate globally, supporting clients in 60 languages across diverse industries. So what if you had a chance to be a part of the world’s leading SaaS, software, or hardware solutions? Join our community as a Customer Support Consultant today and thrive in a multicultural and multilingual environment while enjoying your home office. Unlock your potential by mastering new skills and achieving challenging goals in cooperation with our People First management approach. Excited? Let’s see what it takes. What you will do: Deliver outstanding customer support via emails, calls, and chats Build strong and lasting customer relationships Resolve customer issues quickly and efficiently, ensuring high-quality solutions Keep up with evolving tools and technology Escalate complex issues to the appropriate team for resolution Apply the latest and greatest customer happiness practices Maintain a deep understanding of client solutions and meet KPIs Communicate with developers and cross-functional specialists What you need to succeed in this role: Fluency in German and English (C1 or higher), both spoken and written 6–12 months of experience in customer support Strong analytical thinking, research, and problem-solving skills Tech-savvy, with strong system-handling skills, including routine navigation of Google Workspace or Microsoft-based environments Fast and accurate typing skills with confident multi-platform usage Proven customer service communication skills, including: Objection handling Structured and benefit-oriented dialogue Empathy and clear, professional articulation Ability to consistently apply these communication skills across all customer interaction channels Positive, proactive, and responsible attitude Personal computer (minimum 8 GB RAM) with a stable internet connection (50 Mbps download / 40 Mbps upload) Benefits and Perks: Flexible schedule (24/7) Opportunity to cooperate fully remotely Inclusive international environment Compensation in USD Rewards for referring friends Balance between project workload and personal time, but also – internal health policy Responsive leadership interested in your development and long-lasting cooperation Greenhouse conditions for self-development A culture built on trust, with no time-tracking requirements *The items listed in this section may vary depending on the terms of your engagement. Certain benefits and conditions typically apply to employees; independent contractors may not be eligible for all of these. The specific terms, including compensation, benefits, and work conditions, will be clearly defined in your agreement if selected. You can learn more about the company and its culture by visiting our official website and social pages on Facebook , Instagram , and LinkedIn . So if you're a proactive Support Specialist who thrives on solving problems, ensuring customer satisfaction, and delivering outstanding service, don't miss this opportunity and send us your CV in English to collaborate with us! Over 1300+ specialists who already deliver exceptional customer experiences collaborating with SupportYourApp. Know someone perfect for the role? Refer them and get rewarded! We adhere to the principles of equal treatment of candidates and prohibit discrimination on any grounds protected by law. Your personal data will be processed as described in the SupportYourApp Candidate Privacy Notice . To apply: https://weworkremotely.com/remote-jobs/supportyourapp-fluent-german-english-l1-customer-support-consultant-eu-remote-1",https://weworkremotely.com/remote-jobs/supportyourapp-fluent-german-english-l1-customer-support-consultant-eu-remote-1,We Work Remotely
Supportyourapp: (fluent German & English) L1 Customer Support Consultant (EU Remote),,,,,"Tue, 30 Jun 2026 20:34:13 +0000","Headquarters: Prešov, Prešov Region, Slovakia Who we are? SupportYourApp is a global Support-as-a-Service leader, partnering with tech companies and industry leaders like MasterCard, Calm and MacPaw in 30+ countries since 2010 to deliver secure customer and technical support. We operate globally, supporting clients in 60 languages across diverse industries. So what if you had a chance to be a part of the world’s leading SaaS, software, or hardware solutions? Join our community as a Customer Support Consultant today and thrive in a multicultural and multilingual environment while enjoying your home office. Unlock your potential by mastering new skills and achieving challenging goals in cooperation with our People First management approach. Excited? Let’s see what it takes. What you will do: Deliver outstanding customer support via emails, calls, and chats Build strong and lasting customer relationships Resolve customer issues quickly and efficiently, ensuring high-quality solutions Keep up with evolving tools and technology Escalate complex issues to the appropriate team for resolution Apply the latest and greatest customer happiness practices Maintain a deep understanding of client solutions and meet KPIs Communicate with developers and cross-functional specialists What you need to succeed in this role: Fluency in German and English (C1 or higher), both spoken and written 6–12 months of experience in customer support Strong analytical thinking, research, and problem-solving skills Tech-savvy, with strong system-handling skills, including routine navigation of Google Workspace or Microsoft-based environments Fast and accurate typing skills with confident multi-platform usage Proven customer service communication skills, including: Objection handling Structured and benefit-oriented dialogue Empathy and clear, professional articulation Ability to consistently apply these communication skills across all customer interaction channels Positive, proactive, and responsible attitude Personal computer (minimum 8 GB RAM) with a stable internet connection (50 Mbps download / 40 Mbps upload) Benefits and Perks: Flexible schedule (24/7) Opportunity to cooperate fully remotely Inclusive international environment Compensation in USD Rewards for referring friends Balance between project workload and personal time, but also – internal health policy Responsive leadership interested in your development and long-lasting cooperation Greenhouse conditions for self-development A culture built on trust, with no time-tracking requirements *The items listed in this section may vary depending on the terms of your engagement. Certain benefits and conditions typically apply to employees; independent contractors may not be eligible for all of these. The specific terms, including compensation, benefits, and work conditions, will be clearly defined in your agreement if selected. You can learn more about the company and its culture by visiting our official website and social pages on Facebook , Instagram , and LinkedIn . So if you're a proactive Support Specialist who thrives on solving problems, ensuring customer satisfaction, and delivering outstanding service, don't miss this opportunity and send us your CV in English to collaborate with us! Over 1300+ specialists who already deliver exceptional customer experiences collaborating with SupportYourApp. Know someone perfect for the role? Refer them and get rewarded! We adhere to the principles of equal treatment of candidates and prohibit discrimination on any grounds protected by law. Your personal data will be processed as described in the SupportYourApp Candidate Privacy Notice . To apply: https://weworkremotely.com/remote-jobs/supportyourapp-fluent-german-english-l1-customer-support-consultant-eu-remote-1",https://weworkremotely.com/remote-jobs/supportyourapp-fluent-german-english-l1-customer-support-consultant-eu-remote-1,We Work Remotely
"Supportyourapp: (fluent German & English) Customer Support Consultant, Banking (remotely)",,,,,"Tue, 30 Jun 2026 20:34:13 +0000","Headquarters: Košice, Košice Region, Slovakia Who we are? SupportYourApp is a global Support-as-a-Service leader, partnering with tech companies and industry leaders like MasterCard, Calm and MacPaw in 30+ countries since 2010 to deliver secure customer and technical support. We operate globally, supporting clients in 60 languages across diverse industries. So what if you had a chance to be a part of the world’s leading SaaS, software, or hardware solutions? Join our community as a Customer Support Consultant today and thrive in a multicultural and multilingual environment while enjoying your home office. Unlock your potential by mastering new skills and achieving challenging goals in cooperation with our People First management approach. Excited? Let’s see what it takes. What you will do: Deliver outstanding customer support via emails, calls, and chats Build strong and lasting customer relationships Resolve customer issues quickly and efficiently, ensuring high-quality solutions Keep up with evolving tools and technology Escalate complex issues to the appropriate team for resolution Apply the latest and greatest customer happiness practices Maintain a deep understanding of client solutions and meet KPIs Communicate with developers and cross-functional specialists What you need to succeed in this role: Fluency in German and English (C1 or higher), both spoken and written 6–12 months of experience in customer support Strong analytical thinking, research, and problem-solving skills Tech-savvy, with strong system-handling skills, including routine navigation of Google Workspace or Microsoft-based environments Fast and accurate typing skills with confident multi-platform usage Proven customer service communication skills, including: Objection handling Structured and benefit-oriented dialogue Empathy and clear, professional articulation Ability to consistently apply these communication skills across all customer interaction channels Positive, proactive, and responsible attitude Personal computer (minimum 8 GB RAM) with a stable internet connection (50 Mbps download / 40 Mbps upload) Benefits and Perks: Flexible schedule (24/7) Opportunity to cooperate fully remotely Inclusive international environment Compensation in USD Rewards for referring friends Balance between project workload and personal time, but also – internal health policy Responsive leadership interested in your development and long-lasting cooperation Greenhouse conditions for self-development A culture built on trust, with no time-tracking requirements *The items listed in this section may vary depending on the terms of your engagement. Certain benefits and conditions typically apply to employees; independent contractors may not be eligible for all of these. The specific terms, including compensation, benefits, and work conditions, will be clearly defined in your agreement if selected. You can learn more about the company and its culture by visiting our official website and social pages on Facebook , Instagram , and LinkedIn . So if you're a proactive Support Specialist who thrives on solving problems, ensuring customer satisfaction, and delivering outstanding service, don't miss this opportunity and send us your CV in English to collaborate with us! Over 1300+ specialists who already deliver exceptional customer experiences collaborating with SupportYourApp. Know someone perfect for the role? Refer them and get rewarded! We adhere to the principles of equal treatment of candidates and prohibit discrimination on any grounds protected by law. Your personal data will be processed as described in the SupportYourApp Candidate Privacy Notice . To apply: https://weworkremotely.com/remote-jobs/supportyourapp-fluent-german-english-customer-support-consultant-banking-remotely",https://weworkremotely.com/remote-jobs/supportyourapp-fluent-german-english-customer-support-consultant-banking-remotely,We Work Remotely
Supportyourapp: (fluent German & English) L1 Customer Support Consultant (EU Remote),,,,,"Tue, 30 Jun 2026 20:33:57 +0000","Headquarters: Košice, Košice Region, Slovakia Who we are? SupportYourApp is a global Support-as-a-Service leader, partnering with tech companies and industry leaders like MasterCard, Calm and MacPaw in 30+ countries since 2010 to deliver secure customer and technical support. We operate globally, supporting clients in 60 languages across diverse industries. So what if you had a chance to be a part of the world’s leading SaaS, software, or hardware solutions? Join our community as a Customer Support Consultant today and thrive in a multicultural and multilingual environment while enjoying your home office. Unlock your potential by mastering new skills and achieving challenging goals in cooperation with our People First management approach. Excited? Let’s see what it takes. What you will do: Deliver outstanding customer support via emails, calls, and chats Build strong and lasting customer relationships Resolve customer issues quickly and efficiently, ensuring high-quality solutions Keep up with evolving tools and technology Escalate complex issues to the appropriate team for resolution Apply the latest and greatest customer happiness practices Maintain a deep understanding of client solutions and meet KPIs Communicate with developers and cross-functional specialists What you need to succeed in this role: Fluency in German and English (C1 or higher), both spoken and written 6–12 months of experience in customer support Strong analytical thinking, research, and problem-solving skills Tech-savvy, with strong system-handling skills, including routine navigation of Google Workspace or Microsoft-based environments Fast and accurate typing skills with confident multi-platform usage Proven customer service communication skills, including: Objection handling Structured and benefit-oriented dialogue Empathy and clear, professional articulation Ability to consistently apply these communication skills across all customer interaction channels Positive, proactive, and responsible attitude Personal computer (minimum 8 GB RAM) with a stable internet connection (50 Mbps download / 40 Mbps upload) Benefits and Perks: Flexible schedule (24/7) Opportunity to cooperate fully remotely Inclusive international environment Compensation in USD Rewards for referring friends Balance between project workload and personal time, but also – internal health policy Responsive leadership interested in your development and long-lasting cooperation Greenhouse conditions for self-development A culture built on trust, with no time-tracking requirements *The items listed in this section may vary depending on the terms of your engagement. Certain benefits and conditions typically apply to employees; independent contractors may not be eligible for all of these. The specific terms, including compensation, benefits, and work conditions, will be clearly defined in your agreement if selected. You can learn more about the company and its culture by visiting our official website and social pages on Facebook , Instagram , and LinkedIn . So if you're a proactive Support Specialist who thrives on solving problems, ensuring customer satisfaction, and delivering outstanding service, don't miss this opportunity and send us your CV in English to collaborate with us! Over 1300+ specialists who already deliver exceptional customer experiences collaborating with SupportYourApp. Know someone perfect for the role? Refer them and get rewarded! We adhere to the principles of equal treatment of candidates and prohibit discrimination on any grounds protected by law. Your personal data will be processed as described in the SupportYourApp Candidate Privacy Notice . To apply: https://weworkremotely.com/remote-jobs/supportyourapp-fluent-german-english-l1-customer-support-consultant-eu-remote",https://weworkremotely.com/remote-jobs/supportyourapp-fluent-german-english-l1-customer-support-consultant-eu-remote,We Work Remotely
Supportyourapp: (Native Finnish) Customer Support Consultant (remotely),,,,,"Tue, 30 Jun 2026 20:33:45 +0000","Headquarters: Alicante, Valencian Community, Spain Who we are? SupportYourApp is a global Support-as-a-Service leader, collaborating with top-tier tech companies like Mastercard, Calm, and MacPaw since 2010. We operate in 30+ countries and from 90+ countries, and support customers in 60 languages, helping SaaS, software, and hardware brands deliver secure, world-class customer and technical support. Right now, we’re expanding our talent bench — a pool of skilled Customer Support Consultants who want to grow with us and be the first in line when new projects open. If you’re ready to join a multicultural, multilingual community and grow professionally while working from home, this could be your next step. What you will do: Deliver outstanding customer support via calls, chats and emails Build strong and lasting customer relationships Keep up with evolving tools and technology Handle sensitive customer data with care and security Apply the latest and greatest customer happiness practices Maintain deep understanding of client solutions and meet KPI Communicate with developers and cross-functional specialists What you need to succeed in this role: Native Finnish and good English communication skills (at B2 level or higher) 6+ months of experience in customer support role CRM systems expertise Strong analytical thinking and research skills Positive, proactive and responsible attitude Personal computer (at least 8Gb of RAM) with a stable internet connection (minimum 50 Mbps–download and 40 Mbps–upload) Will be a great plus: Experience in technical support What you get in return: Provide services during flexible hours Opportunity to cooperate fully remotely Inclusive international environment Compensation in USD Rewards for referring friends Balance between project workload and personal time, but also – internal health policy Responsive leadership interested in your development and long-lasting cooperation Greenhouse conditions for self-development A culture built on trust, with no time-tracking requirements If this is about you — let’s get to know each other before 2026 opens its doors. We can simply exchange ideas or talk through the opportunities for our growth together *Benefits and conditions may vary depending on the terms of your engagement. Some benefits typically apply to employees; independent contractors may not be eligible for all of them. Final terms will be clearly defined in your agreement if selected. We adhere to the principles of equal treatment of candidates and prohibit discrimination on any grounds protected by law. Your personal data will be processed as described in the SupportYourApp Candidate Privacy Notice . To apply: https://weworkremotely.com/remote-jobs/supportyourapp-native-finnish-customer-support-consultant-remotely",https://weworkremotely.com/remote-jobs/supportyourapp-native-finnish-customer-support-consultant-remotely,We Work Remotely
Supportyourapp: (Native Danish) Customer Support Consultant (remotely),,,,,"Tue, 30 Jun 2026 20:33:44 +0000","Headquarters: Bergen, Vestland, Norway Who we are? SupportYourApp is a global Support-as-a-Service leader, collaborating with top-tier tech companies like Mastercard, Calm, and MacPaw since 2010. We operate in 30+ countries and from 90+ countries, and support customers in 60 languages, helping SaaS, software, and hardware brands deliver secure, world-class customer and technical support. Right now, we’re expanding our talent bench — a pool of skilled Customer Support Consultants who want to grow with us and be the first in line when new projects open. If you’re ready to join a multicultural, multilingual community and grow professionally while working from home, this could be your next step. What you will do: Deliver outstanding customer support via calls, chats and emails Build strong and lasting customer relationships Keep up with evolving tools and technology Handle sensitive customer data with care and security Apply the latest and greatest customer happiness practices Maintain deep understanding of client solutions and meet KPI Communicate with developers and cross-functional specialists What you need to succeed in this role: Native Danish and good English communication skills (at B2 level or higher) 6+ months of experience in customer support role CRM systems expertise Strong analytical thinking and research skills Positive, proactive and responsible attitude Personal computer (at least 8Gb of RAM) with a stable internet connection (minimum 50 Mbps–download and 40 Mbps–upload) Will be a great plus: Experience in technical support What you get in return: Provide services during flexible hours Opportunity to cooperate fully remotely Inclusive international environment Compensation in USD Rewards for referring friends Balance between project workload and personal time, but also – internal health policy Responsive leadership interested in your development and long-lasting cooperation Greenhouse conditions for self-development A culture built on trust, with no time-tracking requirements If this is about you — let’s get to know each other before 2026 opens its doors. We can simply exchange ideas or talk through the opportunities for our growth together *Benefits and conditions may vary depending on the terms of your engagement. Some benefits typically apply to employees; independent contractors may not be eligible for all of them. Final terms will be clearly defined in your agreement if selected. We adhere to the principles of equal treatment of candidates and prohibit discrimination on any grounds protected by law. Your personal data will be processed as described in the SupportYourApp Candidate Privacy Notice . To apply: https://weworkremotely.com/remote-jobs/supportyourapp-native-danish-customer-support-consultant-remotely",https://weworkremotely.com/remote-jobs/supportyourapp-native-danish-customer-support-consultant-remotely,We Work Remotely
Supportyourapp: (Native Swedish) Customer Support Consultant (remotely),,,,,"Tue, 30 Jun 2026 20:33:44 +0000","Headquarters: Turku, Southwest Finland, Finland Who we are? SupportYourApp is a global Support-as-a-Service leader, collaborating with top-tier tech companies like Mastercard, Calm, and MacPaw since 2010. We operate in 30+ countries and from 90+ countries, and support customers in 60 languages, helping SaaS, software, and hardware brands deliver secure, world-class customer and technical support. Right now, we’re expanding our talent bench — a pool of skilled Customer Support Consultants who want to grow with us and be the first in line when new projects open. If you’re ready to join a multicultural, multilingual community and grow professionally while working from home, this could be your next step. What you will do: Deliver outstanding customer support via calls, chats and emails Build strong and lasting customer relationships Keep up with evolving tools and technology Handle sensitive customer data with care and security Apply the latest and greatest customer happiness practices Maintain deep understanding of client solutions and meet KPI Communicate with developers and cross-functional specialists What you need to succeed in this role: Native Swedish and good English communication skills (at B2 level or higher) 6+ months of experience in customer support role CRM systems expertise Strong analytical thinking and research skills Positive, proactive and responsible attitude Personal computer (at least 8Gb of RAM) with a stable internet connection (minimum 50 Mbps–download and 40 Mbps–upload) Will be a great plus: Experience in technical support What you get in return: Provide services during flexible hours Opportunity to cooperate fully remotely Inclusive international environment Compensation in USD Rewards for referring friends Balance between project workload and personal time, but also – internal health policy Responsive leadership interested in your development and long-lasting cooperation Greenhouse conditions for self-development A culture built on trust, with no time-tracking requirements If this is about you — let’s get to know each other before 2026 opens its doors. We can simply exchange ideas or talk through the opportunities for our growth together *Benefits and conditions may vary depending on the terms of your engagement. Some benefits typically apply to employees; independent contractors may not be eligible for all of them. Final terms will be clearly defined in your agreement if selected. We adhere to the principles of equal treatment of candidates and prohibit discrimination on any grounds protected by law. Your personal data will be processed as described in the SupportYourApp Candidate Privacy Notice . To apply: https://weworkremotely.com/remote-jobs/supportyourapp-native-swedish-customer-support-consultant-remotely",https://weworkremotely.com/remote-jobs/supportyourapp-native-swedish-customer-support-consultant-remotely,We Work Remotely
Elevenlabs: Product Marketing - Agents,,,,,"Tue, 30 Jun 2026 20:33:23 +0000","Headquarters: United Kingdom About ElevenLabs ElevenLabs is a research and product company defining the frontier of audio AI. Millions of people use our technology to read articles, voice over videos, and restore voices lost to disability. Leading developers and enterprises worldwide use ElevenLabs to build intelligent agents for support, sales, and education. We launched in January 2023 with the first AI model to cross the threshold of human-like speech. In January 2025, we raised a $180 million Series C round, valuing the company at $3.3 billion. By September 2025, that valuation doubled to $6.6 billion as we surpassed $200 million ARR in under three years. Our mission is to build the most important audio AI platform in the world, solve AI audio intelligence, and make information accessible in any voice, language, or sound. Our core offerings are our Creative Platform and the Agents Platform, powered by proprietary Text to Speech, Speech to Text, and conversational AI models. We are just getting started. If you want to work hard and create lasting impact, we would like to hear from you. How we work High-velocity: Rapid experimentation, lean autonomous teams, and minimal bureaucracy. Impact not job titles: We don’t have job titles. Instead, it’s about the impact you have. No task is above or beneath you. AI first: We use AI to move faster with higher-quality results. We do this across the whole company—from engineering to growth to operations. Excellence everywhere: Everything we do should match the quality of our AI models. Global team: We prioritize your talent, not your location. What we offer Innovative culture: You’ll be part of a generational opportunity to define the trajectory of AI, surrounded by a team pushing the boundaries of what’s possible. Growth paths: Joining ElevenLabs means joining a dynamic team with countless opportunities to drive impact - beyond your immediate role and responsibilities. Learning & development : ElevenLabs proactively supports professional development through an annual discretionary stipend. Social travel : We also provide an annual discretionary stipend to meet up with colleagues each year, however you choose. Annual company offsite: Each year, we bring the entire team together in a new location - past offsites have included Croatia and Italy. Co-working : If you’re not located near one of our main hubs, we offer a monthly co-working stipend. About the role We are looking for a product marketer that can position & package the ElevenLabs Agents Platform to Enterprise. Companies around the world use ElevenLabs Agents to resolve customer support, provide engaging and interactive experiences, and put an end to “waiting on hold”. We continue to discover new use cases and industries that can benefit from our technology and you’ll be helping drive the narrative as we grow. You’ll help launch new products, produce thought leadership content, create assets to enable our sales team, and build industry focused landing pages. Who You Are We're looking for an exceptional individual who combines a great product & design sense, excellent copy writing skills, and the technical background and interest to become an expert on Conversational Agents. You’ll thrive on our team if you: Are extremely passionate about AI Audio and technology more generally. Have experience launching products and creating content for technical / enterprise audiences. Have excellent project management skills and can juggle multiple tasks at once. Consistently strive for excellence, delivering high-quality work quickly and exceeding expectations. Take initiative and work autonomously from day one, prioritizing learning and contribution while leaving ego aside. This role is remote and can be executed globally. If you prefer, you can work from our offices in Bangalore, Dublin, London, New York, San Francisco, Tokyo, and Warsaw. To apply: https://weworkremotely.com/remote-jobs/elevenlabs-product-marketing-agents",https://weworkremotely.com/remote-jobs/elevenlabs-product-marketing-agents,We Work Remotely
Nivoda: Product Merchandising Manager,,,,,"Tue, 30 Jun 2026 20:33:15 +0000","Headquarters: Remote - European timezone Reporting Manager: VP Jewelry Supply Location: Fully Remote About Nivoda At Nivoda, we’re transforming the diamond and jewelry industry with the largest digital marketplace of its kind. We bridge timeless luxury with cutting-edge technology, enabling faster, smarter, and more connected transactions on a global scale. With teams in London, New York, Hong Kong, and Mumbai, we’ve experienced unprecedented growth, doubling revenue year over year. About the Role We are redefining merchandising by blending data science, AI-driven insights, and next-generation visualisation systems with the craftsmanship of jewelry design. Our Product Merchandising Manager goes beyond classic merchandising. They fuse catalogue management, product growth strategy, and digital storytelling to build a best-in-class product experience for luxury buyers. You will own the end-to-end merchandising lifecycle, from design selection and CAD management through catalogue enrichment, pricing, rendering, and database integration. Alongside leading supplier collaboration and buyer-facing merchandising, you will ensure our catalogue assets, pricing, and digital infrastructure are accurate, scalable, and optimised for growth. What You’ll Do Lead Merchandising Strategy & Execution Develop and execute strategies that drive buyer engagement and maximise product performance across the marketplace Curate luxury product assortments, leveraging data to align with customer demand, seasonal trends, and promotional strategies Ensure catalogue assets meet the highest standards of quality, design, and luxury value positioning Manage the Catalogue Lifecycle & Workflow Ownership Partner with the CAD Creation team to ensure technical files are created and recorded. Define and execute the process for CAD data entry (dimensions, weights, stones) and manage pricing inputs, ensuring Nivoda margin duties are correctly applied Lead the rendering process, ensuring high-quality images are produced, upscaled, and structured for digital commerce Own catalogue enrichment and taxonomy mapping, ensuring products are searchable and filterable across Shopify, Showroom, and the Nivoda Database Drive Product Growth & Manage Performance Collaborate with suppliers to ensure a comprehensive, dynamic, and high-performing product assortment Own and track key performance metrics, such as buyer conversion rates, average order value (AOV), sell-through rates, and return rates, making data-backed adjustments to merchandising strategy Partner with analytics and category teams to create competitive pricing strategies and revenue-driving promotional campaigns. Champion the Customer Experience Ensure catalogue accuracy and product detail consistency across platforms. Audit rendered images and catalogue entries to meet luxury standards. Curate promotions and assortments that enhance buyer engagement. Data-Driven Merchandising & Automation Work with data engineering to build dashboards and predictive tools for demand forecasting and trend identification, and use these to run experiments to identify the resonate best practices to scale across the category Integrate AI tools for product tagging, catalogue enrichment, and image processing. Drive automation of catalogue workflows to ensure scalability and speed-to-market. Qualifications & Experience Background: Bachelor’s degree in Merchandising, Marketing, Business, or a related field (or equivalent experience). Experience: 5+ years in merchandising, category management, or product growth in luxury retail, marketplaces, or B2B platforms. Skills: Strong analytical acumen, with proficiency in data tools (e.g., SQL, Python, R, Power BI, Tableau). Experience with image processing, visualisation, or AI-driven design tools Knowledge of e-commerce systems, digital catalogue management, and product information management (PIM) platforms Deep understanding of luxury buyer behavior and marketplace dynamics. Proven ability to scale merchandising strategies in a fast-paced, tech-driven environment. Mindset: Strategic thinker with the ability to bridge creative merchandising and technical analytics. Strong communication skills to drive adoption of AI-driven decision making across creative and commercial teams. What You’ll Get Opportunity to shape the future of a rapidly scaling marketplace Flexible, remote working arrangements Generous holiday allowance The chance to make a significant impact in a fast-paced, dynamic industry To apply: https://weworkremotely.com/remote-jobs/nivoda-product-merchandising-manager",https://weworkremotely.com/remote-jobs/nivoda-product-merchandising-manager,We Work Remotely
"Holepunch: Product / Technical Project Manager (100% Remote, Worldwide)",,,,,"Tue, 30 Jun 2026 20:33:15 +0000","Headquarters: Milan, 25, Italy Job description At Holepunch, we are not just developing software; we are redefining the internet's architecture. Our pioneering P2P development platform, built on our open-source technology stack, Pear, eliminates the need for traditional server infrastructure. Pear platform facilitates direct deployment of applications from the developer’s machine to the user, enabling seamless scalability and performance. By leveraging Node.js-based technology akin to BitTorrent, we create robust peer-to-peer connections and data replication systems that set the foundation for a decentralized web. Learn more about Pear: docs.pears.com Keet, our flagship P2P communications app, is the first step towards this new era. It exemplifies the potential of P2P technology in everyday applications, from messaging and file sharing to complex collaborative environments, all while maintaining user sovereignty over personal data. Learn more about Keet: keet.io Join Our Mission: We are seeking an experienced Product/Technical Project Manager to lead the Pear Platform team at Holepunch. This role is critical to ensuring the delivery of the Pear Platform that enables our products, such as Keet and others, to succeed. This role requires someone who can bridge technical depth with product thinking, taking ownership of deliverables from conception through deployment while ensuring basic functionality works reliably. Responsibilities: Platform Delivery & Ownership Ownership of platform deliverables from identification through to resolution and testing, ensuring completion Establish clear definitions of platform features with explicit labels for stable/guaranteed vs. experimental functionality Monitor core platform health and coordinate urgent issue resolution Establish and maintain sprint cadence driving predictable delivery Product-Driven Platform Management Create actionable roadmaps that prioritize high-impact work Work with other internal teams to extract, scope and deliver publicly consumable components Collaborate with documentation lead to prioritize and resource product-focused tutorials and high-quality developer guides Cross-Functional Coordination & Communication Provide regular, transparent updates on platform status, risks, and timeline changes to all stakeholders Manage cross-team dependencies, particularly during major platform transitions Facilitate alignment between development, QA, product, and business stakeholders on goals and priorities Process & Quality Improvement Build debugging and error reporting systems that turn user crashes into actionable engineering data Drive systematic tooling and processes that solve classes of problems Implement processes that ensure platform changes work with dependent products Job requirements Technical Knowledge: Experience with development tools (Git, project management tools, collaboration platforms) Solid understanding of testing approaches (unit, integration, end-to-end), test automation, and performance testing Understanding of installer systems, application boot processes, and performance optimization Experience with SDK development and module architecture Project Management Skills: Strong proficiency in planning, scheduling, resource allocation, and stakeholder management Proven track record of taking ownership of deliverables and driving them to completion Experience establishing and maintaining sprint cadences and team processes Experience creating, planning, and maintaining issue trackers that accurately reflect roadmap priorities and sprint commitments Soft Skills: Communication skills - able to provide clear, transparent updates and hold difficult conversations about accountability Strong problem-solving skills with focus on systematic solutions Understanding of urgency vs. importance and ability to communicate priorities effectively Preferred Qualifications Experience with peer-to-peer (P2P) technologies or distributed systems Knowledge of Electron or similar cross-platform application frameworks Experience with Linux packaging systems (Snap, AppImage, etc.) Background in developer tooling or SDK development Experience working on platform/infrastructure teams that support multiple product teams Why Holepunch? At Holepunch, you will: Work on groundbreaking technology that prioritizes user autonomy and privacy. Collaborate with a team of thinkers and innovators dedicated to reshaping the digital landscape. Contribute to a future where technology serves humanity, not the other way around. If you are driven by innovation and eager to build decentralized solutions that challenge the status quo, join Holepunch. Together, we can create a more secure, inclusive, and P2P decentralized future. Apply now to become a part of our mission to decentralize the web—one application at a time. All done! Your application has been successfully submitted! Other jobs To apply: https://weworkremotely.com/remote-jobs/holepunch-product-technical-project-manager-100-remote-worldwide",https://weworkremotely.com/remote-jobs/holepunch-product-technical-project-manager-100-remote-worldwide,We Work Remotely
jerry.ai: Staff Product Designer,,,,,"Tue, 30 Jun 2026 20:33:05 +0000","Headquarters: Palo Alto, California You could work anywhere. Why join Jerry? Jerry is building the first AI-powered assistant for car ownership , making it easy and affordable for the 80% of Americans who rely on their cars every day. From buying and insurance to financing, safety, and repairs, we’re reimagining the entire experience of owning a car. It’s a $2T industry that’s fragmented, analog, and full of friction — and no one else is tackling it end-to-end. Since launching in 2019, over 5 million people have trusted Jerry to manage their car insurance, maintenance, and safety. We reached profitability in 2024 , are backed by $240M in funding , and are on track to become a $10B company by 2030 . Customers love what we’ve built, and we’re just getting started. Now we’re ready to elevate our craft, define our brand, and design the next generation of products that make car ownership feel effortless. In other words: we have function. Now we need form. Why this role matters Millions of people rely on Jerry to make buying, owning, and maintaining their car easier and more affordable. We want Jerry to feel like a trusted friend in your pocket. Someone who handles the hard parts, explains things clearly, and has your back when it matters most. Design is how that vision comes to life. As a Staff Product Designer , you’ll help shape how Jerry looks, feels, and works . Defining what great design means at scale. You’ll lead design initiatives from 0 →1, elevate design quality across products, and influence how we tell our story through craft and clarity. Your work will directly shape the experience for millions of users and set the standard for years to come. What you’ll work on Lead design for key products across Jerry’s core offerings — insurance, safety, repairs, and beyond. Ship 0→1 features that modernize car care for everyday drivers. Partner with research, product, and data to identify opportunities and turn insights into impactful design. Create elegant, frictionless experiences that drive measurable gains in engagement and retention. Build and evolve Jerry’s design system to ensure consistency, scalability, and visual excellence. Thoughtfully apply AI to make our experience faster, clearer, and more personal. Raise the bar for UX and visual design in the form of clarity, speed, and craft. Who you’ll work with You won’t be another cog in a big design machine. You’ll collaborate directly with: Kruise Sapstein – Head of Design , leading Jerry’s product design vision and building a high-performing, high-craft design culture. Art Agrawal – CEO & Head of Product , shaping company direction and customer experience at the highest level. A broader product org of 11 PMs, 55 engineers, and 12 analysts/data scientists , all driven () to build a best-in-class consumer experience. What we’re looking for A portfolio that demonstrates exceptional visual design, thoughtful UX, and shipped consumer products at scale. 12+ years of product design experience (agency or in-house), ideally across mobile and web. Proven ability to own projects end-to-end — from research and concept to launch and iteration. Experience building and evolving design systems in collaboration with engineering. Comfort working in fast-paced environments and shipping quality work quickly. Excellent communication and storytelling skills to align cross-functional teams. Bonus: experience in marketplaces, fintech, mobility, or insurance. While we appreciate your interest and application, only applicants under consideration will be contacted. Jerry.ai is proud to be an Equal Employment Opportunity employer. We prohibit discrimination based on race, religion, color, national origin, sex, pregnancy, reproductive health decisions or related medical conditions, sexual orientation, gender identity, gender expression, age, veteran status, disability, genetic information, or other characteristics protected by applicable local, state or federal laws. Jerry.ai is committed to providing reasonable accommodations for individuals with disabilities in our job application process. If you need assistance or an accommodation due to a disability, please contact us at recruiting@jerry.ai The successful candidate’s starting pay will fall within the pay range listed on this job posting, determined based on job-related factors including, but not limited to, skills, experience, qualifications, work location, and market conditions. Ranges are market-dependent and may be modified in the future. In addition to base salary, the compensation may include opportunities for equity grants. We offer a comprehensive benefits package to regular employees, including health, dental, and vision coverage, paid time off, paid parental leave, 401(K) plan with employer matching, and wellness benefits, among others. Equity opportunities may also be part of your total rewards package. Part-time, contract, or freelance roles may not be eligible for certain benefits. About Jerry.ai: Jerry.ai is America’s first and only super app to radically simplify car ownership. We are redefining how people manage owning a car, one of their most expensive and time-consuming assets. Backed by artificial intelligence and machine learning, Jerry.ai simplifies and automates owning and maintaining a car while providing personalized services for all car owners' needs. We spend every day innovating and improving our AI-powered app to provide the best possible experience for our customers. From car insurance and financing to maintenance and safety, Jerry.ai does it all. We are the #1 rated and most downloaded app in our category with a 4.7 star rating in the App Store. We have more than 5 million customers — and we’re just getting started. Jerry.ai was founded in 2017 by serial entrepreneurs and has raised more than $240 million in financing. Join our team and work with passionate, curious and egoless people who love solving real-world problems. Help us build a revolutionary product that’s disrupting a massive market. To apply: https://weworkremotely.com/remote-jobs/jerry-ai-staff-product-designer",https://weworkremotely.com/remote-jobs/jerry-ai-staff-product-designer,We Work Remotely
jerry.ai: Remote Customer Support Agent (P&C),,,,,"Tue, 30 Jun 2026 20:32:56 +0000","Headquarters: Augusta, Georgia About the Opportunity: Come join one of the fastest-growing fintech startups in the U.S! At Jerry, we’re on a mission to help car owners save time and money on one of their most expensive and high maintenance assets. Since launching our mobile app in 2019, we have amassed over 4M customers, and expanded beyond insurance shopping to refinancing, safety and repairs to become the #1 rated AllCar app in the App Store. We are looking for a Customer Support Agent to join our growing team! In this role, you will be responsible for helping our existing customers make changes to their current insurance policies from one of Jerry's 55+ insurance carrier partners. From processing service changes to answering questions regarding policy details, you will support our customers with enthusiasm and care. If you are looking for an opportunity to make a measurable difference in the lives of millions, we'd love to hear from you! How you will make an impact: Respond to inbound calls from existing customers Process service requests such as adding/removing vehicles and drivers, adding lienholder information, sending policy documents, etc. Help customers with questions they have regarding existing insurance policies in relation to coverages or policy benefits or make changes to existing policy Work to retain Jerry policyholders by actively finding solutions for customers who are at risk of cancellation to make a measurable difference in the lives of millions, we'd love to hear from you! Who you are: You can multitask and manage multiple competing priorities You are passionate about helping others Has 2+ years of experience working in a call center environment Compensation and perks: Hourly wage: $19.00 - 21.00 We will pay for your P&C license (expected within 60 days after starting) Medical, dental, vision insurance, 401K match Ability to work remotely (we provide work equipment) Ongoing training and mentorship from our leadership team An outstanding portfolio of insurance carriers and products - we work with over 55 carriers to ensure we can offer our customers the best options for them This role includes flexible scheduling options, with the choice between a 5-day, 8-hour schedule or a 4-day, 10-hour workweek. While we appreciate your interest and application, only applicants under consideration will be contacted. Jerry.ai is proud to be an Equal Employment Opportunity employer. We prohibit discrimination based on race, religion, color, national origin, sex, pregnancy, reproductive health decisions or related medical conditions, sexual orientation, gender identity, gender expression, age, veteran status, disability, genetic information, or other characteristics protected by applicable local, state or federal laws. Jerry.ai is committed to providing reasonable accommodations for individuals with disabilities in our job application process. If you need assistance or an accommodation due to a disability, please contact us at recruiting@jerry.ai The successful candidate’s starting pay will fall within the pay range listed on this job posting, determined based on job-related factors including, but not limited to, skills, experience, qualifications, work location, and market conditions. Ranges are market-dependent and may be modified in the future. In addition to base salary, the compensation may include opportunities for equity grants. We offer a comprehensive benefits package to regular employees, including health, dental, and vision coverage, paid time off, paid parental leave, 401(K) plan with employer matching, and wellness benefits, among others. Equity opportunities may also be part of your total rewards package. Part-time, contract, or freelance roles may not be eligible for certain benefits. About Jerry.ai: Jerry.ai is America’s first and only super app to radically simplify car ownership. We are redefining how people manage owning a car, one of their most expensive and time-consuming assets. Backed by artificial intelligence and machine learning, Jerry.ai simplifies and automates owning and maintaining a car while providing personalized services for all car owners' needs. We spend every day innovating and improving our AI-powered app to provide the best possible experience for our customers. From car insurance and financing to maintenance and safety, Jerry.ai does it all. We are the #1 rated and most downloaded app in our category with a 4.7 star rating in the App Store. We have more than 5 million customers — and we’re just getting started. Jerry.ai was founded in 2017 by serial entrepreneurs and has raised more than $240 million in financing. Join our team and work with passionate, curious and egoless people who love solving real-world problems. Help us build a revolutionary product that’s disrupting a massive market. To apply: https://weworkremotely.com/remote-jobs/jerry-ai-remote-customer-support-agent-p-c",https://weworkremotely.com/remote-jobs/jerry-ai-remote-customer-support-agent-p-c,We Work Remotely
Olsson: Federal BIM Design Associate,,,,,"Tue, 30 Jun 2026 20:32:38 +0000","Headquarters: Oklahoma - Remote Company Description We are Olsson. We engineer and design solutions that improve the world around us. As a company, we promise to always be responsive, transparent, and focused on results – for our people, our clients, and our company. We’re a people-centric firm, so it’s no surprise our greatest asset is our people. The impact this creates is an environment that encourages our people to grow and be creative with their talents. This approach builds a culture that is uniquely Olsson. It allows us to grow our people as we grow our business. This, in turn, creates a lasting impact on the world around us. Job Description Join our Federal Engineering & Design team as a Federal BIM Design Associate, where you’ll play a key role in delivering mission-critical projects for federal facilities, including military bases, VA campuses, and other government installations. In this role, you will leverage advanced Building Information Modeling (BIM) techniques to perform complex design and drafting assignments that support our Federal Engineering & Design initiatives. You’ll apply standardized BIM processes while driving innovation and efficiency across all phases of the project lifecycle. Key Responsibilities Develop and maintain detailed Building Information Models for projects, ensuring accuracy and compliance with project standards and specifications. Prepare and update 3D models, drawings, and layouts using BIM software, coordinating with project teams to reflect design intent and changes. Assist in clash detection, constructability reviews, drawing standardization, and quality assurance checks. Collaborate with engineers and other stakeholders to integrate multidisciplinary design elements within the BIM environment. Support the development and implementation of BIM workflows, standards, and best practices across projects. Participate in client meetings and contribute to presentations by leveraging BIM visualizations and data. Provide guidance and mentorship to junior staff on BIM tools and processes, promoting continuous improvement and innovation. Implement A/E/C and other client standards into drawing packages. Preferred Qualifications Associate degree in related field preferred. A minimum of eight years of experience. Demonstrates strong verbal and written communication skills. Possesses advanced interpersonal, problem-solving, and decision-making abilities, with a focus on resolving design coordination issues and delivering innovative solutions within a BIM environment. Proficiency in Autodesk Revit, AutoCAD, Navisworks, and other relevant software tools. Proven experience in BIM management and drafting. Excellent project coordination skills, with the ability to prioritize tasks, manage deadlines, and work well within a team. Detail-oriented mindset with a focus on delivering high-quality work and continuous improvement. Why Join Us Contribute to projects that serve national interests and make a difference in communities. Enjoy flexible work arrangements, including remote options, to support your work-life balance. Thrive in a supportive culture that values professional development and teamwork. At Olsson, your expertise drives progress on projects that matter. If you’re passionate about federal civil engineering and ready to elevate your career, we want to hear from you. #LI-HH1 Additional Information Olsson specializes in engineering and design, client advisory services, planning, field services, and environmental. Improving the world has been our mindset from the very beginning, back when Olsson first opened for business in 1956. And it will be our mindset for years to come. As an Olsson employee, you will: Receive a competitive 401(k) match Be empowered to build your career with tailored development paths Have the possibility for flexible work arrangements Engage in work that has a positive impact on communities Participate in a wellness program promoting balanced lifestyles In addition, full-time employees will receive our traditional benefits package (health care, vision, dental, paid time off, etc.) and the opportunity to participate in a bonus system that rewards performance. Olsson is an Equal Opportunity Employer. We encourage qualified minority, female, veteran, and disabled candidates to apply and be considered for open positions. We do not discriminate against any applicant for employment or any employee because of race, color, religion, national origin, sex, sexual orientation, gender identity, gender, disability, age, military status, or other protected status. Olsson understands the importance of privacy and is committed to protecting job applicants’ personal information. Pursuant to the California Consumer Privacy Act, as amended by the California Privacy Rights Act (collectively, the “CCPA”), this notice explains Olsson’s practices regarding the collection, use, and disclosure of personal information for job applicants residing in California. Please read this Notice carefully to understand our privacy practices. For more information about the types of information we collect and how we use it in connection with your general access and use of our website, please review our general California Privacy Notice here . To apply: https://weworkremotely.com/remote-jobs/olsson-federal-bim-design-associate",https://weworkremotely.com/remote-jobs/olsson-federal-bim-design-associate,We Work Remotely
"Accuweather Careers: Product Manager, Climate Services",,,,,"Tue, 30 Jun 2026 20:32:38 +0000","Headquarters: State College, PA Launched in January 2022, AccuWeather's ClimateReady™ Risk Mitigation, is designed to help companies, municipalities, and organizations worldwide prepare for the impact of climate change. This offering leverages AccuWeather’s superior insights to assess the impacts of climate change through organizational risk scenarios up to the year 2100 for a client’s specific location(s) or designated market area (DMA). The unique combination of AccuWeather’s exclusive and comprehensive high-resolution historical weather and climate database, over 300 weather parameters, peer-reviewed climate change models, and the proven Superior Accuracy™ of AccuWeather’s weather forecasts are the foundation of ClimateReady’s detailed, actionable projections. ClimateReady™ Risk Mitigation will empower organizations to confidently make the best climate-preparatory decisions. We are looking for a Product Manager – Climate Services to focus on enhancing the capabilities of this new feature, while keeping scalability and performance in mind. Using your expertise in working with weather datasets and other weather-related products, you will be responsible for creating and being the champion of the Climate Services roadmap. Collaboration is key as this role will interact with Sales, Business, Operations, Marketing and Development teams, along with other AccuWeather For Business Product Mangers with the goal of best integrating Climate Services to all other B2B platforms. KEY RESPONSIBILITIES Operate as the subject matter expert for our climate-related products, supporting the exploration and realization of solutions that drive AccuWeather’s next generation technologies and services. Establish and manage scientific goals through implementation and improvement of a process of rapid prototyping and development in a cloud-based environment. Perform research across the Climate Services competitive landscape, to understand differences in underlaying data, platform capabilities and pricing. Create the roadmap of new features and released around our Climate Services. Work with our Design team on applying best practices of UX/UI for the client-facing output of our Climate Services. Define the strategy on how to best integrate Climate Services into AccuWeather’s B2B product environment. Support Sales and Business on defining the pricing strategy for Climate Services. Join meetings for clients and prospective new customers, being the voice of the product team around Climate Services. Performs other duties as assigned. QUALIFICATIONS Bachelor's degree or higher in Atmospheric Science, Computer Science, or a similar, relevant field. Candidates with a proven record of work experience with weather-related products may also be considered. Expertise in ingesting, manipulating and analyzing weather datasets Experience supporting the creation and/or maintenance of products related to weather Experience with climate-related products will be a strong differentiator Innovative mindset with a desire to work on a variety of projects. Excellent verbal and written communication skills. Enjoys engaging in a team environment, including daily stand ups and routine brainstorming. ABOUT ACCUWEATHER AccuWeather, recognized and documented as the most accurate and most used source of weather forecasts and warnings in the world, has saved over 12,000 lives, prevented injury to over 100,000 people, and saved companies tens of billions of dollars through better planning and decision-making. Billions of people around the world rely on AccuWeather’s proven Superior Accuracy™ across our consumer digital platforms. AccuWeather.com is the #1 weather destination and one of the top 100 most-visited websites in the world, and our award-winning AccuWeather app delivers detailed real-time forecasts to millions of smartphones. AccuWeather forecasts also appear on digital signage, in 700 newspapers, are heard on over 400 radio stations, and viewed on 100 television stations. The AccuWeather Network and AccuWeather NOW® reach an audience of over 125 million on cable and streaming platforms including DirecTV, Charter Communications - Spectrum, Verizon, Philo, Frndly TV, Comcast’s Xfinity X1 and Xfinity Stream, Roku, Xumo, Rockbot, LG, and Amazon Freevee. AccuWeather For Business serves more than half of the Fortune 500 companies and thousands of other businesses and government agencies globally. Dr. Joel Myers, Founder and Executive Chairman, established AccuWeather in 1962 and is considered the “father of modern commercial meteorology.” Myers, a leading creative thinker and visionary, has been called “the most accurate man in weather” by The New York Times and has been recognized as one of the top entrepreneurs in American history by Entrepreneur’s Encyclopedia of Entrepreneurs. COMMITMENT TO DIVERSITY & INCLUSION AccuWeather is proud to be an Equal Opportunity/Affirmative Action Employer. We are committed to equal employment opportunity to all applicants and existing employees and we evaluate qualified applicants without regard to race, creed, color, national origin, sex (including pregnancy and gender identity/expression), sexual orientation, age, ancestry, physical or mental disability, marital status, political affiliation, religion, citizenship status, genetic information, veteran status, or any other basis protected under applicable federal, state, or local law. AccuWeather is committed to working with and providing reasonable accommodations to individuals with disabilities. If you need a reasonable accommodation because of a disability for any part of the employment process, please send an e-mail to human.resources@accuweather.com and let us know the nature of your request and your contact information. To apply: https://weworkremotely.com/remote-jobs/accuweather-careers-product-manager-climate-services",https://weworkremotely.com/remote-jobs/accuweather-careers-product-manager-climate-services,We Work Remotely
Homera Health: Product Manager (eCommerce - Shopify),,,,,"Tue, 30 Jun 2026 20:32:23 +0000","Headquarters: United States (Remote) About Homera Health Homera Health comes from the team building the technology, marketing, and growth engine powering some of today’s most successful telehealth brands. As we expand into new verticals, including an upcoming men's health platform, we’re hiring world-class talent across product design, front-end and back-end engineering, digital marketing, and operations management to join us early and help build the next generation of virtual healthcare experiences. About the Role We’re hiring a Product Manager to own and lead our Shopify ecommerce business end to end. This role sits at the center of our next phase of growth and is responsible for the performance, scalability, and evolution of our Shopify storefront—along with the team, systems, and processes behind it. We currently sell prescription-based products and are actively expanding our product lineup into non-prescription wellness, including supplements and skincare. This position will play a key role in bringing those products to life, scaling the store, and building a world-class ecommerce experience. This is a senior, hands-on role for someone who has actually run a Shopify business—managing complex catalogs with multiple SKUs, bundles, subscriptions, and compliance requirements—while working cross-functionally and leading teams. You’ll start as a hands-on owner and grow into overseeing and building an ecommerce team as sales scale. You’ll work closely with marketing, operations,engineering and leadership to launch new products, improve performance, and build a scalable ecommerce engine designed for growth. Your Responsibilities Shopify & Ecommerce Operations Own the Shopify store end to end, including: Product setup (multiple SKUs, bundles, subscriptions) Pricing, promotions, and product lifecycle management App ecosystem (subscriptions, reviews, analytics, fulfillment, tax tools) Ensure site stability, performance, and conversion optimization Manage storefront updates, launches, and ongoing improvements Own ecommerce performance metrics, including conversion rate, AOV, retention, and revenue growth Product & Catalog Management Lead the creation and maintenance of product pages for supplements and skincare Own SKU strategy, bundles, upsells, cross-sells, and subscription logic Partner with marketing and operations on launches, promotions, and experiments Maintain clean product data, taxonomy, and reporting Sales Tax, Compliance & Ecommerce Infrastructure Oversee Shopify sales tax setup and compliance Partner with finance and legal to ensure ecommerce compliance Ensure operational readiness across regions, SKUs, and fulfillment flows Cross-Functional Leadership Act as the bridge between marketing, operations, product, and leadership Translate business goals into clear ecommerce execution Collaborate on funnel optimization, promotions, and lifecycle strategy Support planning for future hires and team expansion Strategy & Growth Use data to identify opportunities for conversion, retention, and growth Help shape ecommerce and product strategy alongside leadership Bring best practices from high-growth ecommerce environments Prepare the foundation for scaling product lines and team structure Build, lead, and scale the ecommerce team over time as sales grow Coach, mentor, and develop team members by setting clear expectations, providing feedback, and raising the bar on execution quality Who You Are 5–7 years of experience in product management, project management, or ecommerce leadership Deep, hands-on experience owning and operating a live Shopify store Experience in subscription-based ecommerce is an asset Experience launching new product lines or expanding an ecommerce catalog Background in supplements, skincare, wellness, apparel, or other applicable consumer products strongly preferred Proven experience leading and growing teams, or readiness to step into that role Comfortable being hands-on today and strategic as the business scales Clear, confident communicator across teams and leadership Experience managing, coaching, or mentoring others What’s in it for you? As full-time member of our team, you’ll enjoy: Flexible working hours Work wherever you choose. Unlimited Paid Time off Paid non-working holidays per country of residence. Fun and casual work environment. We are a diverse, global team! Equal Employment Opportunity Homera Health is an equal opportunity employer. We are committed to providing fair and equitable employment opportunities to all qualified individuals, regardless of race, color, religion, sex, gender identity or expression, sexual orientation, pregnancy, age, national origin, disability (physical or mental), military or veteran status, genetic information, or any other legally protected status. This commitment applies to every aspect of employment, including recruitment, hiring, training, promotion, demotion, transfers, leaves of absence, and termination. Homera Health takes all reports of discrimination, harassment, or retaliation seriously and investigates such matters promptly and thoroughly. To apply: https://weworkremotely.com/remote-jobs/homera-health-product-manager-ecommerce-shopify",https://weworkremotely.com/remote-jobs/homera-health-product-manager-ecommerce-shopify,We Work Remotely
Paired: Amazon Product Researcher for US-Based company ( Remote ),,,,,"Tue, 30 Jun 2026 20:31:32 +0000","Headquarters: Brazil Paired is a leading staffing and recruiting agency that connects talented individuals with fantastic remote job opportunities. Our mission is to match qualified professionals with dynamic companies, allowing for a productive and fulfilling work experience from anywhere in the world. We are currently looking for an Amazon Product Researcher to join our team remotely. In this role, you will leverage your analytical skills and knowledge of the e-commerce landscape to conduct thorough product research, gather marketplace insights, and provide strategic recommendations for our clients. Responsibilities: Conduct in-depth research on products within the Amazon marketplace including trends, pricing, and competition. Analyze product performance data and market trends to identify opportunities for growth. Compile detailed reports summarizing findings and insights to guide decision-making. Work closely with the marketing and sales teams to align product strategies with market needs. Stay updated on Amazon policies, marketplace dynamics, and industry best practices. Requirements: Experience with Amazon Seller Central or related e-commerce platforms. Strong analytical skills and proficiency in data analysis tools. Excellent written and verbal communication skills. Detail-oriented with the ability to manage multiple projects simultaneously. Ability to work independently and collaboratively in a remote team environment. Experience with Amazon Seller Central or related e-commerce platforms. Strong analytical skills and proficiency in data analysis tools. Excellent written and verbal communication skills. Detail-oriented with the ability to manage multiple projects simultaneously. Ability to work independently and collaboratively in a remote team environment. USD salary Flexible hours Remote work To apply: https://weworkremotely.com/remote-jobs/paired-amazon-product-researcher-for-us-based-company-remote",https://weworkremotely.com/remote-jobs/paired-amazon-product-researcher-for-us-based-company-remote,We Work Remotely
"Qventus: Senior/Lead Product Manager, Agentic AI Platform",,,,,"Tue, 30 Jun 2026 20:31:13 +0000","Headquarters: Remote, United States On this journey for over 12 years, Qventus is leading the transformation of healthcare. We enable hospitals to focus on what matters most: patient care. Our innovative solutions harness the power of machine learning, generative AI, and behavioral science to deliver exceptional outcomes and empower care teams to anticipate and resolve issues before they arise. Our success in rapid scale across the globe is backed by some of the world's leading investors. At Qventus, you will have the opportunity to work with an exceptional, mission-driven team across the globe, and the ability to directly impact the lives of patients. We’re inspired to work with healthcare leaders on our founding vision and unlock world-class medicine through world-class operations. #LI-JB1 We’re looking for a Senior/Lead Product Manager to own the strategy, roadmap, and development for our Agentic AI platform. You will help advance our AI Operational Assistant Studio which allows rapid development of agentic AI solutions. You will be the product management partner for our agentic AI engineering team. The scope of this role is expansive, as we build toward our “Platform as a Service” vision. Responsibilities Set strategy, determine roadmap, and manage prioritization for our platform capabilities, working closely with our agentic AI engineering team Work cross-functionally across the company to facilitate the end-to-end product lifecycle for development of platform capabilities Enhance and expand our AI voice & conversational AI capability suite Build toward a direct Platform-as-a-Service offering for our customers to be able to extend our solutions over time Requirements and Qualifications Mastery of navigating enterprise SaaS platform capabilities through the full product lifecycle, with a track record of rapidly shipping impactful products is required. Required minimum of at least 5 years of experience in product management, with a proven track record of shipping impactful enterprise SaaS products. Technical background in hands-on engineering, data, or analytics required. Experience working with large language models and agentic AI. Proven track record of collaboration across all functions in an enterprise SaaS healthcare technology business (engineering, professional services, clinical operations, etc.). Ability and desire to span altitudes from vision/evangelism to “getting into the weeds” with high attention to detail and strong organizational skills. Willingness to “roll up your sleeves” and pitch in / fill in gaps when a team needs help Compensation for this role is based on market data and takes into account a variety of factors, including location, skills, qualifications, and prior relevant experience. Salary is just one part of the total rewards package at Qventus. We also offer a range of benefits and perks, including Open Paid Time Off, paid parental leave, professional development, wellness and technology stipends, a generous employee referral bonus, and employee stock option awards. Salary Range $160,000 — $200,000 USD Qventus values diversity in its workforce and proudly upholds the principles of Equal Opportunity Employment . We welcome all qualified applicants and ensure fair consideration for employment without discrimination based on any legally protected characteristics, including, but not limited to: veteran status, uniformed service member status, race, color, religion, sex, sexual orientation, gender identity, age, pregnancy (including childbirth, lactation and related medical conditions), national origin or ancestry, citizenship or immigration status, physical or mental disability, genetic information (including testing and characteristics) or any other category protected by federal, state or local law (collectively, ""protected characteristics""). Our commitment to equal opportunity employment applies to all persons involved in our operations and prohibits unlawful discrimination by any employee, including supervisors and co-workers. Qventus participates in the E-Verify program as required by law and is committed to providing reasonable accommodations to individuals with disabilities in compliance with Americans with Disabilities Act (ADA) . In compliance with the California Consumer Privacy Act (CCPA) , Qventus provides transparency into how applicant data is processed during the application process. Candidate information will be treated in accordance with our candidate privacy notice. *Benefits and perks are subject to plan documents and may change at the company's discretion. *Employment is contingent upon the satisfactory completion of our pre-employment background investigation and drug test. To apply: https://weworkremotely.com/remote-jobs/qventus-senior-lead-product-manager-agentic-ai-platform",https://weworkremotely.com/remote-jobs/qventus-senior-lead-product-manager-agentic-ai-platform,We Work Remotely
Qualifyze: Senior DevOps Engineer,,,,,"Tue, 30 Jun 2026 20:30:46 +0000","Headquarters: Passeig de Gràcia 19 Barcelona, Connecticut, 08007 Spain Job description About Qualifyze, Founded in 2019, Qualifyze is a leading company in supply chain compliance management in the Life Sciences industry, trusted by over 1,500 pharmaceutical and healthcare companies globally. Our digital suite of solutions connects manufacturers, suppliers, and a global network of more than 250 auditors and quality experts. With a track record of over 4,500 audits across 85+ countries and the largest and most accurate supplier network and data analytics tools, Qualifyze stands as the all-in-one partner for quality compliance and supply chain risk mitigation in the Life Sciences sector. Job requirements Role Overview, At Qualifyze, we view infrastructure as a critical component of our overall business strategy. As our Senior DevOps/SRE Engineer, you will play a strategic role within our engineering department, directly reporting to the VP of Engineering and contributing to the departmental strategy from an infrastructure perspective. You will define, implement, and maintain our servers and database infrastructure, ensuring our systems are secure, compliant, and scalable. Main responsibilities, This role is integrated into the Tech department. The team member shall perform the tasks inherent to such a position, including, but not limited to, the following: Define, implement, and maintain cloud-based server and database infrastructure, managed with Kubernetes. IaC as the base philosophy for managing infrastructure . Own and manage our monitoring setup , utilizing all modules of Datadog for proactive infrastructure monitoring. Collaborate closely with team lead s and the software architect to ensure alignment across our engineering efforts, and be an active part of our tech guild. Guarantee the security and compliance of our environments , working towards achieving necessary certifications and standards. Contribute to strategic decision-making on infrastructure to ensure pragmatic solutions that align with product direction and future growth. Collaborate with development teams to design, implement, and manage CI/CD pipelines that foster fast and safe software delivery. Mentor other engineers on DevOps best practices and provide guidance on infrastructure-related topics. Proactively identify opportunities for system improvements and drive the implementation of those solutions. Main requirements, Significant experience with cloud infrastructure (AWS preferred) , Kubernetes , Helm , and tools like Datadog . Good knowledge of managing IaC with Terraform . Experience creating and managing pipelines and workflows, with GitHub Actions or similar. A strategic mindset , with a willingness to participate in high-level discussions on product and infrastructure strategy. Ability to work autonomously , take ownership of projects, and drive them to completion with minimal oversight. Strong understanding of security and compliance requirements , with experience implementing compliant solutions in a cloud environment. Experience collaborating with software development teams and technical leadership , including architects and team leads. Effective communication skills to explain complex technical concepts to stakeholders across various departments. Passion for creating pragmatic solutions that align with product and business needs. Ability to lead initiatives independently and provide technical expertise to the engineering team. What do we offer? Competitive, annually reviewed compensation package Country vacation package that increases with your tenure ‍️ Country specific benefits offering incl. private health care, fitness and meal allowances Annual personal development budget to increase your impact 3 months of the year work from anywhere. All the best kit and tools to work effectively Annual in person all company event and celebration in Europe Working with an exceptional team, doing some of the best work of your career At Qualifyze, we value diversity and inclusion, recognizing the strength that complementary talents and perspectives bring to our team. Join us and help drive innovation, tackle challenges, and create meaningful change. We are an equal-opportunity employer and welcome applications from candidates of all backgrounds, regardless of race, ethnicity, gender identity, sexual orientation, marital status, religion, disability, or age. Our hiring practices are rooted in fairness and respect, and we strive to create a culture where everyone feels valued and empowered. Congratulations! You have successfully submitted your application. More Jobs To apply: https://weworkremotely.com/remote-jobs/qualifyze-senior-devops-engineer",https://weworkremotely.com/remote-jobs/qualifyze-senior-devops-engineer,We Work Remotely
budgetsbytammy.com: Remote Brand Ambassador I Flexible Schedule I Commission-Based,,,,,"Mon, 29 Jun 2026 21:26:20 +0000","Headquarters: United States URL: https://budgetsbytammy.com Help people improve their financial future while earning commission from anywhere. Budgets by Tammy is looking for Remote Brand Ambassadors to refer individuals and families interested in personalized budgeting services. This is a flexible, remote, commission-based opportunity. Work on your own schedule and earn commission for every completed client referral. No financial experience is required. We provide guidance and marketing support to help you succeed. If you're motivated, professional, and enjoy helping others, we'd love to hear from you. Apply today at https://budgetsbytammy.com To apply: https://weworkremotely.com/remote-jobs/budgetsbytammy-com-remote-brand-ambassador-i-flexible-schedule-i-commission-based",https://weworkremotely.com/remote-jobs/budgetsbytammy-com-remote-brand-ambassador-i-flexible-schedule-i-commission-based,We Work Remotely
Toptal : AI Engineers,,,,,"Mon, 29 Jun 2026 21:19:20 +0000","Headquarters: Remote URL: https://www.toptal.com/ Summary: We are looking for an AI Engineer to help design, build, and improve AI-powered applications and agentic systems. This role is broad and best suited for engineers who have hands-on experience working with LLMs, RAG pipelines, AI agents, and modern AI orchestration frameworks. General Information: The engineer will work on building production-ready AI solutions that combine LLMs, tools, retrieval systems, workflows, and integrations. The ideal candidate is comfortable moving from experimentation to implementation and can make practical engineering decisions around reliability, scalability, and maintainability. Tasks and deliverables: Design and build AI agents and LLM-powered workflows. Implement RAG systems using vector databases, embeddings, chunking strategies, and retrieval optimization. Work with frameworks such as LangChain, LangGraph, LlamaIndex, or similar tools. Integrate LLMs with APIs, internal systems, databases, and external services. Evaluate model outputs, improve prompt strategies, and support testing and observability. Collaborate with product and engineering teams to turn AI use cases into reliable software. Required Experience: Strong software engineering experience, preferably with Python and modern backend systems. Hands-on experience building AI agents, RAG pipelines, or LLM-based applications. Experience with LangGraph, LangChain, LlamaIndex, Semantic Kernel, or similar frameworks. Understanding of embeddings, vector databases, retrieval strategies, and prompt engineering. Experience integrating LLMs with tools, APIs, and structured workflows. Ability to evaluate AI system quality, latency, cost, and reliability. Comfortable working in fast-moving, ambiguous environments. Engagement highlights: Broad AI engineering role focused on practical, production-oriented solutions. Opportunity to work with modern agentic architectures and LLM tooling. Ideal for engineers who enjoy combining software engineering, experimentation, and AI system design. To apply: https://weworkremotely.com/remote-jobs/toptal-ai-engineers",https://weworkremotely.com/remote-jobs/toptal-ai-engineers,We Work Remotely
Toptal : Full-stack Engineer / Agentic Coding Tools,,,,,"Mon, 29 Jun 2026 21:16:05 +0000","Headquarters: Remote URL: https://www.toptal.com/ Job Description Summary: We are looking for a Full-stack Engineer with strong experience using agentic coding tools to accelerate software delivery. This role is ideal for engineers who are highly productive with tools such as Claude Code and understand how to structure workflows using hooks, subagents, skills, prompts, and automation. General Information: The engineer will work across frontend, backend, and developer workflows, using agentic coding tools as part of day-to-day development. The ideal candidate is a strong full-stack engineer first, with deep practical experience applying AI coding assistants to build, refactor, test, and maintain production software. Tasks and deliverables: Build and maintain full-stack applications across frontend, backend, APIs, and data layers. Use agentic coding tools to improve implementation speed, code quality, testing, and documentation. Set up and manage workflows using Claude Code or similar tools. Create and use hooks, subagents, skills, custom instructions, and reusable coding workflows. Refactor existing codebases with the support of AI coding agents. Write tests, review generated code, and ensure production-quality engineering standards. Collaborate with teams to define best practices for AI-assisted software development. Required Experience: Strong full-stack engineering experience with modern frontend and backend technologies. Hands-on experience using Claude Code or similar agentic coding tools in real development work. Experience with hooks, subagents, skills, custom prompts, and structured agent workflows. Ability to guide AI coding tools effectively while maintaining ownership of code quality. Strong understanding of testing, debugging, code review, architecture, and maintainability. Experience working with existing codebases and using AI tools for refactoring and feature delivery. Ability to move quickly while applying sound engineering judgment. Engagement highlights: Broad full-stack role with a focus on modern AI-assisted development workflows. Opportunity to shape practical engineering patterns around agentic coding tools. Best suited for engineers who combine strong software fundamentals with advanced AI coding fluency. To apply: https://weworkremotely.com/remote-jobs/toptal-full-stack-engineer-agentic-coding-tools",https://weworkremotely.com/remote-jobs/toptal-full-stack-engineer-agentic-coding-tools,We Work Remotely
DesignFiles: Content Marketing Coordinator,,,,,"Mon, 29 Jun 2026 17:01:17 +0000","Headquarters: Canada URL: https://designfiles.co/ About the job: We're looking for a highly organized Content Marketing Coordinator to join our team on a remote contract basis. This role is ideal for someone who loves turning ideas into finished marketing campaigns. You'll write content, coordinate creative assets, keep projects moving, and make sure every email, social post, landing page, and product announcement is polished before it reaches our audience. We're not looking for flashy marketing copy. We're looking for someone who can communicate like a real human, who can write the way you'd talk to a designer over coffee: helpful, clear, and genuinely useful. If you're someone who notices the small details, enjoys keeping projects organized, and gets satisfaction from shipping great work, we'd love to hear from you. What you’ll help with: You'll work closely with our marketing and product teams to help bring campaigns to life by: Writing and editing marketing emails, newsletters, social posts, ads, landing pages, product updates, and promotional copy Turning campaign ideas, product launches, and feature updates into clear action plans, timelines, and deliverables Coordinating with designers to create graphics, creative assets, and revisions Gathering screenshots, product details, customer examples, links, and supporting materials needed for marketing projects Scheduling and publishing emails, social content, and other marketing updates Helping execute product launches, webinars, contests, promotions, and campaigns Reviewing marketing assets before they go live to ensure quality and accuracy Keeping marketing calendars, task lists, and project documentation organized and up to date Following up with team members to keep projects moving and deadlines on track What you’ll need: Excellent writing and editing skills Able to write marketing that feels like a helpful one-on-one conversation, not generic sales copy Strong understanding of audience, tone, and clear communication Exceptional organization and attention to detail (this is one of the most important parts of the role) Comfortable managing multiple projects at once without losing track of details Reliable follow-through and a bias toward getting things done Experience with email marketing, social media, content marketing, or campaign execution Bonus points: Experience working with SaaS companies Experience in the interior design industry or another creative field About us: DesignFiles is an all-in-one business platform built specifically for interior designers. Thousands of designers use DesignFiles to manage projects, collaborate with clients, create presentations, source products, and run more profitable businesses. Everything we create is designed to make designers' lives easier, and our marketing reflects that. We focus on education, practical advice, and helping designers succeed—not pushy sales tactics. Apply for the job: Love writing clear, helpful content and keeping marketing projects moving? Join DesignFiles as a remote Content Marketing Coordinator. To apply: https://weworkremotely.com/remote-jobs/designfiles-content-marketing-coordinator",https://weworkremotely.com/remote-jobs/designfiles-content-marketing-coordinator,We Work Remotely
Impact Clients: Client Success Coach (CSM),,,,,"Sat, 27 Jun 2026 01:08:59 +0000","Headquarters: any, California, United States URL: https://www.highperformancetrain.com/ We're looking for a full-time Client Success Coach to join our fast-growing team at Richard Yu's online education company. Our mission is simple: help everyday people launch impactful online digital arbitrage businesses that transform lives—starting with their own. If you're someone who loves mentorship, thrives in a high-performance environment, and wants to make a real difference in people's lives, keep reading. About Us: Richard Yu is an online business coach with: 100K+ subscribers on YouTube → youtube.com/richardyu1 A growing personal brand on Instagram → instagram.com/richardyuzee Our company is fast-paced, and rooted in service. We're building a world-class education platform to help people turn their knowledge into income through coaching and consulting. About The Role: This is a remote, full-time position. You must be available during 8AM-5PM EST, Monday to Friday. On average, you'll work up to 9 hours per day, and some days will require a little more effort of 10 hours. You must currently live in North America, Europe, or South Africa, and speak fluent, accent-neutral English. Clear communication is non-negotiable, we're in the coaching business. Requirements Here are the requirements: You must be able to commit full time hours (Our office hours are 9 AM - 6 PM EST, though if you are different time zones we're super open minded) You will be conducting new onboarding calls daily to welcome in new students. You will be conducting check in coaching calls daily, to hold accountable, motivate, and inspire students inside the program (must be comfortable jumping on 1:1 Zoom calls or recording Loom videos as needed. You will be messaging clients on a daily basis, in order to hold them accountable to their plan of execution towards their goals and moderating the community. Weekly group coaching calls answering client questions Must have strong communication/interpersonal skills so we can put you in front of our clients and you can confidently answer their questions and guide their decisions Help innovate our products by creating and producing new video trainings/worksheets to deliver a world-class experience. Taking renewal / upgrade calls with clients and enrolling them into our backend coaching programs. Should be proficient or at least knowledgeable about our tech stack (Loom, ActiveCampaign, Slack, Zapier, Calendly, GSuite, CRM, etc.) - you should be familiar with the above tools, or have a willingness to learn these VERY quickly if hired. Your role will constantly be changing. A big part of this job is to stay on your toes, always ready for action and change. You will be responsible for daily reporting on multiple communication channels (Slack, text message, spreadsheets, etc.,) and so a high attention to detail and compliance with standard operating procedures is essential. You must have a high attention to detail and understand systems/processes so you are able to innovate new, more efficient SOPs (processes) to ensure our Fulfillment Team hits their KPIs WHO THIS IS FOR: A coach or mentor at heart—you love helping people Clear, professional communicator (spoken and written English) Experienced with organic marketing on Instagram/Facebook/TikTok (creating reels, organic posts, to generate organic leads) Sales background Able to handle fast-paced environments, multiple clients, and changing priorities Willing to grow with us long-term (3+ years)—this isn't a side hustle Open to feedback and constructive coaching (we'll train you, but we expect growth) Comfortable with tools like Loom, Calendly, Slack, GSuite, CRMs, etc—or willing to learn fast WHO THIS IS NOT FOR: You have another full-time job or multiple freelance clients You struggle with structure, deadlines, or fast execution You dislike being challenged to improve daily Benefits Expected Earnings (Rev share on book of business): $10,000-$15,000+ USD/month (depending on experience) Commission opportunities: % on referrals, upgrades, renewals, and pending payment collections. To apply: https://weworkremotely.com/remote-jobs/impact-clients-client-success-coach-csm-1",https://weworkremotely.com/remote-jobs/impact-clients-client-success-coach-csm-1,We Work Remotely
Impact Clients: Client Success Coach (CSM),,,,,"Sat, 27 Jun 2026 01:01:03 +0000","Headquarters: Toronto, Ontario, Canada URL: https://www.highperformancetrain.com/ We're looking for a full-time Client Success Coach to join our fast-growing team at Richard Yu's online education company. Our mission is simple: help everyday people launch impactful online digital arbitrage businesses that transform lives—starting with their own. If you're someone who loves mentorship, thrives in a high-performance environment, and wants to make a real difference in people's lives, keep reading. About Us: Richard Yu is an online business coach with: 100K+ subscribers on YouTube → youtube.com/richardyu1 A growing personal brand on Instagram → instagram.com/richardyuzee Our company is fast-paced, and rooted in service. We're building a world-class education platform to help people turn their knowledge into income through coaching and consulting. About The Role: This is a remote, full-time position. You must be available during 8AM-5PM EST, Monday to Friday. On average, you'll work up to 9 hours per day, and some days will require a little more effort of 10 hours. You must currently live in North America, Europe, or South Africa, and speak fluent, accent-neutral English. Clear communication is non-negotiable, we're in the coaching business. Requirements Here are the requirements: You must be able to commit full time hours (Our office hours are 9 AM - 6 PM EST, though if you are different time zones we're super open minded) You will be conducting new onboarding calls daily to welcome in new students. You will be conducting check in coaching calls daily, to hold accountable, motivate, and inspire students inside the program (must be comfortable jumping on 1:1 Zoom calls or recording Loom videos as needed. You will be messaging clients on a daily basis, in order to hold them accountable to their plan of execution towards their goals and moderating the community. Weekly group coaching calls answering client questions Must have strong communication/interpersonal skills so we can put you in front of our clients and you can confidently answer their questions and guide their decisions Help innovate our products by creating and producing new video trainings/worksheets to deliver a world-class experience. Taking renewal / upgrade calls with clients and enrolling them into our backend coaching programs. Should be proficient or at least knowledgeable about our tech stack (Loom, ActiveCampaign, Slack, Zapier, Calendly, GSuite, CRM, etc.) - you should be familiar with the above tools, or have a willingness to learn these VERY quickly if hired. Your role will constantly be changing. A big part of this job is to stay on your toes, always ready for action and change. You will be responsible for daily reporting on multiple communication channels (Slack, text message, spreadsheets, etc.,) and so a high attention to detail and compliance with standard operating procedures is essential. You must have a high attention to detail and understand systems/processes so you are able to innovate new, more efficient SOPs (processes) to ensure our Fulfillment Team hits their KPIs WHO THIS IS FOR: A coach or mentor at heart—you love helping people Clear, professional communicator (spoken and written English) Experienced with organic marketing on Instagram/Facebook/TikTok (creating reels, organic posts, to generate organic leads) Sales background Able to handle fast-paced environments, multiple clients, and changing priorities Willing to grow with us long-term (3+ years)—this isn't a side hustle Open to feedback and constructive coaching (we'll train you, but we expect growth) Comfortable with tools like Loom, Calendly, Slack, GSuite, CRMs, etc—or willing to learn fast WHO THIS IS NOT FOR: You have another full-time job or multiple freelance clients You struggle with structure, deadlines, or fast execution You dislike being challenged to improve daily Benefits Expected Earnings (Rev share on book of business): $10,000-$15,000+ USD/month (depending on experience) Commission opportunities: % on referrals, upgrades, renewals, and pending payment collections. To apply: https://weworkremotely.com/remote-jobs/impact-clients-client-success-coach-csm",https://weworkremotely.com/remote-jobs/impact-clients-client-success-coach-csm,We Work Remotely
Hybrid85: Operations Manager,,,,,"Fri, 26 Jun 2026 20:10:34 +0000","Headquarters: Lincoln, NE URL: https://hybrid85.com About us We're a small, all-remote team behind three direct-to-farmer seed brands — Hybrid85 (non-GMO corn), Cover Crop Exchange (cover crop seed), and Override Ag (glyphosate-tolerant corn). We sell straight to farmers, skipping the legacy dealer network. We're profitable and growing, we invest in automation, and we hire people who take genuine ownership of their work. We're hiring our first Operations Manager to own post-sale (and some pre-sale) operations end-to-end — email-first, customer-facing work — so the team can stay focused on growth, sales, and product. You're the person customers hear from, and the one who makes sure orders actually get where they're going. What you'd own In peak seasons (Feb–April and Aug–Nov), you own front-line customer support and the inbox (""Where's my seed?"", order changes, problem resolution); shipping coordination (ship dates, tracking, freight status, lost-shipment follow-up); fulfillment problem-solving with our warehouses when an order is short, mislabeled, or needs redoing; and chasing down the supplier and warehouse paperwork that keeps our records accurate. In the calmer off-season, you track the team's projects and to-dos so they don't slip, handle recurring admin and compliance paperwork, coordinate occasional mailings, and help prepare for upcoming seasons. Who we're looking for Traits that matter far more than industry experience: You communicate clearly and warmly in writing — you're the voice customers hear most, and you write calmly even when the inbox is stacked. You operate independently — you make defensible calls when the picture is ~70% complete and loop owners in for genuine judgment calls, not every decision. You own loose ends — when something lands in your lap with no clear owner, you take it, and you follow up on commitments without being reminded. You're comfortable with new software — our stack changes and you'll live in our admin tools all day. You reach for AI and new tools — we use AI heavily and we're leaning in harder as we grow. You should already use these tools by choice and be genuinely excited to push them further. We'll teach you everything industry-specific. This is an email-first role — we care most about how you write and how you keep things from slipping. What to expect High autonomy — we're hiring you to own this, not to ask permission. You'll own our operations, not a team (no direct reports). Seasonal intensity — peak stretches are high-tempo; the rest of the year is calmer. We automate aggressively, and your job is to do the work and be our partner in deciding what to automate next. We're remote — you'd report directly to a founder; the Lincoln, NE office is optional, otherwise work from wherever. Compensation & benefits Base salary $70,000–$100,000 (depending on experience; we'll go higher for the right person), plus a performance bonus tied to peak-season outcomes, a $1,000/month healthcare stipend, and unlimited vacation. Location & requirements Remote, US only — any time zone. Must have authorization to work in the US; we do not sponsor visas at this time. Roughly 40 hours/week. How to apply Apply here: https://tally.so/r/aQlo12 We read every application and respond to everyone, even if it's a ""no."" Hybrid85, Cover Crop Exchange, and Override Ag are equal opportunity employers. To apply: https://weworkremotely.com/remote-jobs/hybrid85-operations-manager",https://weworkremotely.com/remote-jobs/hybrid85-operations-manager,We Work Remotely
Simplero: Executive Assistant,,,,,"Fri, 26 Jun 2026 17:41:08 +0000","Headquarters: Los Angeles, CA URL: http://www.simplero.com Full-time. Remote. Pacific Time strongly preferred. Los Angeles county would be a huge bonus so we can be in person when it makes sense. I'm looking for someone who genuinely loves being an Executive Assistant. Someone who gets real satisfaction from bringing order to chaos, building systems that make life easier, and being the person behind the scenes who makes everything run smoothly. When I'm able to stay in my zone of genius because you've already thought three steps ahead, that's a great day for both of us. If your favorite feeling is making other people more effective, keep reading. The role You love to move fast. You can handle a lot of ideas being thrown at you and know not to run with every last thing that gets thrown out there. You think. Ask questions. Use judgment. I need someone who enjoys bringing structure to that without slowing it down. Someone who's willing to challenge me when it matters. You'll ask great questions. You'll notice when I'm getting pulled in too many directions. You'll remind me what I said was important. You'll tell me when something doesn't feel aligned or when you think I'm missing something. I'm not looking for someone who just takes orders. I'm looking for a thought partner who helps me stay focused on what matters most. What you'll actually do This isn't just about managing my calendar or booking flights. It's about becoming my co-pilot. You'll own the operational and logistical side of my world so I can stay focused on creating, teaching, building, and leading. That includes things like: Helping run live events and making sure everything is ready before I walk into the room Working with the team to solve problems instead of waiting for someone else to own them Building SOPs, systems, and documentation that make everything run more smoothly Researching whatever needs researching until you know enough to make great decisions Hiring and coordinating contractors and vendors Constantly asking, ""How can we make this simpler? Better? Easier?"" And yes: managing my calendar, inboxes, travel, and logistics You're the kind of person who… sees something that's messy and instinctively starts organizing it. doesn't wait to be asked. don't need a detailed checklist. figure things out. build systems. make things better. love learning. If you don't know something, you teach yourself. AI is your friend. ask questions. You experiment. You document what works. You're confident enough to push back when you think I'm wrong, but humble enough to change your mind when you learn something new. The more you can take off my plate, the more I get to do the work that only I can do. This is a partnership. I want someone who genuinely enjoys being the person behind the scenes making everything work. Someone who gets excited when the machine runs beautifully. Someone who loves helping another person do their best work. If you get energy from making your person more effective, you'll love this role. To apply, record a 60-second video and tell my current EA: What drew you to this role. Tell me about a time you stepped into chaos and made it run smoothly. Why you'd be an exceptional co-pilot. Your compensation expectations. Let's build something incredible. My Socials https://www.instagram.com/calvincorreli/ https://www.instagram.com/simpleroapp https://www.youtube.com/@CalvinCorreliOfficial To apply: https://weworkremotely.com/remote-jobs/simplero-executive-assistant-1",https://weworkremotely.com/remote-jobs/simplero-executive-assistant-1,We Work Remotely
"Rimini Street: Sr. Support Engineer, EBS",,,,,"Wed, 24 Jun 2026 22:25:04 +0000","Headquarters: Remote United States URL: http://riministreet.com About Rimini Street, Inc. Rimini Street, Inc. (Nasdaq: RMNI), a Russell 2000® Company, is a proven, trusted global provider of end-to-end, mission-critical enterprise software support, managed services and innovative Agentic AI ERP solutions, and is the leading third-party support provider for Oracle, SAP and VMware software. Our comprehensive portfolio of unified solutions help run, manage, support, customize, configure, connect, protect, monitor, and optimize enterprise application, database and technology software, enabling our clients to achieve better business outcomes, significantly reduce costs and reallocate resources towards strategic projects. The Company has signed thousands of contracts with Fortune Global 100, Fortune 500, midmarket, public sector and government organizations who selected Rimini Street as their trusted, proven mission-critical enterprise software solutions provider and achieved better operational outcomes, realized billions of US dollars in savings and funded AI and other innovation investments. We are actively seeking a Sr. Support Engineer, EBS . This role reports to the Sr. Director, Oracle Delivery and is eligible for remote work from a home office located in the US. Position Summary The role of the Senior EBS Support Engineer is to provide exceptional remote-based support for mission-critical EBS applications as part of our global customer support team. The position has the responsibility for researching, troubleshooting and supporting multiple EBS modules for our global clients who use both r11i and R12 environments. The role of the Senior EBS Support Engineer requires expertise and skills to diagnose serious issues; then develop, test, package and deliver fixes for such issues in complex, integrated and highly configured environments. Essential Duties & Responsibilities Collaborate with business stakeholders to gather and analyze requirements related to supply chain planning. Configure and customize Oracle ASCP modules to meet business needs. Lead the design and implementation of Oracle ASCP solutions, including data migration and integration with other systems. Provide support and troubleshooting for Oracle ASCP issues, including resolving system defects and performance tuning. Work closely with cross-functional teams to ensure successful delivery of projects within scope, budget, and timeline. Participate in system testing, including unit testing, integration testing, and user acceptance testing Strong understanding of supply chain management principles and processes. Experience with Oracle ASCP, including configuration, data migration, and troubleshooting. Proficiency in Oracle EBS (E-Business Suite) and its supply chain modules. Excellent communication, interpersonal, and problem-solving skills. Ability to work effectively with both business and technical teams. Experience with at least one full end-to-end Oracle ASCP implementation is often required. Technical Responsibilities Interface Development: Designing and developing interfaces to integrate ASCP with other systems, such as ERP systems, warehouse management systems, and external data sources. Customization and Development: Developing custom components, extensions, or reports to meet specific business needs. Performance Tuning: Optimizing the performance of the ASCP system by tuning parameters, configuring data collections, and optimizing database queries. Desired Skills Minimum of 10+ years of experience as an Oracle ASCP Functional Consultant or in a similar role. In-depth knowledge of Oracle E-Business Suite R12, specifically in ASCP modules. Strong understanding of supply chain planning concepts, including demand planning, inventory optimization, and production scheduling. Experience with Oracle ASCP configuration, including setup of planning parameters, data collection, and reporting. Desired understanding of ASCP integration with Global Order Promising, Order Management and Purchase Order Education Bachelor Degree in Computer Science or related field or equivalent experience Location Remote - US Why Rimini Street? Rimini Street Inc. is an affirmative action-equal opportunity employer and complies with all applicable Federal, State, and Local Laws regarding recruitment and hiring. Qualified applicants are considered for employment without regard to race, color, religion, age, sex, sexual orientation, gender identity, national origin, citizenship status, disability, protected veteran status, or any other category protected by applicable Federal, State, or Local laws. Rimini Street Inc. offers a comprehensive compensation and benefits package to employees. The general salary range for this type of role is 128k - 160k depending on skills and experience. The actual compensation offered will ultimately be based on several factors such as: a candidate's location, and the level of applicable skills and professional experience. Rimini’s target pay for each position is available upon request during the applicant’s Interview process. Benefits for US employees include: Medical, Dental, and Vision insurance Disability insurance Paid Parental Leave 401(k) program Generous Paid time off (PTO) We are looking for talented, passionate people to help us build our future at Rimini Street . We hire only the best, the most extraordinary professionals and provide compensation, bonuses, and benefits to match the skills of our top-performing team members. Do you thrive in a fast-paced environment, enjoy growing together, and get excited about learning new skills? Are you looking for an opportunity to make a true impact as part of a team of extraordinary professionals? This is the place for you. Our work is challenging and meaningful. We start and end each day with a sense of achievement and purpose guided by our core values, the Four Cs: Company We dream big and innovate boldly. Colleagues We work with extraordinary people who create a culture of mutual respect and collaboration. Clients We relentlessly pursue solutions that help clients achieve their goals. Our unmatched client care is rooted in our passion for exceptional service. Community We believe in leaving the world a better place than we found it. With the Rimini Street Foundation, we’ve made positive impacts in six continents for over 425 charities. Accelerating Company Growth Nasdaq-listed under ticker symbol RMNI since October 2017 Over 6,300+ signed contracts to date, including Fortune 500 and Global 100 companies Over 2,000 team members in 23 countries US and international recognition for industry leadership and philanthropic efforts. See all of our awards and recognitions here: https://www.riministreet.com/company/awards/ Rimini Street is committed to creating a diverse and inclusive environment and is proud to be an Equal Employment Opportunity Employer. All qualified applicants will receive consideration for employment without regard to age, race, color, religion, national origin, sexual orientation, gender or gender identity, disability, protected veteran status, or any other characteristic protected by law. To learn more about how Rimini Street is redefining the enterprise software support industry, visit http://www.riministreet.com Please Note: Rimini Street does not accept resumes submitted by recruiting/staffing firms unless specifically requested by Human Resources. Unsolicited resumes will be ineligible for referral fees. To apply: https://weworkremotely.com/remote-jobs/rimini-street-sr-support-engineer-ebs",https://weworkremotely.com/remote-jobs/rimini-street-sr-support-engineer-ebs,We Work Remotely
Origami Risk: Technical Partnerships Manager,,,,,"Wed, 24 Jun 2026 22:25:04 +0000","Headquarters: Remote, United States URL: http://origamirisk.com Overview The Technical Partnerships Manager is responsible for building, enabling, and scaling the technical foundation of Origami Risk’s third-party partner ecosystem within the Origami Marketplace. This role owns Marketplace partnerships by both identifying new partnerships, working to create a holistic paid partnership program, and working through agreements. This role is responsible for creating annual forecasts and manage a revenue number for partnerships. The Technical Partnerships Manager operates with a strong commercial mindset, recognizing that Marketplace partnerships—particularly those aligned to Origami’s Premium Partnership program—represent meaningful revenue opportunities. This role serves as a key partner to Integrations Engineering by translating partner capabilities into clear requirements for new connectors and collaborates closely with Technical Sales to support demo environments and partner accounts. Starting base pay for this role is between $140,000 and $175,000. The actual base pay is dependent upon many factors, such as transferable skills, work experience, business needs, training, location, and market demands. The base pay range is subject to change and may be modified in the future. This role will be eligible for a bonus as well as competitive medical, dental, and vision benefits, wellness reimbursement, life insurance, and a 401(k) with company match. We offer vacation and sick leave benefits (under a flexible time off policy in most states). Responsibilities Partner Relationship & Technical Enablement Establishes and maintains strong working relationships with third ‑ party technology partners participating in the Origami Marketplace. Serves as the primary technical point of contact for partners during onboarding and ongoing collaboration. Obtains, reviews, and maintains partner API documentation, integration specifications, and technical requirements. Secures and manages API credentials, sandbox access, and related assets required for development, testing, and demo environments. Monitors and communicates with partners to ensure that credentials and versions are current. Partnership Execution & Commercial Ownership Supports the execution of technical and commercial partnership agreements, ensuring alignment with Origami’s Premium Partnership program. Evaluates partner technical capabilities and readiness to support scalable, supportable integrations. Partners with Product and business stakeholders to assess partnership value, revenue potential, and strategic fit within the Marketplace. Contributes to defining technical enablement standards and requirements for Premium Marketplace partners. Integrations & Product Partnership Acts as a bridge between external partners, Product Managers, and Integration Engineering, translating partner APIs and capabilities into clear, actionable requirements for new and existing connectors. Documents integration assumptions, constraints, dependencies, and requirements to support efficient Engineering execution. Partners with Product Management to ensure Marketplace integrations align with the product roadmap, platform standards, and customer needs. Ensures connectors are current to partners latest releases of functionality and APIs. Sales & Go ‑ to ‑ Market Support Partners with the Technical Sales team to support demo environments involving Marketplace integrations. Ensures partner demo accounts and environments are properly configured, maintained, and technically viable. Provides technical context and partner integration expertise to support sales motions tied to Marketplace and Premium partnerships. Enables internal teams with clear documentation and guidance on partner technical capabilities and integration usage. Collaborates with Marketing team around Origami and Industry conference opportunities with partners to create holistic and comprehensive paid partnership programs. Marketplace Operations & Process Improvement: Supports and continuously improves technical partner onboarding processes for Marketplace integrations. Maintains clear, centralized documentation related to partner technical requirements, integration status, and ongoing enablement needs. Identifies process gaps or friction points in partner technical workflows and proposes scalable improvements. Ideates and creates additional promotional opportunities and enhancements to benefit partners and differentiate paid partnership programs. Qualifications Bachelor’s Degree in technology, business, or a related field, or equivalent experience. Experience in technical partnerships, integrations, solutions engineering, product operations, or a related role. Strong understanding of APIs, authentication methods, and SaaS integration patterns. Demonstrated experience working directly with third ‑ party technology partners to deliver integrations. Strong business acumen with the ability to balance technical feasibility and commercial outcomes. Excellent communication skills (verbal and written) with the ability to translate between technical and non ‑ technical audiences. Proven ability to collaborate cross ‑ functionally with Product, Engineering, and Sales teams. Experience with SaaS marketplaces or revenue ‑ generating partner ecosystems preferred. Benefits Medical and Dental coverage available for employees, dependents, domestic partners, and spouses Paid Time Off – Flexible options plus 10 paid company holidays where available** All full-time positions are hybrid, with many eligible to be completely remote Fully Paid by Origami Risk – Vision insurance, Short & Long-Term Disability Insurance, and Basic Life Insurance Generous family leave options—including adoption and foster care placements Pre-Tax Savings Accounts – Flexible Spending Account, Health Savings Account, Commuter Benefits, Dependent Care Savings Account Retirement Savings – 401(k) with company match up to 4% Employee Assistance Program (EAP) – Confidential & Free support offered to colleagues facing personal or work-related complications Education Assistance Program – to help colleagues pursue industry/role-specific certifications Wellness Benefits – reimbursement program to invest in healthy habits as well as support better colleague productivity and stress management Additional coverages available – Pet Insurance, Critical Illness Insurance, and Voluntary Life & AD&D coverage **Flexible PTO not available in California or the UK Who We Are Origami Risk delivers single-platform SaaS solutions that help organizations best navigate the complexities of risk, insurance, compliance, and safety management. Founded by industry veterans who recognized the need for risk management technology that was more configurable, intuitive, and scalable, Origami continues to add to its innovative product offerings for managing both insurable and uninsurable risk; facilitating compliance; improving safety; and helping insurers, MGAs, TPAs, and brokers provide enhanced services that drive results. A singular focus on client success underlies Origami’s approach to developing, implementing, and supporting our award-winning software solutions. Origami Risk is proud to be an equal opportunity employer. We thrive and benefit from diversity and are committed to creating an inclusive and equitable environment for all employees. We do not discriminate against any individual based upon race, religion, gender (including pregnancy, childbirth, or related medical conditions), sexual orientation, gender identity, gender expression, color, sex, national origin, age, marital status, military or veteran status, disability, or any other characteristic protected by applicable law. Caution : Be alert to recruiting scams. We have received reports of individuals impersonating Origami Risk recruiters to deceive candidates into disclosing personal information. These impostors use fake Origami Risk domain names and email addresses. Please double-check that any email address from an Origami Risk recruiter ends with origamirisk.com or talent.icims.com . And to confirm the legitimacy of any recruiting communication, feel free to email transparencycheck@origamirisk.com . To apply: https://weworkremotely.com/remote-jobs/origami-risk-technical-partnerships-manager",https://weworkremotely.com/remote-jobs/origami-risk-technical-partnerships-manager,We Work Remotely
Rimini Street: Forward Deployed Engineer (Agentic AI),,,,,"Wed, 24 Jun 2026 22:25:04 +0000","Headquarters: Remote Singapore URL: http://riministreet.com About Rimini Street, Inc. Rimini Street, Inc. (Nasdaq: RMNI), a Russell 2000® Company, is a proven, trusted global provider of end-to-end, mission-critical enterprise software support, managed services and innovative Agentic AI ERP solutions, and is the leading third-party support provider for Oracle, SAP and VMware software. Our comprehensive portfolio of unified solutions help run, manage, support, customize, configure, connect, protect, monitor, and optimize enterprise application, database and technology software, enabling our clients to achieve better business outcomes, significantly reduce costs and reallocate resources towards strategic projects. The Company has signed thousands of contracts with Fortune Global 100, Fortune 500, midmarket, public sector and government organizations who selected Rimini Street as their trusted, proven mission-critical enterprise software solutions provider and achieved better operational outcomes, realized billions of US dollars in savings and funded AI and other innovation investments. Position Summary Reporting to the VP, Innovation, Solution Delivery, the Forward Deployed Engineer (Agentic AI) embeds with enterprise clients to design, build and operationalize agentic AI solutions in production. You will build production outcomes for clients, integrate agentic systems with enterprise platforms and systems of record, and stay accountable through cutover, early production and handover to ongoing support. The role is platform-agnostic by design and adapts to whichever AI platform best fits the client, including hyperscale AI services, ServiceNow and other enterprise AI platforms. Essential Duties and Responsibilities Lead technical discovery, scope agentic AI use cases, and translate business problems into engineering deliverables with measurable success criteria such as cycle-time reduction, support deflection, automation rate, security and governance success rate and adoption rate. Design target architectures that fit the client's environment, regulatory posture and platform preferences, selecting the right substrate per engagement across hyperscale AI services, ServiceNow and other enterprise AI platforms. Write production-grade code to deliver the solution, working inside the client's source control, CI/CD and deployment infrastructure, and within enterprise release governance including change approvals, separation of duties, audit evidence and rollback planning. Build and tune retrieval pipelines, prompt architecture, guardrails, agent orchestration and human-in-the-loop controls that hold under real production variation. Implement enterprise-safe agent tool execution, including permission scoping, approval gates, audit trails and rollback paths for any agent action that touches systems of record. Build evaluation suites that catch hallucinations, regressions, grounding gaps and quality drift, and implement production observability for latency, token usage, error rates, accuracy and output drift. Integrate solutions with client identity, secrets management, network controls, incident response and compliance tooling. Stay engaged through cutover and the first production iteration cycle, then run a structured handover to the ongoing support team, including documentation, runbooks and knowledge transfer. Act as an escalation backup to the support team after handover, stepping back in when issues exceed the support team's depth or when the system needs architectural intervention. Build trusted advisor relationships with client engineering, data, security and business stakeholders, and communicate clearly to both engineering teams and C-level audiences. Abstract field learnings into reusable patterns, accelerators and reference architectures that feed back into Innovation and shape product direction, methodology and the next engagement. Experience This is a Principal-level role. We are looking for engineers with the depth to operate independently inside enterprise client environments, the breadth to span production engineering and applied AI, and the demonstrated ability to ship in a discipline that is still being defined. We weight recent, hands-on agentic AI work heavily, recognizing that production agentic systems are a young discipline. Equivalent experience from adjacent disciplines, including machine learning engineering, applied AI research with production deployment exposure, or senior backend engineering with recent agentic shipping, is welcomed. 8+ years of professional engineering experience across production systems, with significant production rather than purely advisory time. 2+ years shipping AI or machine learning systems into production, with demonstrated hands-on agentic or LLM-based work. Proven track record working directly with Fortune 500 or Global 2000 enterprise clients in ambiguous, complex environments. Track record of operating across the full lifecycle of a system, including architecture ownership, handover to support and ongoing escalation support. Demonstrated ability to learn fast and ship in emerging technical disciplines. Candidates whose recent agentic AI work was learned quickly on the back of strong fundamentals are explicitly in scope. Skills ERP and enterprise systems experience across SAP, Oracle E-Business Suite, JD Edwards, Infor, ServiceNow, Salesforce, Workday or other systems of record. Direct SAP and Oracle EBS experience highly valued. Experience with multiple-agent AI platforms, demonstrating ability to deliver on whichever platform the client has standardized on. Prior experience as a Forward Deployed Engineer, Applied AI Engineer or equivalent embedded delivery role at an AI lab, hyperscale or systems integrator. Production Python and at least one additional enterprise or full-stack language such as TypeScript, Java, Go, C# or Scala, including modern agent frameworks and patterns. SQL and data modelling fluency, including the ability to reason about enterprise data quality, lineage, permissions and operational semantics. Hands-on retrieval-augmented generation, including chunking, embeddings, vector stores and reranking. Evaluation suite design for LLM-based systems, including regression detection, hallucination measurement and grounding checks. Production observability for AI systems, including latency, token usage, error rate and output drift instrumentation. Working knowledge of at least one major agentic AI platform such as AWS Bedrock, Azure AI, Google Vertex AI, ServiceNow AI and willingness to learn others as engagements demand. Agent tool execution and governance, including the Model Context Protocol (MCP) or equivalent tool interfaces, permission scoping, scoped credentials, approval gates, audit trails and safe execution controls. Enterprise integration fundamentals, including REST and event-driven patterns, identity flows such as OIDC and SAML, and secure deployment into client-controlled environments. UI and front-end fluency in modern web frameworks such as Angular, React or equivalent, sufficient to build or extend the user-facing layer of agentic solutions. Durable execution frameworks, event-driven architectures or workflow orchestration at enterprise scale. Exceptional written and verbal communication across deep technical and executive audiences, with strong consultative and outcomes-driven instincts. High autonomy, resilience and pragmatism in legacy and politically complex environments, with the proactive discipline needed for effective remote embedding. Education Bachelor’s degree in computer science, engineering, information systems or related field, or equivalent practical experience. Location and Travel Remote – Singapore Travel typically 25 percent to work with clients, prospects, partners or attend events. Why Rimini Street? We are looking for talented, passionate people to help us build our future at Rimini Street . We hire only the best, the most extraordinary professionals and provide compensation, bonuses, and benefits to match the skills of our top-performing team members. Do you thrive in a fast-paced environment, enjoy growing together, and get excited about learning new skills? Are you looking for an opportunity to make a true impact as part of a team of extraordinary professionals? This is the place for you. Our work is challenging and meaningful. We start and end each day with a sense of achievement and purpose guided by our core values, the Four Cs: Company We dream big and innovate boldly. Colleagues We work with extraordinary people who create a culture of mutual respect and collaboration. Clients We relentlessly pursue solutions that help clients achieve their goals. Our unmatched client care is rooted in our passion for exceptional service. Community We believe in leaving the world a better place than we found it. With the Rimini Street Foundation, we’ve made positive impacts in six continents for over 425 charities. Accelerating Company Growth Nasdaq-listed under ticker symbol RMNI since October 2017 Over 6,300+ signed contracts to date, including Fortune 500 and Global 100 companies Over 2,000 team members in 23 countries US and international recognition for industry leadership and philanthropic efforts. See all of our awards and recognitions here: https://www.riministreet.com/company/awards/ Rimini Street is committed to creating a diverse and inclusive environment and is proud to be an Equal Employment Opportunity Employer. All qualified applicants will receive consideration for employment without regard to age, race, color, religion, national origin, sexual orientation, gender or gender identity, disability, protected veteran status, or any other characteristic protected by law. To learn more about how Rimini Street is redefining the enterprise software support industry, visit http://www.riministreet.com Please Note: Rimini Street does not accept resumes submitted by recruiting/staffing firms unless specifically requested by Human Resources. Unsolicited resumes will be ineligible for referral fees. To apply: https://weworkremotely.com/remote-jobs/rimini-street-forward-deployed-engineer-agentic-ai",https://weworkremotely.com/remote-jobs/rimini-street-forward-deployed-engineer-agentic-ai,We Work Remotely
TourCC: VP - Customer Success & Account Management - SaaS,,,,,"Wed, 24 Jun 2026 22:25:04 +0000","Headquarters: Remote URL: http://tourcc.com WHO WE'RE LOOKING FOR You are passionate about tech products & services and what it can accomplish. (Bonus: you understand the challenges our ideal clients face and are excited to be of service to this market.) In addition: • You have 9+ years of experience in a similar role, 3+ of which should be from a SaaS company. • You have a high level of attention to detail, and accuracy matters to you. • You are empathetic and have a real desire to help our customers reach their goals. • You have good taste: not necessarily a design background, but you know what good looks like (or simply how to rectify bad content, and teach clients good vs bad) • You can get excited about helping our users get the most out of our tools – including giving tough love when they are using them incorrectly. • You are driven, self-motivated, enthusiastic, have a ""can do"" attitude and a results-driven mentality with a bias for speed and action (while not missing the details!) • You have excellent communication and interpersonal skills, and are able to be flexible and operate effectively with uncertainty and change. Bonus: • You have a good understanding of marketing and martech solutions, and you have great experience with CRM systems such as Hubspot, Salesforce, Zoho, etc., • You're just as happy getting your hands dirty with implementation work as you are building out high-level systems/processes, and managing a large team. Onboarding and training: • Oversee our primary contacts for the onboarding of new customers, training of platform end-users. • Oversee completion of customer needs and/ or management of contractors and outsourced resources to perform work. • Oversee management of the knowledge base, addition of new articles as needed and ensuring everything is up-to-date and accurate. • Become a subject matter expert on our technology, and clearly articulate its value in writing, over the phone dialog, and at the occasional in-person industry event. Support and retention: • Deepen our customer retention support by preparing the strategy and program for this while working closely with the commercial team to roll this out. • Oversee providing exceptional customer support within established SLA guidelines, track and report out related metrics. • Oversee management of the long-term health of the customer base by identifying and preempting areas of risk or concern; drive retention and growth among our most valuable customers by understanding their business needs and helping them succeed by extracting the most value from our SaaS tools. • Understand customer sentiment and outcomes by communicating, defining and tracking health metrics, run NPS and gather other feedback. • Oversee maintenance of a cadence of communicating with customers about needs and adoption trends via surveys and other tools, and educating them via their preferred channel of communication. Sales and product: • Represent the voice of the customer to provide input into every core product, marketing and sales process. • Collaborate with the engineering and product development team to troubleshoot technical issues raised by customers. • Curate the forums, utilize surveys and webinars to determine what feature requests are most needed, and advocate for them on the product team. • Collaborate closely with sales to drive opportunities. To apply: https://weworkremotely.com/remote-jobs/tourcc-vp-customer-success-account-management-saas",https://weworkremotely.com/remote-jobs/tourcc-vp-customer-success-account-management-saas,We Work Remotely
Intapp: Senior Engagement Manager,,,,,"Wed, 24 Jun 2026 22:25:04 +0000","Headquarters: Charlotte, NC URL: http://intapp.com At Intapp, the Senior Engagement Manager is the front line of what Intapp stands for. This is where Intelligence Applied becomes something a client experiences on day one — this is our track record! What you will do: Work with teams across our Client Services division to keep client-facing projects on track, delivering on schedule and within scope Coordinate internal resources and third parties/vendors for the flawless execution of projects Track and analyze project budget performance, including expenditures and procurement, reporting on any current or potential blockers, risks, overflows and deficits Track and analyze project scope and schedule, reporting to management on any changes or risks, being able to suggest the improvements and mitigations Escalate projects to management and key internal stakeholders as needed Maintain and report on the projects pipeline Create and maintain comprehensive project documentation Close out projects at completion, passing project deliverables and documentation to operations What you will need: At least 5-7 years’ experience in a Project Manager/Engagement Manager role, ideally working with enterprise software Commitment to project management career growth Degree educated Strong analytical and problem-solving skills Ability to work well with large and diverse virtual teams Ability to work under pressure Experience with task scheduling Experience with project management practices and tools to create, manage, and track project performance Excellent client-facing and internal communication skills Excellent written and verbal communication skills Solid organizational skills, including attention to detail and multitasking skills Experienced user of MS Office toolset Experience in the legal, financial or professional services sectors would be of benefit ​ What you will gain: At Intapp, you’ll get the opportunity to bring your talents and intellectual curiosity to create better outcomes for our people and our clients. You’ll be part of a growing public company, with a modern work environment that’s connected yet flexible and where your professional growth and well-being are top priorities. We’ll collaborate and grow together, supporting each other in a positive, open atmosphere that fosters creativity, innovation, and teamwork. Here, you will have the opportunity to: Expand Your Skills: Unlock your potential with professional development opportunities supported by a community of experienced professionals. We offer reimbursement for training and continuing education to help you stay ahead in your career. Enjoy Where You Work: Thrive in our modern, open offices designed to inspire creativity and collaboration. Our complimentary lunches and fully stocked kitchens ensure you have everything you need to stay energized throughout the day. Support What Matters Most: Our comprehensive wellness and flexible time off programs and our benefits are designed to care for you and your family. Our family-formation benefits and support during your family-building journey ensure you have the resources you need when it matters most. We believe in giving back and supporting our communities with paid volunteer time off and a donation matching program for the causes you care about. Join us and be a part of a collaborative and welcoming culture where your contributions are valued, and your professional growth is a priority. Together, we are building a company of long-term value that we can all be proud of. Intapp provides equal employment opportunities to all qualified applicants and will make hiring decisions without regard to race, color, sex, sexual orientation, gender identity or expression, religion, national origin or ancestry, age, disability, marital status, pregnancy, protected veteran status, protected genetic information, political affiliation, or any other characteristic protected by federal, state or local laws. Please note: Intapp will not hire through text message, social media, or email alone. We will never extend a job offer unless you have been contacted directly by an Intapp recruiter and have participated in the interview process which will generally consist of 3 or more virtual or in person meetings. Please note that Intapp only uses company email addresses, which contain “@intapp.com” or “@dealcloud.com” to communicate with candidates via email. Intapp will never ask for financial information of any kind or for any payment during the job application process. We post all legitimate job openings on the Intapp Career Site at https://www.intapp.com/working-at-intapp/ . If you believe you were a victim of such a scam, you may contact your local authorities. Intapp is not responsible for any claims, losses, damages, or expenses resulting from scammers. To apply: https://weworkremotely.com/remote-jobs/intapp-senior-engagement-manager",https://weworkremotely.com/remote-jobs/intapp-senior-engagement-manager,We Work Remotely
Verdantas: Substation Design Lead,,,,,"Wed, 24 Jun 2026 22:24:51 +0000","Headquarters: Lakewood CO URL: http://verdantas.com Welcome to Verdantas, where innovation meets sustainability, and your career finds purpose! At Verdantas, we’re redefining environmental consulting and sustainable engineering through our use of cutting-edge modeling and digital technology and our genuine commitment to people. Our work spans high-growth sectors like water resources, resilient land use, energy transformation, and civil infrastructure. Our commitment to excellence, across more than 90 offices, is championed by a team of over 2,000 experts, scientists, engineers, geologists, and technical specialists, embedded in a people-focused culture, prioritizing the well-being of our employees, clients, and the communities we serve. We partner with clients to deliver smart, data-driven solutions to complex environmental and infrastructure challenges. We don’t just solve problems; we help shape a more sustainable future. Join a people-first culture that values your well-being, empowers your growth, and amplifies your impact. At Verdantas, your career goes beyond the expected, and your work helps build a better world. Ready to shape the future of resilient communities? What You'll Do Lead and manage the design team, including graphic designers, UX/UI designers, and other creative professionals Develop and implement design strategies that align with the company's goals and objectives Oversee the creation of design concepts, prototypes, and final deliverables Collaborate with cross-functional teams to ensure cohesive and effective communication of the brand message Provide creative direction and feedback to team members, fostering a collaborative and innovative work environment Ensure all design materials adhere to brand guidelines and maintain a consistent visual identity Stay up to date with industry trends and best practices to continuously improve the design process Manage project timelines, budgets, and resources to ensure timely and cost-effective delivery of design projects Present design concepts and solutions to stakeholders and clients What You'll Bring 10+ Years of experience in substation P&C design Knowledge of NESC and NEC when designing substations. Example might be clearances and conduit fill awareness Experience with utility process and standards is preferred Experience with Auto Cad, MircoStation and other 3D software is a bonus Ability to lead their portion of the project with minimal oversight Salary Range: Starting at $105,000 Benefits: Flexible Work Environment Paid Parental Leave Medical Dental Vision Life and AD&D Insurance Short-Term and Long-Term Disability 401(k) with Company Match Paid Time Off + Holidays Verdantas strives to develop new ways to increase diversity awareness within our organization. We recruit and reward our employees based on capability and performance — regardless of race, gender, sexual orientation, gender identity or expression, lifestyle, age, educational background, national origin, religion, or physical ability. For us, it is imperative to build balanced teams from all walks of life and we believe that a diverse workforce is a stronger workforce. Verdantas is an EOE race/color/religion/sex/sexual orientation/gender identity/national origin/disability/vet To apply: https://weworkremotely.com/remote-jobs/verdantas-substation-design-lead",https://weworkremotely.com/remote-jobs/verdantas-substation-design-lead,We Work Remotely
GM: Producer - Human Interface Design,,,,,"Wed, 24 Jun 2026 22:24:51 +0000","Headquarters: GM Global Technical Center - Sloan Engineering Center URL: http://gm.com Job Description Sponsorship: GM DOES NOT PROVIDE IMMIGRATION-RELATED SPONSORSHIP FOR THIS ROLE. DO NOT APPLY FOR THIS ROLE IF YOU WILL NEED GM IMMIGRATION SPONSORSHIP (e.g., H-1B, TN, STEM OPT, etc.) NOW OR IN THE FUTURE. Work Arrangement: This role is categorized as hybrid. This means the successful candidate is expected to report to the office three times per week or other frequency dictated by the business. The Role General Motors’ Human Interface Design organization creates the digital experiences that power our in‑vehicle software, mobile apps, and branded web platforms. As a Producer on the Design System Governance team, you will help run the operating models, governance rituals, and delivery processes that enable designers to work at scale across these surfaces. You will partner closely with Foundations, design system owners, and cross‑functional teams to ensure that components, tokens, iconography, and guidelines are created, governed, and adopted consistently. You will collaborate frequently with other producers and design leads across vehicle operating system, web, and app teams to align roadmaps, manage dependencies, and ensure system changes land cleanly in product work. In this role, you will learn and apply proven producer practices on well‑defined projects with guidance and mentorship from more senior producers. What You’ll Do Support scalable workflows and governance models that improve predictability, velocity, and quality of design delivery across web, mobile, and in‑vehicle experiences, helping operate and continuously improve the intake and triage model for design system requests. Assist in running design system governance for GM’s web, mobile, and vehicle operating system design systems—including intake, prioritization, decision forums, and release/readout communications—under guidance from senior producers. Partner with design system owners, Foundations, accessibility, and content teams to coordinate component and library releases, track deprecation and migration tasks, and contribute to improving design system documentation and discoverability. Help facilitate alignment across design, product, engineering, and brand partners by preparing materials, capturing notes and decisions, following up on actions, and building clear communication artifacts such as status updates, simple roadmaps, briefs, risk logs, and decision logs. Coordinate checklists and logistics for quality and release‑readiness activities across design, engineering, accessibility, and content, helping ensure that required reviews, sign‑offs, and artifacts are completed before release for Foundations‑ and Governance‑owned work. Identify and surface risks and blockers you observe in meetings and work boards; help drive resolution by organizing follow‑ups, documenting options, clarifying owners, and supporting realistic expectations through basic capacity and resourcing signals. Schedule, prepare, and help facilitate regular rituals—such as grooming, decision forums, and working sessions—while collaborating with other producers and design leads to manage shared backlogs, align milestones, coordinate cross‑surface releases, and champion standardized tools and practices that support multi‑brand, multi‑region design operations. Your Skills & Abilities (Required Qualifications) Bachelor’s degree in design, human‑computer interaction, information systems, business, or a related field, or equivalent practical experience. 4+ years of experience in digital product design operations, project coordination, production, program management, or a related role supporting software or experience design teams. Experience supporting cross‑functional teams (for example, design, product management, engineering, and brand) delivering digital experiences across web, mobile, or in‑vehicle interfaces. Demonstrated ability to organize complex information, maintain tracking systems, and create clear summaries, plans, and status updates for diverse stakeholders. Experience facilitating meetings or working sessions, including preparing agendas, documenting outcomes and decisions, and driving follow‑up actions to closure. Comfort working with modern design and work‑tracking tools (for example, collaborative design libraries, digital whiteboarding, and agile work‑management tools). Strong written and verbal communication skills, with the ability to translate technical and design details into clear, understandable language. Ability to work effectively in a hybrid environment and reliably report to a designated GM location on the schedule defined by the business. What Will Give You a Competitive Edge (Preferred Qualifications)​ Experience working with or contributing to a design system, governance model, or shared component library that spans multiple products, brands, or platforms. Familiarity with accessibility standards and inclusive design practices, and how they influence design and implementation decisions. Prior experience in a design operations, producer, or program management role within a digital product, software, or creative organization. Proven ability to foster collaboration and teamwork across disciplines and to build strong relationships with partners at different levels of the organization. Demonstrated initiative in identifying process gaps, proposing improvements, and helping teams adopt new ways of working that reduce friction and rework. Ability to navigate ambiguity, break down complex problems into clear steps, and take intelligent risks while maintaining a focus on quality and outcomes. Evidence of strong character with integrity, accountability, and trust, and a track record of clear, confident communication in both written and verbal formats. &#xa;&#xa;&#xa;&#xa; About GM Our vision is a world with Zero Crashes, Zero Emissions and Zero Congestion and we embrace the responsibility to lead the change that will make our world better, safer and more equitable for all. Why Join Us We believe we all must make a choice every day – individually and collectively – to drive meaningful change through our words, our deeds and our culture. Every day, we want every employee to feel they belong to one General Motors team. Benefits Overview From day one, we're looking out for your well-being–at work and at home–so you can focus on realizing your ambitions. Learn how GM supports a rewarding career that rewards you personally by visiting Total Rewards resources . Non-Discrimination and Equal Employment Opportunities (U.S.) General Motors is committed to being a workplace that is not only free of unlawful discrimination, but one that genuinely fosters inclusion and belonging. We strongly believe that providing an inclusive workplace creates an environment in which our employees can thrive and develop better products for our customers. All employment decisions are made on a non-discriminatory basis without regard to sex, race, color, national origin, citizenship status, religion, age, disability, pregnancy or maternity status, sexual orientation, gender identity, status as a veteran or protected veteran, or any other similarly protected status in accordance with federal, state and local laws. We encourage interested candidates to review the key responsibilities and qualifications for each role and apply for any positions that match their skills and capabilities. Applicants in the recruitment process may be required, where applicable, to successfully complete a role-related assessment(s) and/or a pre-employment screening prior to beginning employment. To learn more, visit How we Hire . Accommodations General Motors offers opportunities to all job seekers including individuals with disabilities. If you need a reasonable accommodation to assist with your job search or application for employment, email us or call us at 1-800-865-7580. In your email, please include a description of the specific accommodation you are requesting as well as the job title and requisition number of the position for which you are applying. To apply: https://weworkremotely.com/remote-jobs/gm-producer-human-interface-design",https://weworkremotely.com/remote-jobs/gm-producer-human-interface-design,We Work Remotely
GE Vernova: Senior Design Engineer,,,,,"Wed, 24 Jun 2026 22:24:51 +0000","Headquarters: Silverwater URL: http://gevernova.com Job Description Summary This Senior-level role of Protection and Control Systems Design Engineer is responsible to lead the team of Engineers in Grid Automation pacific for design and analysis of protection and control systems. This includes working with GA APAC region leadership, GA COE (Centre of excellence) to build Engineering capability in pacific to deliver to meet customer satisfaction. Job Description Roles and Responsibilities Provide technical guidance and leadership, oversee project Engineering scheduling and resource planning, develop talent through mentorship, and act as the point-of-contact between your engineering team and both internal and external customers. Perform lead Design Engineering technical work scopes or manage project scopes (secondary design for protection and control, SAS – Substation automation systems ) Support secondary system design and development from conceptual through preliminary and detailed design, fabrication, assembly, production test, validation test as well as site installation, start-up test, and commissioning. Perform, lead, or manage design and related technical scope from Conceptual, Preliminary, and Detailed Design including successful completion of regulatory design certification or plant licensing as well as procurement packages and hand-off to suppliers for implementation all applicable system, and component requirements; interfaces, function, performance, design assurance process, qualification, standards, regulatory guidance, certification or licensing commitments, technical contract, human factors, safety hazards, reliability, cyber Collaborate with system supplier implementation teams to develop, perform, and review unit, module, system, and integration test plans, procedures, and reports including factory acceptance test, site acceptance test, construction, pre-operational, and start-up tests. Qualifications / Requirements Degree from an accredited university or college in Electrical or control engineering Engineering and Business knowledge, with possible experience in T&D/ Energy/ Grid / substation automation activities. Min 10-12 years of experience in design of secondary system to high voltage substations. Fluency in English language. Knowledge of SAP/ERP, Business Objects, Project Structure and Project tools / dashboards. Strong LEAN advocate with a love for At point problem solving, RCAs, 5 WHYs and PSRs. Willingness to travel 30%. Desired Characteristics Leadership by influence with strong team player attributes. Ability to interact with term members from different cultural backgrounds. Ability to summarize data of a complex project, and to be able communicate the key message as needed. Able to manage the details while not losing sight of the big picture under focus. Strong business acumen, execution driven. High energy, positive individual loving operational challenges with proactivity. Expertise required in finance, project control and data manag As GE Vernova is a global organization, working across different time zones, and monitoring, reading and responding to contact outside normal working hours can be expected. Additional Information Relocation Assistance Provided: No #LI-Remote - This is a remote position To apply: https://weworkremotely.com/remote-jobs/ge-vernova-senior-design-engineer",https://weworkremotely.com/remote-jobs/ge-vernova-senior-design-engineer,We Work Remotely
Clark Builders: Virtual Design & Construction (VDC) Reality Capture Technician (CB),,,,,"Wed, 24 Jun 2026 22:24:51 +0000","Headquarters: Vancouver, BC URL: http://clarkbuilders.com At Clark Builders, we’re more than a construction company — we’re purpose driven pa rtners committed to building stronger communities. Serving institutional, commercial, and industrial clients across Western and Northern Canada since 1974, we bring a relationship-based approach, deep expertise , and a commitment to safety, innovation, and sustainability to everything we do. As part of the Turner Construction family, we offer the personalized culture of a local team with the strength of a global leader. Learn more about our Purpose and what drives us by visiting our Who We Are page. Position Description: The VDC Reality Capture Technician is responsible for collecting, processing, and integrating reality capture data to support coordination, as-built verification, model analysis, and project reporting. Drone piloting and point cloud data management are critical to this position. The successful candidate will perform aerial and ground-based data collection and deliver organized, usable datasets that support project VDC workflows. The position will initially be based out of our main office in Edmonton, Alberta, with the role later shifting to a project site located near Fort Saskatchewan, Alberta. Reports to: VDC Project Manager, VDC Manager Essential Duties & Key Responsibilities: Perform reality capture activities, including drone flights, aerial image collection, site photography, 360 capture, LiDAR scanning, and related field data collection. Process and organize aerial and ground-based capture data for use in coordination, planning, reporting, and model analysis. Verify as-built field conditions using laser scanner, total station, GNSS, and related field data against project models and requirements. Clean and prepare point cloud data, including cropping, sectioning, and removal of noise. Integrate reality capture data with 3D models, CAD drawings, Drone Deploy and project coordination workflows. Compile as-built data, identify field-to-model discrepancies, and support issue reporting to project teams. Support site control activities by working with project control, coordinate systems, and related field verification requirements. Maintain capture equipment, field notes, data logs, and project documentation in accordance with company and project standards. Coordinate with VDC, operations, and field teams to plan and execute capture activities based on project priorities. Perform other related duties as assigned. Qualifications: Degree, diploma, or equivalent experience in VDC, geomatics, survey, construction technology, engineering technology, or a related field. Proven experience with drone piloting and aerial data management. Strong organizational skills, attention to detail, and communication skills. Ability to work safely and effectively in active construction environments. Experience with Autodesk Forma/ACC, Civil 3D, Autodesk Point Layout, Trimble control tools, or similar platforms. Experience on large, complex, industrial, mission critical, or data centre projects. Relevant drone or flight credentials are an asset. Experience with GPR is an asset. Able to satisfy all requirements necessary to conduct advanced drone operations and flight planning in Canada. Travel as required. Ready to build your career with us? Apply now and join a team that’s making a real impact. Recruitment Fraud Alert Clark Builders Group of Companies (CBGOC) is aware of fraudulent job offers and interview requests falsely made in our name, targeting international job seekers. These scams aim to collect money or personal information and are not authorized by CBGOC. We never send unsolicited job offers, request payment at any stage of hiring, or ask for personal information before a formal offer is accepted. We urge all applicants to verify the legitimacy of any recruitment communication and report suspicious activity to the appropriate authorities . To apply: https://weworkremotely.com/remote-jobs/clark-builders-virtual-design-construction-vdc-reality-capture-technician-cb",https://weworkremotely.com/remote-jobs/clark-builders-virtual-design-construction-vdc-reality-capture-technician-cb,We Work Remotely
"PCL Industrial Management: Coordinator, Virtual Design & Construction",,,,,"Wed, 24 Jun 2026 22:24:51 +0000","Headquarters: Edmonton Industrial Management URL: http://pcl.com The future you want is within reach. Let's build it together. At PCL Industrial Management Inc., part of the PCL Family of Companies (PCL), we don't just build projects -- we build opportunities, careers and communities. We are 100% employee-owned, every employee has a stake in our success, and that shared commitment drives how we work, grow and lead in the construction industry. We're a team of builders who care deeply about what we create and who we build with. That includes you. We are not only shaping the future of construction, we are also committed to shaping the future of your career. As a Coordinator, Virtual Design & Construction for PCL Industrial Management Inc. in Edmonton, Alberta (Ind Mgmt), you'll have the opportunity to support virtual design and construction initiatives by developing and managing BIM models, construction visuals, and innovative VDC tools that enhance project planning and execution. Why Choose PCL? Choose a career with rewards that matter. PCL's total rewards are designed to support your growth, well-being and future success -- because when you succeed, we all do. Our offerings could include: Employee ownership opportunities that build long-term value Annual discretionary performance bonuses RRSP, TFSA, Pension Contribution Options Flexible medical, dental and vision benefits Prescription drug coverage and virtual care services Life, AD&D and disability insurance Paid parental leave and family care support Health and lifestyle spending account options Mental health and wellness support, including Employee Assistance Programs Career growth pathways, leadership development and mentorship programs Access to world-class training through PCL's College of Construction and professional development courses Ongoing opportunities to learn new skills, explore different roles and grow your career across sectors and regions Here's how a Coordinator, Virtual Design & Construction for PCL Industrial Management Inc. within Edmonton Industrial Management contributes to our team: Responsibilities • Assist in the development of best practices for virtual construction processes and strategies • Analysis, modification and management of Building Information Models (BIM) such as: BIM project execution plan 4D simulation/schedules and marketing proposal animations Site logistics plans Construction Execution Plans Excavation models • Develop Heavy Crane lift drawings • Model quantity takeoff • 3D Drafting of in-house designs • The ability to translate 2D drawings and specs into a complete 3D/4D Models. • Knowledge and practical understanding of heavy industrial construction practices. This could include design construction management experience, field experience, trade experience, etc • Provide support and training with the systems used in Virtual Design & Construction • Research and development with new technologies and processes that will benefit the business, such as 4D scheduling / animations, quantification of 3D Model, virtual reality, augmented reality • Assist with the production of project pursuit models, animations, and rendered walkthrough videos. • Plan, coordinate, and attend virtual design construction related conferences • Read and review construction documents; contracts, drawings and specifications Qualifications • Diploma in engineering technology, architecture or construction management considered an asset • Minimum of 2-3 years’ experience in virtual design & construction, heavy industrial or a related field • Strong computer skills, including hands on experience with AutoCAD, Navisworks and 3DS Max • Knowledge of P6, InfraWorks, Databases, Camtasia, and Virtual Reality are a plus. • Experience with the creation/modification of BIM and virtual design construction standards, manuals, and training • Strong knowledge and understanding of current construction best practices and proven field experience in the heavy industrial industry • Excellent time management, verbal and written communication and presentation skills • Strong customer service and solution provider abilities • Exceptional networking and relationship development skills with internal and external clients • Demonstrated ability to take initiative and proactively address challenges or gaps in the virtual construction process • Flexibility to work non-traditional hours, when necessary • Willing to visit project locations if necessary • Experience using additional technologies such as: Tekla, Synchro, Civil 3D, BIM 360 Glue and Field, would be considered an asset Your Work Has Purpose Here PCL projects are where life happens, where communities connect, careers begin, and progress is made. Regardless of the type of project, we are building something bigger: a future that's inclusive, resilient and full of opportunity. At PCL Industrial Management Inc., we are committed to creating a workplace where everyone belongs. We value the diverse experiences, identities and perspectives our employees bring. Employment decisions are based on merit, potential and the drive to make a difference, regardless of race, gender, age, ability or background. We know everyone's needs are different, if you require accommodation during the application process, please contact careers@pcl.com and include the position and location of interest. This recruitment process does not involve the use of artificial intelligence (AI) to screen, assess, or select applicants. All hiring decisions are made by human reviewers. Company: PCL Industrial Management Inc. Primary Location: Edmonton, Alberta (Ind Mgmt) Job Title: Coordinator, Virtual Design & Construction Requisition ID: 12309 To apply: https://weworkremotely.com/remote-jobs/pcl-industrial-management-coordinator-virtual-design-construction",https://weworkremotely.com/remote-jobs/pcl-industrial-management-coordinator-virtual-design-construction,We Work Remotely
BlueBox: SaaS Project/Marketing Manager,,,,,"Wed, 24 Jun 2026 21:00:18 +0000","Headquarters: UK URL: https://www.blueboxonline.com SaaS Project/Marketing Manager (UK Hours) Remote (UK Hours) | Full-Time | US$1,500 per Month Please submit your CV to job3762@hrsorcery.com About Us We are a growing SaaS company building innovative web applications for businesses worldwide. We operate with a lean, high-performance team and are looking for an organized, commercially minded Project Manager to coordinate product delivery, client success, and growth initiatives. This full-time contracted position operates Mon-Fri UK working hours. This hybrid role combines Project Management, Client Success, Product Operations, Digital Marketing, and Business Development. Working Hours Fully Remote Full-Time (Contracted) Monday to Friday UK Hours (9:00am – 5:00pm) The Role You will act as the bridge between customers, developers, and business stakeholders, ensuring projects are delivered on time and aligned with client requirements. You will also support growth initiatives through digital/social-media campaign creation, marketing coordination, lead management, KPI tracking, and customer success activities. Key Responsibilities Project Management & Product Operations (60%) Client & Stakeholder Management Lead client discovery and requirements-gathering sessions Translate business requirements into clear development tasks Manage timelines, priorities, and stakeholder communication Provide regular project updates and status reporting Development Coordination Coordinate developers, designers, and stakeholders Manage sprint planning, stand-ups, reviews, and retrospectives Track project milestones and delivery schedules Ensure work remains within scope and deadlines Technical Triage & QA Document bugs, issues, and feature requests Reproduce and prioritize technical issues Assist with testing and acceptance validation Communicate technical requirements clearly to developers Documentation Create user stories and acceptance criteria Maintain project documentation, SOPs, backlogs, and roadmaps Growth Marketing & Business Development (40%) Marketing Create and coordinate marketing campaigns across SaaS products Manage content calendars and social media activity Monitor campaign performance and recommend improvements Support website updates and marketing collateral Sales & Growth Track leads, sales pipelines, and key KPIs Maintain CRM records and reporting Support outbound prospecting and inbound enquiries Identify growth opportunities and process improvements Customer Success Support onboarding and customer adoption Track feedback and feature requests Contribute to retention and customer satisfaction initiatives Requirements Communication (Essential) Excellent spoken and written English Confident communicating with customers, executives, and technical teams Strong meeting facilitation and presentation skills Project Management Experience Minimum 3 years' experience managing: SaaS products Web application projects Software delivery teams Experience with: Agile/Scrum methodologies Managing developers and stakeholders Delivering projects on time and within scope Technical Understanding You do not need to be a developer, but you should understand: SaaS products and web applications APIs and integrations Databases and data structures Front-end and back-end systems Software development lifecycles Bug reporting and QA processes Version control concepts Tools Essential GitHub Scrum / Agile Figma Slack Jira, ClickUp, Asana, Monday.com, Trello, or similar Preferred HubSpot or other CRM platforms LinkedIn Marketing Email marketing platforms Marketing automation tools AI productivity tools (ChatGPT, Claude, Gemini, etc.) What We Offer Fully remote position Full-time employment UK working hours (Mon–Fri) Direct access to company leadership Exposure to multiple SaaS products High ownership and autonomy Growth and advancement opportunities Compensation US$1,500 per month Application Requirements Please submit your CV to job3762@hrsorcery.com To apply: https://weworkremotely.com/remote-jobs/bluebox-saas-project-marketing-manager",https://weworkremotely.com/remote-jobs/bluebox-saas-project-marketing-manager,We Work Remotely
Bright Vision Technologies: Site Reliability Engineer (SRE),,,,,"Wed, 24 Jun 2026 20:56:13 +0000","Headquarters: Remote URL: http://bvteck.com Bright Vision Technologies is a forward-thinking software development company dedicated to building innovative solutions that help businesses automate and optimize their operations. We leverage cutting-edge technologies to create scalable, secure, and user-friendly applications. As we continue to grow, we’re looking for a skilled Site Reliability Engineer (SRE) to join our dynamic team and contribute to our mission of transforming business processes through technology. This is a fantastic opportunity to join an established and well-respected organization offering tremendous career growth potential. Site Reliability Engineer (SRE) Job Title: Site Reliability Engineer (SRE) Location: 100% Remote (Continental United States) Position Type: In-house Bright Vision Technologies SOW engagement (no third-party client or vendor) Salary: $100K - $150K / Annum Experience: 5+ years Sponsorship: No new H1B sponsorship available. H1B transfers welcomed for qualified candidates. Employment Type: Full-time, direct W2 with Bright Vision Technologies (no C2C, no 1099, no third-party) Engagement: Long-term, multi-year, aligned to the Bright Vision SOW delivery roadmap Compensation: Competitive base salary commensurate with experience, plus benefits. Employment Terms & Visa Policy This is a 100% remote, full-time, direct W2 position with Bright Vision Technologies. This role is part of Bright Vision Technologies’ in-house Statement of Work (SOW) engagement. The client, end customer, and employer for this position is Bright Vision Technologies — there is no third-party client, vendor, or implementation partner involved. We do not engage in C2C, 1099, or third-party arrangements for this role. BUT STRICTLY NO C2C/1099/3RD PARTY COMPANIES. ALL OUR ROLES ARE W2 AND NO 3RD PARTY BROKERING PLEASE. Candidates must be willing to work directly as a full-time W2 employee of Bright Vision Technologies and contribute to our in-house SOW deliverables. No new H1B sponsorship is available for this role. However, candidates who are currently on a valid H1B visa and require a transfer are welcome to apply. We will support H1B transfers for qualified candidates. For every role, a technical coding assessment is mandatory. Please apply only if you are confident in your technical abilities and hands-on experience. Job Summary We are seeking an experienced Site Reliability Engineer to ensure the availability, performance, and operational excellence of large-scale distributed systems in production. As an SRE you will live at the boundary between development and operations, applying strong software engineering principles to infrastructure and operations problems, and continually pushing the platform toward higher reliability with lower operational toil. The ideal candidate will combine deep systems knowledge with strong programming skills, a measurement-driven mindset, and the discipline to design, automate, and operate complex services so that reliability becomes a first-class engineering deliverable rather than a reactive concern. Key Responsibilities Define, instrument, and continually refine service-level objectives (SLOs), service-level indicators (SLIs), and error budgets for critical services, and use those measures to drive concrete engineering and prioritization decisions. Lead incident response and resolution for production issues, acting as a calm and effective incident commander when needed, and ensuring high-quality post-incident reviews that drive lasting improvements. Design and implement comprehensive monitoring, logging, and tracing strategies using Prometheus, Grafana, OpenTelemetry, ELK/EFK, Datadog, or similar tooling so that operators have rich, actionable visibility into system behavior. Build and maintain robust on-call processes, runbooks, and escalation paths that reduce mean time to detect and mean time to resolve while protecting the well-being of the engineers on rotation. Automate operational toil aggressively by writing production-grade tooling in Python, Go, Bash, or similar languages, replacing manual workflows with reliable, auditable automation. Architect and operate large-scale Kubernetes clusters and container-based workloads, including autoscaling, capacity planning, network policy, and integration with service meshes. Design CI/CD pipelines that promote safe, frequent, and observable releases, supported by automated testing, canary deployments, feature flags, and progressive rollout strategies. Lead capacity planning and performance engineering activities, building models that predict growth and stress, and validating those models through load testing and chaos experiments. Partner closely with application development teams to embed reliability practices early in design — including failure-mode analyses, graceful degradation patterns, and dependency hardening. Strengthen the platform’s resiliency through chaos engineering, fault injection, dependency isolation, retries, timeouts, circuit breakers, and well-tested failover paths. Drive continuous improvement of security posture in collaboration with security teams, including patch management, vulnerability remediation, and secure-by-default platform defaults. Contribute to the technical roadmap for reliability tooling, observability platforms, and developer-experience improvements that reduce friction and improve outcomes for engineering teams. Mentor engineers across the organization on SRE practices and foster a strong, blameless culture of operational excellence. Required Qualifications Bachelor’s degree in Computer Science, Engineering, or a related technical discipline. Five or more years of SRE, DevOps, or production engineering experience supporting large-scale distributed systems. Strong programming skills in at least one of Python, Go, or Java, with the ability to build robust automation and tooling. Deep, hands-on experience operating Linux at scale, including networking, performance tuning, and systems-level troubleshooting. Production experience operating Kubernetes and container-based workloads. Strong working knowledge of observability tooling such as Prometheus, Grafana, OpenTelemetry, ELK/EFK, or commercial equivalents. Hands-on experience designing and operating CI/CD pipelines for both infrastructure and applications. Solid understanding of distributed system design, including consistency models, partitioning, and failure semantics. Demonstrated experience leading incident response and conducting effective post-incident reviews. Excellent communication and documentation skills. Preferred Qualifications Experience defining and operationalizing SLOs and error budgets in real production environments. Exposure to chaos engineering practices and tools such as Chaos Monkey, Gremlin, or Litmus. Hands-on experience with at least one major cloud platform (AWS, Azure, or GCP). Background in capacity planning, performance engineering, or large-scale load testing. Familiarity with service mesh technologies such as Istio, Linkerd, or Consul. How to Apply Would you like to know more about this opportunity? For immediate consideration, please send your resume to [email protected] or contact us at (908) 505-3899. Learn more about Bright Vision Technologies at www.bvteck.com. We recognize that our people are our strength, and the diverse talents they bring to our global workforce are directly linked to our success. We are an equal opportunity employer and place a high value on diversity and inclusion at our company. We do not discriminate on the basis of any protected attribute, including race, religion, color, national origin, gender, sexual orientation, gender identity, gender expression, age, marital or veteran status, pregnancy or disability, or any other basis protected under applicable law. We also make reasonable accommodations for applicants’ and employees’ religious practices and beliefs, as well as mental health or physical disability needs. Bright Vision Technologies is an Equal Opportunity Employer, including Disability/Veterans. Position offered by “No Fee Agency.” Equal Employment Opportunity (EEO) Statement Bright Vision Technologies (BV Teck) is committed to equal employment opportunity (EEO) for all employees and applicants without regard to race, color, religion, sex, sexual orientation, gender identity or expression, national origin, age, genetic information, disability, veteran status, or any other protected status as defined by applicable federal, state, or local laws. This commitment extends to all aspects of employment, including recruitment, hiring, training, compensation, promotion, transfer, leaves of absence, termination, layoffs, and recall. BV Teck expressly prohibits any form of workplace harassment or discrimination. Any improper interference with employees' ability to perform their job duties may result in disciplinary action up to and including termination of employment. To apply: https://weworkremotely.com/remote-jobs/bright-vision-technologies-site-reliability-engineer-sre",https://weworkremotely.com/remote-jobs/bright-vision-technologies-site-reliability-engineer-sre,We Work Remotely
IO Global: DevOps Engineer - Midnight Foundation,,,,,"Wed, 24 Jun 2026 20:56:12 +0000","Headquarters: India URL: http://iohk.io Description DevOps Engineer | Midnight Foundation Location: This is a full-time remote role for candidates based in Asia, with 1–2 hours of daily overlap required with US or EU time zones. Schedule: Flexible (Sunday–Thursday or Tuesday–Saturday) Work Schedule The Role You are ready to apply best practices for monitoring, observability, security, and infrastructure automation to expand the multi-cloud and bare metal platforms powering our Cardano and Midnight deployments. The ideal candidate is passionate about blockchain, privacy, and disrupting the status quo. Requirements Key Responsibilities Protocol Reliability: Ensure availability of our services, specifically targeting 99.99% system uptime for critical blockchain infrastructure. Response to incidents and identify potential issues in a timely manner. Blockchain Ops: Develop and maintain open source tools to manage a Cardano and Midnight infrastructure in a multi-cloud or bare metal hybrid environment (AWS, Google Cloud, and bare metal). Pre-Launch Defense: Actively troubleshoot issues during testing and deployment, catching and solving protocol-level bottlenecks before mainnet upgrades. CI/CD Mastery: Build and maintain pipelines for Midnight projects using GitHub Actions and other tools to ensure a secure software development life cycle. On-Call & Incident Response: Participate in the on-call rota, providing rapid mitigation for production system interruptions. Scaling: Plan, coordinate, and manage the progressive transition from a foundation-coordinated federated validator model to a fully decentralized validator network. Requirements Experience: 5+ years in a DevOps/SRE role, with direct experience in blockchain infrastructure. Linux Mastery: Strong experience with Linux-based systems and administration. Orchestration: Working knowledge of container environments and Kubernetes orchestration. Observability Stack: Proficient with Grafana, Prometheus, or similar tools for real-time monitoring. Technical Scripting: Expert in shell scripting, with knowledge of systems languages, Rust, Go and Python. Cloud & IaC: Extensive experience configuring, scaling, monitoring, and tuning services in AWS/GC. Documentation: Proven ability to write clear operational designs and blameless post-mortems. CI/CD: Experience with continuous integration and continuous delivery tools, like Jenkins, GitHub Actions, etc. Nice to Have Node Operations: Previous experience running and maintaining Cardano stake pools or partner chain nodes. Advanced Ops: Experience with tools like GitOps workflows and Nix for reproducible builds. Node Operations: Previous experience running and maintaining Cardano stake pools or partner chain nodes. Advanced Ops: Experience with tools like GitOps workflows and Nix for reproducible builds. To apply: https://weworkremotely.com/remote-jobs/io-global-devops-engineer-midnight-foundation",https://weworkremotely.com/remote-jobs/io-global-devops-engineer-midnight-foundation,We Work Remotely
Agilent Technologies: DevOps & Platform Engineer (AWS / CI/CD),,,,,"Wed, 24 Jun 2026 20:56:12 +0000","Headquarters: Option to Work Remote in United Kingdom URL: http://agilent.com Job Description Agilent’s CrossLab Connect team is seeking an expert-level DevOps Software Engineer to design, build, and optimize CI/CD pipelines, cloud infrastructure, and deployment automation across a hybrid cloud and on-premise ecosystem. This role combines DevOps engineering, cloud architecture, and software development, requiring strong experience in automation, scripting, and full-stack engineering support. The position supports critical delivery pipelines and helps scale engineering capabilities by consolidating responsibility for CI/CD and DevOps operations, while also contributing to application development when needed. Key Responsibilities Design, build, and maintain CI/CD pipelines using GitLab CI/CD, Jenkins, and GitHub Enterprise Develop and manage Infrastructure as Code (IaC) using AWS-native tools and automation frameworks Build and optimize cloud-native deployment pipelines on AWS (EC2, S3, Lambda, ECS/EKS) Develop and maintain containerized applications using Docker and Kubernetes orchestration Implement automation scripts using Bash, PowerShell, and Python Support continuous integration, continuous delivery, and continuous deployment (CI/CD) best practices Improve build automation, release engineering, and software delivery lifecycle (SDLC) processes Implement monitoring, observability, and alerting using tools such as Sentry, New Relic Collaborate with Site Reliability Engineering (SRE) on system reliability, scalability, and performance optimization Manage multi-tenant distributed systems and microservices architectures Support database operations (SQL and NoSQL), including performance tuning, migrations, and data lifecycle management Contribute to application development using modern programming languages and frameworks Support API development, testing, and integration using tools such as Postman and curl Qualifications Bachelor’s or Master’s degree in Computer Science, Software Engineering, or related field 8+ years of experience in: DevOps engineering Cloud architecture Software development Strong hands-on experience with: CI/CD tools: Jenkins, GitLab, GitHub Actions Cloud platforms: AWS (preferred) Containerization: Docker, Kubernetes Version control: Git Strong programming and scripting experience in: C# / .NET JavaScript / TypeScript Python Bash / Shell scripting PowerShell Experience with: Infrastructure as Code (IaC) (CloudFormation, Terraform preferred) Microservices and distributed systems REST APIs and API integrations Knowledge of: Monitoring & observability tools (New Relic, Sentry) SSO / Identity management (Okta) Strong understanding of: Software development lifecycle (SDLC) DevOps best practices and automation frameworks Ability to work effectively in globally distributed Agile teams Preferred Qualifications Experience with: .NET Core / ASP.NET Frontend frameworks (React, Angular, or similar) Ruby on Rails Familiarity with: Event-driven architecture (Kafka, messaging systems) NoSQL databases (MongoDB, DynamoDB) Experience working in enterprise SaaS or cloud platform environments Exposure to security best practices, DevSecOps, and container security Additional Details This job has a full time weekly schedule. It includes the option to work remotely. Applications for this job will be accepted until at least June 8, 2026 or until the job is no longer posted. The full-time equivalent pay range for this position is $143,760.00 - $224,625.00/yr plus eligibility for bonus, stock and benefits. Our pay ranges are determined by role, level, and location. Within the range, individual pay is determined by work location and additional factors, including job-related skills, experience, and relevant education or training. During the hiring process, a recruiter can share more about the specific pay range for a preferred location. Pay and benefit information by country are available at: https://careers.agilent.com/locations Agilent Technologies, Inc. is an Equal Employment Opportunity and merit-based employer that values individuals of all backgrounds at all levels. All individuals, regardless of personal characteristics, are encouraged to apply. All qualified applicants will receive consideration for employment without regard to sex, pregnancy, race, religion or religious creed, color, gender, gender identity, gender expression, national origin, ancestry, physical or mental disability, medical condition, genetic information, marital status, registered domestic partner status, age, sexual orientation, military or veteran status, protected veteran status, or any other basis protected by federal, state, local law, ordinance, or regulation and will not be discriminated against on these bases. Agilent Technologies, Inc., is committed to creating and maintaining an inclusive in the workplace where everyone is welcome, and strives to support candidates with disabilities. If you have a disability and need assistance with any part of the application or interview process or have questions about workplace accessibility, please email job_posting@agilent.com or contact +1-262-754-5030. For more information about equal employment opportunity protections, please visit www.agilent.com/en/accessibility. Travel Required: Occasional Shift: Day Duration: No End Date Job Function: R&D To apply: https://weworkremotely.com/remote-jobs/agilent-technologies-devops-platform-engineer-aws-ci-cd",https://weworkremotely.com/remote-jobs/agilent-technologies-devops-platform-engineer-aws-ci-cd,We Work Remotely
Southwest Power Pool: DevOps SRE - Senior or Lead (Remote Eligible),,,,,"Wed, 24 Jun 2026 20:56:12 +0000","Headquarters: Little Rock, Arkansas, 72223, United States URL: http://spp.org Southwest Power Pool (SPP) is about more than power. We’re about the power of relationships. Our employees have the opportunity to work together to ensure electricity is delivered reliably and affordably to the millions of people living in our service territory. We have been voted one of Arkansas’ Best Places to work by Arkansas Business and we are looking for a member of our team who is passionate about our mission to keep the lights on! We have a core ideology here at SPP that we stand by: Do the right thing, for the right reason, in the right way. We believe in supporting our employees through a fantastic benefits package: Competitive and transparent pay with bonus opportunities Excellent insurance package including three great medical plans to choose from, employer-paid short-term disability, long-term disability, and life insurance Relocation bonus (if applicable) Hybrid working environment for positions that are eligible Fantastic contributions to your retirement through a 401(k) savings plan with employer-match benefits and a pension (defined benefit plan) fully funded by SPP PLEASE NOTE: SPP is not able to sponsor employment visas or student-work authorizations (STEM OPT) for this position. Please ensure you are eligible to work in the U.S. without sponsorship prior to applying. COMPENSATION INFORMATION The salary range(s) represents our good faith estimate for the role at this time. While we strive to provide competitive and transparent compensation, there may be circumstances where an offer is above or outside of the listed range. We are open to discussing salary expectations with qualified candidates considering factors such as the candidate's qualifications, skills, competencies, experience and geographic location will all be considered during the hiring process. Lead DevOps SRE | Pay Range: $112,240.00 -$145,810.00 Senior DevOps SRE | Pay Range: $87,950.00 - $112,190.00 Join a mission-driven technology team powering the reliability of the electric grid for millions across the central United States. At Southwest Power Pool, we keep the lights on—literally. As a DevOps SRE, you’ll play a pivotal role in ensuring the performance, resilience, and long-term scalability of SPP’s production systems and user-facing services. If you're passionate about high-availability architecture, automation at scale, and shaping the future of reliability engineering, this is your opportunity to make a meaningful impact. What You'll Do: As the DevOps SRE, you will be the technical authority driving SPP’s reliability and operational strategy. In this role, you will: Design and lead implementation of large-scale, highly available infrastructure solutions across multiple platforms. Serve as the primary technical escalation point for complex incidents, outages, and performance issues—ensuring rapid, effective resolution. Establish SRE best practices and operational frameworks that raise reliability standards across the entire organization. Mentor and develop senior and junior SRE team members through coaching, code reviews, and knowledge-sharing. Partner with leadership, architects, and technical teams to align reliability initiatives with long-term architectural strategy. Drive continuous improvement, automation, and reduction of operational toil across environments. Lead major enterprise projects involving new technologies, cross-team automation, and reliability enhancements. Make architectural decisions that influence scalability, resiliency, and infrastructure management standards. You'll also contribute hands-on technical expertise through testing, coding, scripting, designing integrated systems, reviewing new and existing projects for architectural compliance, and researching emerging technologies to keep SPP’s ecosystem future-ready. Key Responsibilities: Developing and executing test plans to evaluate system performance. Planning and scheduling deployment activities and resolving release pipeline issues. Maintaining deep knowledge of SPP's architecture and technology portfolio. Creating and communicating technology standards and policies. Designing and overseeing implementation of integrated systems and databases. Ensuring system and software integrations meet functional and compliance requirements. Conducting application testing (unit, system, regression, performance, acceptance). Writing and translating code to enhance application performance. Providing architectural consulting across engineering and development teams. Serving as the organizational subject matter expert in SRE. Ready to lead the future of reliability engineering at SPP? Apply today and help us continue delivering safe, reliable power across the region. To be successful as a DevOps SRE, we're looking for: Education Requirements: Bachelor’s degree in Computer Science, Information Technology, related field, or equivalent work experience Experience Requirements: Lead: 8+ years of experience building highly available systems and supporting SaaS cloud-based infrastructure Senior: 6 years of experience building highly available systems and supporting SaaS cloud-based infrastructure Experience with terraform, Docker, Kubernetes or other Infrastructure/Configuration-as-code tooling Expert knowledge of Unix/Linux systems, including basic command-line proficiency, system administration tasks, and troubleshooting skills. Experience using at least one scripting language such as Python, bash, PowerShell or similar Experience deploying to cloud-based technology (AWS) Experience with continuous integration (CI/CD) and automated build tools. Ability to tackle problems both at large scale and the small scale Good understanding of application/infrastructure security Excellent communication skills; ability to communicate with distributed teams Preferred: Good knowledge of algorithms, data structures, complexity analysis and software design Experience with integration tools: Bitbucket, GIT, Bamboo, Jenkins, Code Pipeline, DroneCI, Docker etc. Work Environment: This job operates in a professional office environment. This role routinely uses standard office equipment. Physical Demands: The physical and mental demands described here are representative of those that must be met by an employee to perform the essential functions of this job successfully. While performing the duties of this job, the employee is regularly required to make decisions, interpret data, and problem solve. The employee frequently is required to stand or sit for extended periods; use hands to operate a computer keyboard and standard office equipment. The employee must occasionally lift and move up to 10 pounds. Requires the ability to work and collaborate with managers and employees at all levels to exchange ideas, information, and opinions to facilitate the task. Specific vision abilities required by this job include close vision, distance vision, color vision, and ability to adjust focus. Understanding of compliance with and enforcement of SPP Policies and Procedures Position Type, Location, and Expected Hours of Work: This is a full-time, hybrid onsite position based in Little Rock, Arkansas. The standard schedule is Monday through Friday, 8:00 a.m. to 5:00 p.m., with occasional extended hours as needed. Fully remote work is available only for senior-level positions and above, and only for candidates residing outside a 50-mile radius of Little Rock (Central Arkansas). Travel Requirement: This position requires minimal travel (approximately 0-15%). Southwest Power Pool is an equal opportunity employer that makes employment decisions without regard to race, religion, color, national origin, citizenship, sex, gender identity, sexual orientation, veteran status, age, disability status or any other characteristic protected by applicable law. Further, Southwest Power Pool makes good faith efforts to employ and advance in employment qualified protected veterans and qualified individuals with disabilities. If you need a reasonable accommodation for any part of the application process, please contact us at HR@spp.org and let us know the nature of your request. We will only respond to messages left that involve a request for a reasonable accommodation in the application process. At SPP we believe in a culture of belonging. Learn more here: Culture of Belonging - Southwest Power Pool . To apply: https://weworkremotely.com/remote-jobs/southwest-power-pool-devops-sre-senior-or-lead-remote-eligible",https://weworkremotely.com/remote-jobs/southwest-power-pool-devops-sre-senior-or-lead-remote-eligible,We Work Remotely
RSE+ Architekten Ingenieure GmbH: Fachingenieur Bauphysik (m/w/d),,,,,"Wed, 24 Jun 2026 14:46:24 +0000","Headquarters: Germany Kassel Du suchst nach vielfältigen Projekten? Unser Spektrum reicht vom historischen Fachwerkhaus bis zur Reinraum-Halbleiterfabrik mit GMP-Anforderung. Dabei suchen wir eine agile Persönlichkeit, die Lust hat die rechtlichen, wirtschaftlichen und umwelttechnische bauphysikalischen Aspekte projektspezifisch mit uns zu optimieren! Zur Verstärkung unseres Planungsteams suchen wir Dich als: Fachingenieur Bauphysik (m/w/d) Wir sind RSE+ Architekten Ingenieure: 100 interdisziplinäre Kolleg:innen. 55 Jahre erfolgreiche Projekte. 3 Standorte: Kassel, Stuttgart, Göttingen. Bundesweite Projekte, namhafte Kunden. Aufgaben Erbringung von Planungs- und Beratungsleistungen der Bauphysik nach HOAI und AHO Durchführung von bauphysikalischen Berechnungen und Simulationen nach GEG und DIN 18599 in den Bereichen Wärmeschutz, Energieeinsparung, Schallschutz, Raumakustik und Feuchteschutz Bauphysikalische Begehung von Bestandsgebäuden und Erstellung von Sanierungs-/Modernisierungskonzepten Erstellung von Bauteilkatalogen in Abstimmung mit unseren Planungsteams und den Gebäudeanforderungen Unterstützung im Bereich der Nachhaltigkeitsberatung, Gebäudezertifizierungen und Ökobilanzen Unterstützung und Begleitung bei der Erstellung von Förderanträgen Erläuterung von bauphysikalischen Belangen bei Auftraggebern und anderen Projektverantwortlichen Aufbau eines Fachbereiches Nachhaltigkeit bei RSE+. Qualifikation Abgeschlossenes Studium im Ingenieurwesen im Bereich Bauphysik mit 5- bis 10-jähriger Berufserfahrung in der Planungs- und Beratungsleistung in den Bereichen Wärme-, Schall- und Feuchteschutz Erfahrung mit komplexen, industriellen Gebäuden und der Modernisierung von Bestandsgebäuden Sicherer Umgang mit den einschlägigen Rechts- und Regelwerken, insbesondere mit dem Gebäudeenergiegesetz Guten Kenntnisse bei der Gebäudesimulation, der Wärmebrückenberechnung, der Bewertung des sommerlichen Wärmeschutzes und der Berechnung zum baulichen Schallschutz sowie der Raumakustikberechnung Selbständige Organisationsfähigkeit von Planungs- und Projektabläufen und -strukturen Verhandlungssichere Deutschkenntnisse Reisebereitschaft zu unseren Standorten bzw. Kunden sowie ein hohes Maß an Flexibilität Eine ausgeprägte Kommunikations- und Koordinationsfähigkeit und Freude am konstruktiven Austausch im Team, mit den zuständigen Behörden und den Auftraggebern Teamgeist sowie selbstständige, engagierte und verantwortungsbewusste Arbeitsweise runden Dein Profil ab. Benefits Komplexe Herausforderungen und spannende vielfältige Projekte Projekte, die einen sinnvollen Beitrag in einer modernen Gesellschaft leisten Arbeiten auf Augenhöhe und Freiraum für Eigenverantwortung Förderung Deiner individuellen Entwicklung mit internen und externen Schulungen Flexible Arbeitsplatzgestaltung Ein interdisziplinäres Team, das mit Dir gemeinsam jede Herausforderung annimmt. Du hast Lust Teil unseres Teams zu werden? Dann schicke uns Deine Bewerbung an. Wir freuen uns darauf, Dich kennenzulernen. To apply: https://weworkremotely.com/remote-jobs/rse-architekten-ingenieure-gmbh-fachingenieur-bauphysik-m-w-d",https://weworkremotely.com/remote-jobs/rse-architekten-ingenieure-gmbh-fachingenieur-bauphysik-m-w-d,We Work Remotely
Golf Carts of ATX: Inbound/Outbound Sales - Remote - English language - No accent preferred,,,,,"Tue, 23 Jun 2026 22:47:17 +0000","Headquarters: Austin, TX URL: https://golfcartsofatx.com We're hiring another sales rep to communicate with our customers via phone calls, text messages, emails, and meta comments. In addition to inbound calls, you will be expected to outbound call our list of warm+hot leads. We receive over 100 quote requests from our website each day, so you'll be responsible for calling them, answering their questions and concerns, and guiding them through the sales process. Must speak clear and perfect English. No Heavy Accents will be considered. 40 hours per week, bi-weekly pay Paid Training Salary Range is $1500-3000 per month, plus optional OT and commissions. Please send me your resume, salary requirements and a link to a short audio sample of you speaking English. admin@golfcartsofatx.com Do not send your resume to any other email or call the office, or you will be blocked. To apply: https://weworkremotely.com/remote-jobs/golf-carts-of-atx-inbound-outbound-sales-remote-english-language-no-accent-preferred",https://weworkremotely.com/remote-jobs/golf-carts-of-atx-inbound-outbound-sales-remote-english-language-no-accent-preferred,We Work Remotely
The Podcast Consultant: The Podcast Consultant | Account Manager (Full-Time Contract),,,,,"Tue, 23 Jun 2026 19:44:42 +0000","Headquarters: United States URL: https://thepodcastconsultant.com/ The Podcast Consultant (TPC) is a premium podcast production agency helping high-performing clients launch and grow world-class shows. We're growing fast, our model is evolving, and we're building the systems and team to match. The Account Manager is the single point of contact for their assigned clients at TPC. You own the relationship. That means managing communication, driving strategy conversations, keeping production on track, and making sure every client feels like they have a trusted partner in their corner. This is a relationship ownership role inside a company that's still building the playbook. This means you'll need to be someone who can execute with precision in one moment and navigate ambiguity in the next. If you thrive when the answer isn't always written down yet, this is the right seat. To apply, please fill out the form below by Friday July 3rd at 11:59pm ET. We will be in touch if we think it's a good fit. Role Type : Full-Time, Contract Location : Remote with fluency in English and ability to work in a U.S. timezone Reports to : Director of Operations Salary: $50,000-60,000 --------------------------------------------------------------------------------------------- What You'll Own Client Relationships You are the primary point of contact for your assigned clients. You onboard new clients, set expectations, run monthly strategy calls, and maintain communication every week an episode goes live. You make clients feel like partners, not just customers getting a service. Production Liaison You sit between clients and the production team, translating concerns in both directions. When clients have production issues, you route them to the production team and maintain communication with the client. When production flags a submission error, you reach the client with specific, actionable guidance. Account Health Monitoring You track and flag at-risk situations before they become churn, whether it's missed episodes, late payments, complaints, or just a gut feeling that something's off. You submit a weekly KPI report to leadership covering active clients, at-risk accounts, touchpoint recency, and monthly call completion. Documentation Every touchpoint, concern, call, and incident is documented. You keep every client record current, updating lifecycle status, follow-up dates, production flags, meeting notes, and anything else that matters. What Success Looks Like Every assigned client has been touched within the last 15 days. Monthly strategy calls happen every month. Production errors are caught, communicated, and resolved. At-risk situations are identified and escalated before leadership has to ask about them. The CRM is a living, accurate record. Clients know your name, trust your judgment, and feel well-served. What We're Looking For Non-Negotiables 2+ years in account management, client success, business development, or a client-facing role. Exceptional written and verbal communication. You write clearly, you follow up, and you don't let things fall through the cracks. Highly organized and self-directed. You manage your own calendar, your own follow-ups, and your own accountability without being managed. Comfortable with ambiguity. You'll be handed a playbook, but you'll also help refine it. Strongly Preferred Experience in a startup, agency, or high-growth environment where you had to build your own cadence rather than inherit one. Familiarity with ClickUp, similar tools, or willingness to learn. Interest in podcasting, media, or content production. You don't need to be an expert, but genuine curiosity matters. To apply: https://weworkremotely.com/remote-jobs/the-podcast-consultant-the-podcast-consultant-account-manager-full-time-contract",https://weworkremotely.com/remote-jobs/the-podcast-consultant-the-podcast-consultant-account-manager-full-time-contract,We Work Remotely
Turtles: Customer Happiness Advocate (Remote - Canad),,,,,"Tue, 23 Jun 2026 17:43:09 +0000","Headquarters: Finland URL: https://www.turtles.com/ Customer Happiness Advocate (Remote - Canada, UK, Spain, Finland) Job description Are you looking to join a high growth tech company? Are you passionate about people? Then we are looking for you! We are a small team with a big business! Our customers come first, and our Customer Support team is at the forefront! As a member of this team, you would be responsible for answering customer inquiries through email, chat, and phone. Successful applicants will begin with a two-week remote training period, following which the opportunity to work remotely is available. This is a 5 day per week position with shifts that may be from Mon-Sun and include evening work. We are looking for highly motivated people, who are capable of independent work and can meet set expectations within deadlines. We're looking to fill this role immediately, so please apply ASAP! Responsibilities Adhering to a daily schedule that includes a mix of taking phone calls, simultaneous chats, and responding to emails. Engaging in human conversations with customers to identify and resolve issues, and provide help for them to succeed and have fun while shopping. Ensuring customers receive the best Customer Service possible by responding to them in real time with the highest quality answer and experience possible. We live to go above and beyond for our customers. Completing follow-up documentation after each customer ticket. Offer needs-based solutions, not pushy sales. This is not a regular 9-5 job - We have 24/7 Customer Support so we are seeking night owls and weekend warriors alike! Owning your own development through reflection, reviewing past interactions and preparing to take initiative on opportunities. Requirements In possession of a work permit from Canada, Finland, Spain, or the UK. Your application will not be considered if you do not meet this requirement. Modern computer skills: Must be comfortable using and multitasking through: G-Suite, presentation software, communication tools (Slack and Zoom). Ability to learn new software is an asset. Nice to have: experience with a CRM like Intercom/Zendesk, using text expander software, MMO gaming mouse (for productivity) Fluent professional English proficiency Type a minimum of 50 words per minute (Test yourself online if unsure!) Excellent written and spoken communication skills Ability to multi-task in a fast-paced environment Willingness to help our customers and provide them with a personal experience Creative problem solver Ability to continuously develop and adapt to a growing team You hold yourself to high ethical standards Proofread your application! Benefits The starting salary for this role is 3875 CAD per month, plus extra pay for Sunday shifts. 4 weeks of paid vacation per year. Private health insurance. Home office: we will provide any upgrades you need to your home office setup A Kindle with unlimited budget: any Business Book is yours to read! Team offsites: we get together as a full team every year, the last ones were in Malta and Las Vegas. Pizza Fridays: at least every Friday the 13th (But usually more frequently!) we have Pizza Parties for both our Team at the Office and Remote! Delivered right to your door. Gifts: we believe in celebrating... it's part of our Work Hard / Play Hard Culture! To apply: https://weworkremotely.com/remote-jobs/turtles-customer-happiness-advocate-remote-canad",https://weworkremotely.com/remote-jobs/turtles-customer-happiness-advocate-remote-canad,We Work Remotely
MapTiler: 🤝 Developer Relations & Customer Success Manager | Maps Platform (Remote in Europe),,,,,"Tue, 23 Jun 2026 10:48:17 +0000","Headquarters: Zug, Switzerland URL: https://www.maptiler.com/ Full-time Remote in Europe Description Are you a tech-savvy professional with a background in software development , who is equally comfortable coding live on a conference stage and architecting long-term success for our high-profile B2B customers ​ ? You will be the bridge between MapTiler's enterprise clients, the global open-source community, and our internal Product & Platform teams. You’ll ensure that anyone building with MapTiler, from a solo indie developer to a Fortune 500 tech stack, has the tools, documentation, and inspiration they need to succeed. What you will do Technical Onboarding & Advisory : Personally onboard strategic B2B clients, guiding them through architecture design and product adoption. You aren't just solving bugs; you are a trusted technical advisor helping them scale. Value-Driven Growth : Monitor product usage trends to proactively help clients unlock advanced MapTiler features, driving long-term retention and expansion naturally through technical excellence. Community Advocacy : Represent MapTiler at global developer events and conferences. Yes, this includes stepping on stage for live tech demos and presentations. Technical Content Creation : Become the ultimate power user of MapTiler products. Produce engaging video content, developer tutorials, and step-by-step screencasts demonstrating how to deploy and use our services for our website and YouTube channel. Digital Engagement : Actively participate in developer spaces (GitHub, Discord, StackOverflow, Reddit, etc.) to unblock creators, answer complex technical questions, and champion the ecosystem. Feedback Loop : Gather deep technical feedback from both enterprise clients and the open-source community, working directly with our Product and Platform teams to shape our roadmap. Proactive Account Health & Retention : Monitor customer usage patterns and technical health indicator metrics to proactively mitigate churn risks among our highest-profile enterprise and government clients. What you bring The Tech Baseline : You have solid experience in software development, writing code, and deploying custom applications (web/mobile). AI-Positive Attitude : You naturally embrace AI tools (like GitHub Copilot, LLMs, or modern dev agents) to speed up your own workflow, build prototypes faster. The Communicator : You are an energetic, empathetic communicator. You can break down complex technical topics for a business audience, but also hold your own in a deep-dive architectural discussion with Senior Engineers. Stage & Screen Presence : You genuinely enjoy public speaking and creating content. You are comfortable with screen recording tools, explaining complex technical setups clearly on camera, and the idea of doing a live demo for a room full of developers sounds exciting to you. The Mindset : You care about the long-term success of the developer ecosystem. You love that ""Aha!"" moment when a developer finally solves a complex problem using your platform. Tools of the Trade : You are comfortable tracking client health in HubSpot/Zendesk, but feel equally at home reviewing Pull Requests or triaging issues on GitHub. Agile Methodologies : You have practical experience working in or with agile software development teams (Scrum, Kanban). You understand product release cycles, which allows you to seamlessly translate client feedback into structured requirements for our Product and Platform teams. Language : Fluent English (C1+) is essential for global community engagement. Bonus Points for : Being based near Brno (Czechia), having a public portfolio of technical content (blogs, videos, open-source contributions), speaking another world language or experience in GIS (ArcGIS, QGIS, PostGIS, MapLibre/OpenLayers). What we offer Competitive financial compensation based on your experience (20-33€/hour) & annual performance bonus. Widescreen LCD, a laptop of your choice, and all the resources you need for your work. Flexible working hours to help you easily balance your personal and professional life. Work remotely from anywhere in Europe, or hang out with us at our hubs in Brno (Czechia) or Unterägeri (Switzerland). Collaborate with the best from major global brands to innovative open-source projects . Grow your career with dedicated support for continuous learning, attending conferences, and building your personal brand. A friendly, connected team and regular team-building events across Europe. About MapTiler At MapTiler, we make maps easy so that everyone can understand the world better. Our platform powers everything from global weather forecasting and humanitarian crisis management to flight trackers and the Swiss railways. Our maps are viewed by hundreds of millions of people worldwide every month. We are deeply rooted in the developer and open-source communities. Since our users and customers are primarily developers, engineers, and geo-experts, we don't do traditional corporate account management. Instead, we build technical partnerships. To apply: https://weworkremotely.com/remote-jobs/maptiler-developer-relations-customer-success-manager-maps-platform-remote-in-europe",https://weworkremotely.com/remote-jobs/maptiler-developer-relations-customer-success-manager-maps-platform-remote-in-europe,We Work Remotely
Collaborative Solutions: Workday Financials Analyst Consultant (Global Delivery Center),,,,,"Mon, 22 Jun 2026 15:30:11 +0000","Headquarters: PHL - Manila - Remote URL: http://collaborativesolutions.com Join our dedicated team of experienced Workday implementation professionals and become part of our dynamic, fast-paced, HR transformation consulting practice. About the Role: As a Consultant , you will “bridge the gap” between the business and technical teams by solving complex Workday inter-system problems. You will guide clients through the transformation, implementation, and operation phases of a Workday implementation. You must have a technical aptitude and be capable of configuring the system to meet the business requirements and design specifications. Responsibilities: Execute the day-to-day activities of Workday Financials project support for a variety of client contracts Become a Workday Financials expert with deep knowledge of core functionality and future product direction Lead an account which works directly with Client teams to deliver and manage the project with high quality deliverable, on time and within the budgeted hours. Provide subject matter expertise on Workday best practices Conduct sessions with clients to analyze business requirements and provide solutions to complex business problems Manage account communication with key client users Coordinate operations meeting/requests and priorities and SLAs Become a Workday expert with deep knowledge of core functionality and future product direction Mentor other consultants and actively share product knowledge with others to grow our practice Skills & Requirements: Bachelor's/College Degree in Accounting, Finance or equivalent, preferably CPA With Workday Financial Supplemental Certification is an advantage (Budget, Expense, Record to Report, Procure to Pay, Customer to cash, etc.) Proficiency with business processes including: general ledger, budgeting, cash management, grant management, chart of accounts re-design, procure-to-pay, purchase order conversions, expense management, fixed asset management, and/or order-to-cash, required. Previous experience with other ERP Financials and/or Procurement technology (Oracle, SAP, Peoplesoft) is an advantage Strong consulting and presentation skills with the ability to effectively manage client expectations Strong analytical mindset and usage of analytics and reporting tools. #LI-Remote Why choose Cognizant: Entrepreneurial environment that welcomes your ideas Opportunity to do great work Outreach programs that support communities and tap into your volunteer spirit Learning opportunities to help current needs and advancement Global operations, with opportunities in North America, Europe and Asia Pacific An abundance of Affinity groups to meet your needs Cognizant Core Values: Work as One: We think beyond roles, relying on each other’s strengths to win as a team. Raise the Bar: We always aim for excellence in how we work and what we deliver. Dare to Innovate: We push boundaries and take chances to reimagine what’s possible. Do the Right Thing: We all lead with integrity and always make the ethical choice. Own It: We own the outcomes for our company, colleagues, and community. To apply: https://weworkremotely.com/remote-jobs/collaborative-solutions-workday-financials-analyst-consultant-global-delivery-center",https://weworkremotely.com/remote-jobs/collaborative-solutions-workday-financials-analyst-consultant-global-delivery-center,We Work Remotely
FIS Capital Markets: Account Manager II,,,,,"Mon, 22 Jun 2026 15:30:11 +0000","Headquarters: US IN CPT 2020 Virtual-Eastern Time URL: http://fisglobal.com Job Description As the world works and lives faster, FIS is leading the way. Our fintech solutions touch nearly every market, company and person on the planet. Our teams are inclusive and diverse. Our colleagues work together and celebrate together. If you want to advance the world of fintech, we’d like to ask you: Are you FIS? Summary of This Role Plans and oversees enterprise-level support and service activities for company products and services for a designated client or group of clients and referral partners. Ensures quality service and operational performance within the parameters of program and delivery standards. Develops client relationship and understanding of client business and product installations to identify service needs, plan service delivery and drive use of proactive service and support mechanisms to increase client revenue, satisfaction, and profitability. Acts as a single point of client contact to coordinate resolution of service incidents and escalation of technical issues. Collaborates with sales and support groups to demonstrate value of support offering to clients and referral partners and identify opportunities for expanded support business. At this time, we are unable to offer visa sponsorship for this position. Candidates must be legally authorized to work for any employer in the United States (or applicable country) on a full-time basis without the need for current or future immigration sponsorship. What Part Will You Play? Is responsible and accountable for the totality of client relationship as well as referral partner relationship for assigned accounts; all Business Partnerships products and services including Payroll Card, Earned Wage Access, Digital Tips, and Incentive and Disbursement solutions. Ensures the appropriate support and service activities are provided for company products and services for clients of varying sizes. On call 24 hours a day, 7 days a week, and responds appropriately to ensure FIS support groups respond and react accordingly and with empathy to the client impact. Update client business groups as necessary during and after severity one incidents. Supports the client and referral partners by acting as the voice of the customer, identifying product support and development needs and communicating needs internally. (Client Management) Maintains long-term relationships with clients and referral partners. Ensures understanding of the client business and product installations to identify service needs, plan service delivery, and drive use of proactive service and support mechanisms to reduce client downtime and support costs. Identifies new product services based on strategic direction of the client's business. (Client Management) Acts as a single point of client contact to coordinate resolution of service incidents and escalation of technical issues and escalates issues that pose substantial regulatory or financial impacts to leadership. (Client Management) Ensures quality service and operational performance is within the parameters of the client's projects and service delivery standards. (Client Management) Acts as the client advocate in the Client Business Review from a strategic direction based on experience and trends. Aligns client's needs with internal solutions. Ensures the complete setup and preparation for the client review, monthly and/or quarterly and annual Executive reviews, including collecting reporting from other areas, generating certain types of reporting, and understanding the output from that reporting. Ensures accurate and timely forecasting of all revenue and lines, on a monthly and quarterly reporting basis for assigned accounts. Validates monthly billing to the client ensuring accuracy and timely issuance of invoices. Has revenue targets for new and existing accounts as well as strategic growth targets. Is accountable for the profitability of new commercial deals; achieve agreed revenue and margin targets. Develops an Account Plan and Contact Plans; Fully understands the client organization and strategy to enable FIS to engage and navigate throughout the enterprise. Defines relevant propositions for each client and qualifies opportunities to ensure high probability of win and successful delivery. Accountable for the profitability of the client; achieve agreed revenue targets. (Client Growth) Is accountable for renewal of client contracts and addenda to agreed retention, deal parameters, and financial and commercial points for assigned accounts. Receives support from legal and other key stakeholders for areas outside of the Relationship Management’s area of expertise. (Client Growth) Manages sales support resources and work with internal stakeholders to create and deliver propositions. (Client Growth) Stays abreast of industry trends, regulations and competitive products in order to strategically identify and target sales opportunities. (Client Growth) Work to develop initiatives to improve communications, processes and workflow with clients and referral partners and within FIS to create and maintain positive relationships. Deliver reports that provide revenue projection, product penetration rates and sales forecasts for senior executive management. (Client Growth) What Are We Looking For in This Role? Minimum Qualifications Bachelor's Degree Relevant Experience or Degree in: Degree in Finance, Marketing, Business, etc.; Combination of relevant training and/ or experience in lieu of degree Typically Minimum 8 Years Relevant Exp Experience in client facing roles and/or financial industry. What Are Our Desired Skills and Capabilities? Skills / Knowledge - Having broad expertise or unique knowledge, uses skills to contribute to development of company objectives and principles and to achieve goals in creative and effective ways. Having ownership of a function, account or matrix management responsibilities, uses knowledge to ensure success, strengthen relationships, expand the business, and lead matrix teams on complex projects. Barriers to entry such as technical committee review may exist at this level. Job Complexity - Works on significant and unique issues where analysis of situations or data requires an evaluation of intangibles. Exercises independent judgment in methods, techniques and evaluation criteria for obtaining results. Creates formal networks involving coordination among groups, both internal and external. Supervision - Acts independently to determine methods and procedures on new or special assignments. Communication Skills - Oral and written. Ability to develop and conduct presentations. Collaboration Skills - Collaborate with internal and external audiences to solve problems. Customer Service Skills - Aligns client needs with internal solutions. What we offer you: A career at FIS is more than just a job. It’s the change to shape the future of fintech. At FIS, we offer you: A voice in the future of fintech Always-on learning and development Collaborative work environment Opportunities to give back Competitive salary and benefits Privacy Statement FIS is committed to protecting the privacy and security of all personal information that we process in order to provide services to our clients. For specific information on how FIS protects personal information online, please see the Online Privacy Notice . EEOC Statement FIS is an equal opportunity employer. We evaluate qualified applicants without regard to race, color, religion, sex, sexual orientation, gender identity, marital status, genetic information, national origin, disability, veteran status, and other protected characteristics. The EEO is the Law poster is available here supplement document available here For positions located in the US, the following conditions apply. If you are made a conditional offer of employment, you will be required to undergo a drug test. ADA Disclaimer: In developing this job description care was taken to include all competencies needed to successfully perform in this position. However, for Americans with Disabilities Act (ADA) purposes, the essential functions of the job may or may not have been described for purposes of ADA reasonable accommodation. All reasonable accommodation requests will be reviewed and evaluated on a case-by-case basis. Sourcing Model Recruitment at FIS works primarily on a direct sourcing model; a relatively small portion of our hiring is through recruitment agencies. FIS does not accept resumes from recruitment agencies which are not on the preferred supplier list and is not responsible for any related fees for resumes submitted to job postings, our employees, or any other part of our company. #pridepass To apply: https://weworkremotely.com/remote-jobs/fis-capital-markets-account-manager-ii",https://weworkremotely.com/remote-jobs/fis-capital-markets-account-manager-ii,We Work Remotely
"Snap Finance: Manager, Credit Card Business Strategy (Remote)",,,,,"Mon, 22 Jun 2026 15:30:11 +0000","Headquarters: Illinois URL: http://snapfinance.com Company Overview: At Snap Finance, we believe everyone deserves access to the things they need, regardless of credit history. Since 2012, we've used data, machine learning, and a more human approach to create flexible financing solutions that help people move forward. We're proud of our inclusive, supportive culture, built on empowering our customers, partners, and team members alike. When our people thrive, so does our innovation. If you're looking to make an impact and grow with a team that values you, come join us! Job Description Position Overview: We are looking for a Manager, Credit Card Business Strategy to help manage and grow our general-purpose credit card portfolio within the cards organization. This role is an individual contributor position at the manager level. You will partner closely with the Seen Leadership Team to support day-to-day management of the branded credit card business: monitoring performance, driving execution on key initiatives, and coordinating with Product, Marketing, Risk, Analytics, Operations and other teams to deliver results. You’ll be a key “right hand” on the core card product—turning data into insights, insights into business cases, and business cases into well-structured work for execution teams. How you’ll make an impact: Support Seen leadership in shaping the strategy and priorities for the branded credit card portfolio. Develop and maintain goals and KPIs (e.g., acquisition, activation, spend, balances, losses, economics) for branded credit card. Build and update financial models and simple business cases to evaluate new features, pricing changes, channels, and offers. Prepare materials for leadership reviews (e.g., business updates, initiative status, performance deep dives). Translate strategic priorities into clear problem statements, requirements, and work items for Product, Marketing, and other partner teams. Track end-to-end execution of branded credit card initiatives: timelines, dependencies, and risks; follow up with owners and escalate as needed. Coordinate launch readiness across key partners (Product, Marketing, Risk, Operations, Servicing) to ensure smooth delivery and measurement for new initiatives. Maintain a simple but visible portfolio/initiative tracker for our branded credit card. Partner with Analytics and Finance to monitor KPIs and dashboards for our branded credit card performance (e.g., funnel conversion, usage, losses, unit economics). Identify performance issues and dig into root causes (e.g., channel, customer segment, credit tier, product feature). Recommend data-driven actions (tests, changes, follow-ups) and collaborate with Product, Marketing and Risk to implement them. Build a strong understanding of branded credit card customer segments, use cases and pain points through data, research, and feedback from partner teams. Track competitive and market trends in general purpose credit cards and bring relevant insights into planning. Partner with Marketing to support channel strategy and campaigns for our branded credit card (e.g., positioning, cross-sell, lifecycle actions). Work with Risk, Compliance, and Legal to ensure business proposals are consistent with policies and regulatory expectations. Support Product and Operations in documenting business requirements and considering operational and servicing impacts for our branded credit card initiatives. Identify operational pain points or recurring issues impacting the branded credit card customer experience and propose improvements. Serve as a central coordination point for branded credit card initiatives across Product, Marketing, Risk, Analytics, Operations, and other teams. Communicate priorities, status, and key decisions clearly and concisely to partners and leadership. Help ensure alignment between branded credit card initiatives and broader Snap/Seen portfolio strategy. What you’ll need to succeed: 2+ years of experience in product management, product strategy, business management, consulting, or analytics, ideally in consumer finance, credit cards, banking, or fintech. Strong analytical and problem-solving skills; comfortable working with data, building simple models, and deriving insights. Experience working with cross-functional teams (e.g., Product, Marketing, Risk, Analytics, Operations). Ability to manage multiple initiatives simultaneously, with strong ownership and follow-through. Excellent written and verbal communication skills, including the ability to synthesize complexity into clear narratives and recommendations. Comfortable operating as an individual contributor while partnering closely with a senior leader. What would make you stand out: Experience with credit card products or other revolving credit/lending products. Familiarity with credit card lifecycle metrics (acquisition, activation, usage, delinquency, losses). Experience in a high-growth, fast-paced environment (e.g., fintech, startup). Prior experience in program management or business operations supporting product or commercial teams. Why Join Us: Generous paid time off Competitive medical, dental & vision coverage 401K with company match for US Company-paid life insurance Company-paid short-term and long-term disability Access to mental health and wellness resources Company-paid volunteer time to do good in your community Legal coverage and other supplemental options A value-based culture where growth opportunities are endless More: Snap values diversity and all qualified applicants will be considered for employment without attention to race, color, religion, sex, sexual orientation, gender identity, national origin, veteran or disability status. Learn more by visiting our website at www.snapfinance.com . California Residents, please review our California Consumer Privacy Act Notice at https://snapfinance.com/ccpa-notice To apply: https://weworkremotely.com/remote-jobs/snap-finance-manager-credit-card-business-strategy-remote",https://weworkremotely.com/remote-jobs/snap-finance-manager-credit-card-business-strategy-remote,We Work Remotely
EY Studio+ Nederland: Oracle Services - Oracle Cloud Finance - Manager - Tech Cons - Open Location,,,,,"Mon, 22 Jun 2026 15:30:11 +0000","Headquarters: Anywhere in Country URL: http://ey.com Location: Anywhere in Country At EY, we’re all in to shape your future with confidence. We’ll help you succeed in a globally connected powerhouse of diverse teams and take your career wherever you want it to go. Join EY and help to build a better working world. The opportunity EY's Oracle Services practice is a national consulting practice that assists in planning, pursuing, delivering and managing large, complex full lifecycle initiatives. We also provide our clients with experience in leading practices, methods and resources using Oracle’s applications and technology. The Oracle Services practice advises clients to understand, architect and implement the core applications and technology required to run their business. In this role, you will interact with business stakeholders to evaluate business models, processes, and operations. You will gather, understand, and analyze business requirements, translating them into technical specifications. Additionally, you will analyze newly implemented technology solutions to ensure they meet business requirements and collaborate with technical teams to design and deliver system architecture solutions. Your key responsibilities As a Manager in Technology Analysis, you will play a pivotal role in managing and delivering complex technical initiatives. You will face challenges that require innovative problem-solving and analytical skills, providing you with opportunities to grow and learn in a dynamic environment. This role is remote based, with regular travel required to meet client needs. Lead workstream delivery and ensure effective management of processes and solutions. Track deliverable completion and project status, ensuring alignment with performance objectives. Actively participate in client working sessions, leading workstreams from planning through execution and closure. Skills and attributes for success To thrive in this role, you will need a blend of technical and interpersonal skills. Your ability to build relationships and communicate effectively will be crucial in delivering exceptional client service. Strong analytical skills to develop solutions to complex problems. Proven ability to manage engagement economics and resource planning. Experience in leading teams and managing change effectively. Ability to identify opportunities for additional services and lead specific RFP responses. Ability to be a key contributor throughout the project lifecycle and agreed upon phases of the ERP project Ability to work and collaborate effectively with both internal and external team members Individual with strong communication and listening skills Self-starter with a willingness and desire to continue to learn and grow both personally and professionally Demonstrates the ability to implement software Interact and communicate effectively with finance and technology senior and middle management executives as well as end user and business subject matter experts. Develop long-term relationships and networks both internally and externally Demonstrate strong decision-making skills in developing solutions for complex problems Modify policies and establish procedures within the scope of work Exercise sound judgment in selecting methods and criteria for obtaining results Possess a functional understanding of system development lifecycle and technology business architecture frameworks To qualify for the role, you must have A Bachelor's degree 4 to 6 years of relevant experience working with an ERP system in a software configuration implementation role; or finance/accounting businessperson with experience as an Oracle financials super user Proven track record in system implementation or super user for three or more of the following Oracle Financial Applications: General Ledger, Payables, Payments, Expenses. Receivables, Collections, Revenue Management, Taxes, Fixed Assets, Cash Management, Projects Costing and/or Billing, Accounting Hub, Treasury, Property Manager, Lease Management or Procurement. 5-10 full lifecycle implementations in any of the above Familiarity with Oracle methodologies such as OUM or AIM Strong written and verbal communication, presentation, client service and technical writing skills, coupled with a strong interest in further developing and integrating enterprise business processes with technology skills Ability and comfort level researching client inquiries and emerging issues The successful candidate must also be willing and able to travel 60+% of a work schedule Ideally, you’ll also have MBA or MS degree preferred Cloud Certifications in Oracle Cloud Applications What we look for We are seeking top performers who demonstrate a blend of analytical prowess and creative thinking. Ideal candidates will possess a passion for technology and innovation, with a proven track record of translating complex business needs into effective technical solutions. Your ability to communicate effectively, manage relationships, and lead with agility will set you apart. What we offer you At EY, we’ll develop you with future-focused skills and equip you with world-class experiences. We’ll empower you in a flexible environment, and fuel you and your extraordinary talents in a diverse and inclusive culture of globally connected teams. Learn more . We offer a comprehensive compensation and benefits package where you’ll be rewarded based on your performance and recognized for the value you bring to the business. The base salary range for this job in all geographic locations in the US is $142,600 to $261,500. The base salary range for New York City Metro Area, Washington State and California (excluding Sacramento) is $171,200 to $297,200. Individual salaries within those ranges are determined through a wide variety of factors including but not limited to education, experience, knowledge, skills and geography. In addition, our Total Rewards package includes medical and dental coverage, pension and 401(k) plans, and a wide range of paid time off options. Join us in our team-led and leader-enabled hybrid model. Our expectation is for most people in external, client serving roles to work together in person 40-60% of the time over the course of an engagement, project or year. Under our flexible vacation policy, you’ll decide how much vacation time you need based on your own personal circumstances. You’ll also be granted time off for designated EY Paid Holidays, Winter/Summer breaks, Personal/Family Care, and other leaves of absence when needed to support your physical, financial, and emotional well-being. Are you ready to shape your future with confidence? Apply today. EY accepts applications for this position on an on-going basis. For those living in California, please click here for additional information. EY focuses on high-ethical standards and integrity among its employees and expects all candidates to demonstrate these qualities. EY | Building a better working world EY is building a better working world by creating new value for clients, people, society and the planet, while building trust in capital markets. Enabled by data, AI and advanced technology, EY teams help clients shape the future with confidence and develop answers for the most pressing issues of today and tomorrow. EY teams work across a full spectrum of services in assurance, consulting, tax, strategy and transactions. Fueled by sector insights, a globally connected, multi-disciplinary network and diverse ecosystem partners, EY teams can provide services in more than 150 countries and territories. EY provides equal employment opportunities to applicants and employees without regard to race, color, religion, age, sex, sexual orientation, gender identity/expression, pregnancy, genetic information, national origin, protected veteran status, disability status, or any other legally protected basis, including arrest and conviction records, in accordance with applicable law. EY is committed to providing reasonable accommodation to qualified individuals with disabilities including veterans with disabilities. If you have a disability and either need assistance applying online or need to request an accommodation during any part of the application process, please call 1-800-EY-HELP3, select Option 2 for candidate related inquiries, then select Option 1 for candidate queries and finally select Option 2 for candidates with an inquiry which will route you to EY’s Talent Shared Services Team (TSS) or email the TSS at ssc.customersupport@ey.com . To apply: https://weworkremotely.com/remote-jobs/ey-studio-nederland-oracle-services-oracle-cloud-finance-manager-tech-cons",https://weworkremotely.com/remote-jobs/ey-studio-nederland-oracle-services-oracle-cloud-finance-manager-tech-cons,We Work Remotely
Harris Global Business Services: Financial Accountant,,,,,"Mon, 22 Jun 2026 15:30:11 +0000","Headquarters: Remote - GBS PHL MNL URL: http://harrisgbs.com We are looking for a Financial Accountant who will take a leading role in driving the finance function and supporting the Group Financial Controller in balancing financial, commercial, and compliance matters across the organisation. If you’re someone who thrives in a fast-paced environment, values data integrity, and enjoys enhancing financial processes, this role is perfect for you. Key Responsibilities: Monthly & Quarterly Reporting Lead the completion of monthly and quarterly financial deliverables and month-end close. Manage overhead accruals, prepayments, provisions (doubtful debts, holdbacks, leave liabilities), and BAS/IAS preparation. Oversee revenue recognition processes, including deferrals, WIP, and milestone billing. Prepare and review balance sheet reconciliations. Manage tangible and intangible assets, including related depreciation and amortisation. Handle inventory reconciliations and all monthly accounting journals. Financial Analysis & Stakeholder Support Prepare and update monthly/quarterly QSR reporting for business units. Provide financial insights, analysis, and problem-solving support to internal stakeholders. Build strong business partnerships and respond to internal/external queries in a timely manner. Understand key business metrics and their drivers. Governance & Process Management Ensure documentation, review, and continuous improvement of finance processes, policies, and procedures. Assist in internal and external audits. Support treasury activities and ensure adherence to transfer pricing requirements. Integration & Leadership Support financial integration of newly acquired companies. Work closely with Business Unit Leaders and integration teams to optimise finance processes. Supervise and mentor junior accountants, ensuring quality output and supporting professional growth. What We’re Looking For Minimum 3 years of professional accounting experience (commercial environment preferred). Degree in Accounting, Finance, or Business; CA/CPA qualification (or equivalent) preferred. Strong understanding of accounting principles and standards (IFRS / A-IFRS). Excellent analytical and problem-solving skills. High attention to detail and strong organisational skills. Advanced computer literacy, including accounting systems and MS Office. Strong communication skills and the ability to build effective stakeholder relationships. Self-motivated, proactive, and committed to continuous improvement. Apply Now If you’re looking for a role where you can grow, contribute, and work flexibly, we’d love to hear from you. To apply: https://weworkremotely.com/remote-jobs/harris-global-business-services-financial-accountant",https://weworkremotely.com/remote-jobs/harris-global-business-services-financial-accountant,We Work Remotely
Atcom: Senior .NET Web Developer,,,,,"Mon, 22 Jun 2026 15:29:54 +0000","Headquarters: Athens, Attica, Greece URL: http://atcom.gr Description ATCOM S.A. is responsible for numerous large and notable web projects and solutions in Greece, in a variety of sectors, such as large e-commerce and travel sites, intranets, news portals or other large-scale web applications, for the private and public sector. Being the biggest web development company in Greece we learned all through these years to value each and every colleague that contributes to our success. We believe in autonomy for teams and individuals and this is the reason we want to work with people who are self-motivated and will do whatever it takes to reach their goal, without having someone to show them each and every step of the way. Ultimately, we want you to be passionate about your work and about creating web solutions that you and your peers would love. Since our products and solutions are built on Microsoft technologies, we are looking for a motivated, talented and highly productive senior .NET/C# web developer to join our highly skilled team of successful professionals. You will have the opportunity to participate in the implementation of the most prominent, challenging and notable web projects and solutions in Greece and you must enjoy working in a fast paced and vibrant environment utilizing the latest web technologies to achieve state of the art results. Requirements What you’ll be doing Join a team of successful web developers responsible for the most challenging web solutions in Greece Solve unique problems that arise from the need to always push the envelope in web development Collaborate with and consult project managers and members of your team to achieve technical correctness based on the customer needs Utilize our in-house developed Web Content Management system (Netvolution WCMS) and contribute to its development with ideas from hands-on experience with it Be technically responsible of the projects you take on and choose the best method or technology to make them successful What we'll expect from you You are proficient and productive with .net core (+ latest versions), ASP.NET, C#, MVC, Entity Framework, JavaScript, SQL You have at least 4+ years’ experience in ASP.NET web development in C# You have a bachelor’s degree in Computer Science or equivalent or proven track record of previous projects of significant complexity You have deep understanding of the HTTP protocol, the anatomy of requests/responses and how these are handled You have experience with scalable, high available solutions You have database design, programming and optimization knowledge on MS SQL Server You have experience with client-side programming either by using a client framework (Vue, React) or by plain vanilla JavaScript You are fluent with git source control and have exposure to Azure Services You have participated in a fair amount of big web projects You have strong opinions, weakly held. Having the courage to act on your knowledge but also the humility to doubt what you know. Benefits Competitive compensation A comprehensive private insurance medical care package on top of your public insurance In-house training & education Paid training Attendance to conferences and events Group activities & free nights out Remote-friendly environment To apply: https://weworkremotely.com/remote-jobs/atcom-senior-net-web-developer",https://weworkremotely.com/remote-jobs/atcom-senior-net-web-developer,We Work Remotely
Mindrift: Freelance Web Designer,,,,,"Mon, 22 Jun 2026 15:29:53 +0000","Headquarters: United Kingdom URL: http://mindrift.ai Description Please submit your resume in English and indicate your level of English. Mindrift is looking for a highly skilled Web Designer to join the Tendem project ( https://tendem.ai/ ) and drive specialized data scraping workflows within our hybrid AI + human system. In this role, you'll collaborate with Tendem Agents that handle repetitive tasks, while you provide the critical thinking, domain expertise, and layout skills necessary to turn briefs and rough drafts into clean, on-brand, and easy-to-ship web-ready designs. This part-time remote opportunity is ideal for creative professionals with hands-on experience in UI/web design, marketing pages, and digital visual communications. What we do The Mindrift platform connects specialists with AI projects from major tech innovators. Our mission is to unlock the potential of Generative AI by tapping into real-world expertise from across the globe. About the Role This is a freelance role for a Tendem project. As a Web Designer, your focus will be on marketing pages, landing experiences, and conversion-driven layouts. We need a core specialist dedicated to owning the look and feel of all web-based materials, ensuring they feel consistent, polished, and perfectly aligned with the broader brand ecosystem. Key Responsibilities Design high-converting one-pagers, pitch-style landing pages, and simple marketing sites based on textual copy, outlines, or existing drafts. Translate brand assets and social media visuals into responsive web layouts, structured components, and sections that can be easily implemented by developers or no-code tools. Prepare and securely package production-ready files (organizing Figma frames, exporting assets, and detailing specs) for seamless handoff. Ensure absolute visual consistency between interactive web pages, static PDFs, and social materials. Enforce layout quality standards through systematic verification of responsiveness, proper spacing, clarity, and adherence to modern web trends prior to delivery. Requirements: At least 2 years of relevant experience in web design, UI design, digital marketing design, or visual communications is desirable. Bachelor’s or Master’s Degree in Web Design, Graphic Design, Human-Computer Interaction (HCI), or related creative/technical fields is a plus. Web & UI Design: Deep proficiency in Figma for creating scalable, responsive web layouts, auto-layout components, and comprehensive design systems. Conversion-Driven Layouts: Expertise in structuring high-converting, pitch-style landing pages with a strong eye for clarity, spacing, and modern design trends. Developer Handoff: Solid understanding of how to prepare, spec, and package digital assets for efficient implementation via developers or no-code platforms (e.g., Webflow, Framer). Cross-Platform Consistency: Ability to seamlessly translate core brand aesthetics across varying touchpoints, ensuring web pages match existing social materials and pitch decks. English proficiency: Upper-intermediate (B2) or above (required). A structured, user-centric, and conversion-minded approach to design. Strong eye for clarity, white space, and modern web layout trends. Self-directed work ethic with the ability to troubleshoot independently and deliver production-ready assets fast. Your CV must include a link to your portfolio with web design examples. Applications without a portfolio link, or without relevant web design cases, will not be considered. Project time expectations For this project, tasks are estimated to require around 10–20 hours per week during active phases, based on project requirements. This is an estimate, not a guaranteed workload, and applies only while the project is active. Compensation On this project, contributors can earn up to $50 per hour equivalent , depending on their level and pace of contribution. Compensation varies across projects depending on scope, complexity, and required expertise. Please note that other projects on the platform may offer different earning levels based on their requirements. To apply: https://weworkremotely.com/remote-jobs/mindrift-freelance-web-designer",https://weworkremotely.com/remote-jobs/mindrift-freelance-web-designer,We Work Remotely
KAI Partners: Technical Solutions Engineer/Web Developer,,,,,"Mon, 22 Jun 2026 15:29:53 +0000","Headquarters: Remote URL: http://kaipartners.com Description We are seeking a Technical Solutions Engineer / Web Application Developer to design, develop, and support internal and client‑facing web applications, data solutions, and AI‑enabled workflows within a consulting environment. This role is deeply hands‑on and application‑development focused, combining modern web engineering, backend database development, and applied AI integration to solve real business problems. The ideal candidate is comfortable owning features or small‑to‑medium applications end‑to‑end—translating evolving and sometimes incomplete business requirements into production‑ready solutions. Success in this role requires strong analytical and problem‑solving skills, sound engineering judgment, and a pragmatic approach to building systems that are maintainable, auditable, and supportable. This position also plays a key role in implementing AI capabilities responsibly, with attention to control, transparency, and long‑term sustainability. Essential Duties and Responsibilities: Reasonable accommodation may be made to enable individuals with disabilities to perform essential functions. Responsibilities include, but are not limited to, the following: Application Development & Support Design, build, enhance, and maintain internal and client-facing web applications Own application features across the full lifecycle, including design, development, testing, deployment, and production support Implement user workflows, data validation rules, audit tracking, and role-based access controls Troubleshoot and resolve issues across front-end, back-end, and database layers Backend & Database Development Design, implement, and maintain relational databases supporting application workflows, reporting, and audit requirements Define and manage database schemas, relationships, constraints, and documentation Translate business processes and reporting needs into structured, maintainable data models Manage schema evolution and controlled data changes as applications mature Data Modeling, Dashboards & Reporting Design and support backend data models for KPI dashboards, executive reporting, and trend analysis Translate incomplete, inconsistent, or evolving client and operational data into validated datasets Support Excel- and CSV-based data ingestion, validation rules, and update processes Build and maintain dashboards used by internal leadership and external clients AI-Enabled Application Development Integrate AI-assisted capabilities into production applications Implement prompt templates, structured inputs, validation rules, and guardrails to ensure data quality, usability, and responsible AI usage Contribute to practical automation and AI experimentation aligned with business and operational needs Client & Stakeholder Collaboration Partner with Program Managers, Operations teams, and Executive stakeholders to clarify requirements and recommend technical solutions Participate in working sessions, training, and technical walkthroughs Proactively identify risks, assumptions, and gaps when requirements are ambiguous Communicate technical concepts clearly to non-technical audiences Documentation & Operational Support Create and maintain: Technical documentation and developer notes Database schemas and data dictionaries Data templates and user instructions Architecture diagrams and change logs Monitor application performance, reliability, and data pipelines Support user access provisioning and role-based permissions Contribute to the continuous improvement of internal systems and development practices Perform other related duties as assigned Required Skills: Strong working knowledge of JavaScript-based web applications (front-end frameworks preferred) Experience designing and supporting backend application logic and relational databases Working knowledge of SQL, APIs, and web services Experience with data modeling and validation using Excel, CSV, and SharePoint-hosted sources Experience integrating AI capabilities into applications using structured prompts and guardrails Ability to translate business requirements into practical technical solutions Strong analytical and problem-solving skills Excellent written and verbal communication skills Ability to operate effectively in a fast-paced, consulting-driven environment Strong collaboration and stakeholder engagement skills Preferred Qualifications: 5+ years of professional experience in web application development, technical solutions engineering, or a closely related role. Experience owning full‑stack solutions end‑to‑end, including frontend, backend application logic, and database design within a single engagement or product. Experience with cloud‑hosted application platforms (e.g., Azure, AWS, or equivalent), including deployment, configuration, and monitoring. Familiarity with CI/CD pipelines and modern version control practices (e.g., Git/GitHub). Experience building or maintaining RESTful APIs or web services that integrate with third‑party systems or data sources. Working knowledge of data visualization tools or libraries used in dashboard development. Hands‑on experience integrating large language models (LLMs) or AI services into production‑grade applications. Experience designing prompt engineering frameworks, including structured inputs, output validation, and guardrails for responsible AI usage. Prior experience supporting public‑sector, regulated, or compliance‑sensitive environments where auditability and data integrity are critical. Familiarity with the Microsoft 365 ecosystem (SharePoint, Teams, Power Platform) as a data source or integration target. Experience working with geographically distributed or remote teams in a consulting or professional services setting. Demonstrated ability to self‑direct work with minimal oversight, including prioritizing tasks, managing competing deadlines, and escalating appropriate Education and Qualifications: Bachelor’s degree in Computer Science, Information Systems, Software Engineering, or a related field, or equivalent practical experience 3-5 years of professional experience in: Web application development Technical solutions engineering or similar roles Hands-on experience building data-driven web applications and dashboards Experience working in consulting, agency, or client-facing environments with evolving or incomplete requirements Experience working with AI-assisted tools or automation within production applications strongly preferred Familiarity with cloud-hosted applications and modern deployment practices preferred Compensation Range: $42/hr.- $54/hr The salary range reflects the expected compensation for fully qualified, senior‑level candidates performing this role in the Sacramento public‑sector consulting market. KAI Partners hires with the intent to retain high-performing consultants, and this engagement is anticipated to provide opportunities for the selected candidate to expand upon this work or transition into other similar, challenging roles within KAIP following completion of the initial engagement. In addition, eligible roles qualify for a comprehensive benefits package. Must be able to provide proof of education for all mandatory qualifications; all references will be verified. All qualified applicants will receive consideration for employment without regard to race, color, religion, sex, sexual orientation, gender identity, or national origin. Must be able to provide proof of education for all mandatory qualifications; all references will be verified. All qualified applicants will receive consideration for employment without regard to race, color, religion, sex, sexual orientation, gender identity, or national origin. KAI Partners KAI Partners, Inc. is a Northern California‑based small business that offers world‑class management consulting and technology services to public‑ and private‑sector clients on a variety of large‑scale initiatives. The KAIP team brings deep executive‑level experience in program management, project delivery, Agile services, organizational change management, training, enterprise architecture, managed IT services, and IT security. KAIP consultants gain exposure to multiple environments and modernization initiatives, offering accelerated professional growth, broader impact, and sustained leadership opportunities beyond a single jurisdiction. http://www.kaipartners.com/ To apply: https://weworkremotely.com/remote-jobs/kai-partners-technical-solutions-engineer-web-developer",https://weworkremotely.com/remote-jobs/kai-partners-technical-solutions-engineer-web-developer,We Work Remotely
ALIQAN Technologies: Site Reliability Engineer,,,,,"Mon, 22 Jun 2026 15:29:53 +0000","Headquarters: Noida URL: http://aliqantechnologies.com Greetings from ALIQAN Technologies! We are hiring Site Reliability & DevOps Engineer for one of our client MNCs. Job Title:Devops Engineer Exp: 4-6 Yrs Location:Remote Key Responsibilities Infrastructure & Platform Engineering ● Design, implement, and maintain scalable cloud infrastructure using Infrastructure as Code (IaC) principles ● Architect and manage Kubernetes clusters and containerized applications across multiple environments ● Develop and maintain automation scripts for infrastructure provisioning and configuration management ● Implement and optimize CI/CD pipelines for seamless application deployment Monitoring & Reliability ● Design and implement comprehensive monitoring solutions for infrastructure, applications, and services ● Create and maintain alerting systems with appropriate thresholds and escalations ● Analyze system performance and implement improvements to enhance reliability ● Lead incident response and post-mortem analysis to prevent future occurrences Security & Compliance ● Implement and maintain security best practices across all infrastructure components ● Manage access controls, encryption, and security protocols ● Ensure compliance with industry standards and regulatory requirements ● Conduct regular security audits and vulnerability assessments Required Qualification s ● 4-6 years of experience in DevOps, Site Reliability Engineering, or similar roles ● Strong expertise in cloud platforms, with GCP preferred ● Proficiency in containerization technologies (Docker, Kubernetes) ● Experience with Infrastructure as Code tools (Terraform, Ansible, CloudFormation) ● Strong knowledge of CI/CD pipelines and automation tools ● Experience with monitoring and observability tools (Prometheus, Grafana, ELK stack) ● Solid understanding of networking, security, and system administration ● Experience with scripting languages (Python, Bash, Go) ● Knowledge of database administration and backup strategies Preferred Qualifications ● GCP certifications (Professional Cloud Architect, Professional DevOps Engineer) ● Experience with microservices architecture ● Knowledge of service mesh technologies (Istio, Linkerd) ● Experience with GitOps methodologies ● Understanding of compliance frameworks and security standards 4-6 years of experience in DevOps Strong expertise in cloud platforms, with GCP preferred Experience with Infrastructure as Code tools (Terraform, Ansible, CloudFormation) Experience with scripting languages (Python, Bash, Go) Proficiency in containerization technologies (Docker, Kubernetes) Experience with monitoring and observability tools (Prometheus, Grafana, ELK stack) To apply: https://weworkremotely.com/remote-jobs/aliqan-technologies-site-reliability-engineer",https://weworkremotely.com/remote-jobs/aliqan-technologies-site-reliability-engineer,We Work Remotely
Ed Prather Real Estate: Job Title: Inside Sales Agent (Appointment Setter) – [Remote: LATAM Time Zones Only],,,,,"Fri, 19 Jun 2026 17:28:00 +0000","Headquarters: United States URL: https://edprather.com/ About the Role We are looking for a driven, high-energy Inside Sales Agent (ISA) to join our team. In this role, your primary mission is to prospect, nurture leads, and set highly qualified listing appointments for our field team. This position is perfect for a self-starter who thrives on the phones, communicates flawlessly, and takes total ownership of their daily activity. If you are naturally friendly, hyper-punctual, and love the challenge of turning a cold or lukewarm lead into a rock-solid appointment, we want to talk to you. Key Responsibilities Set Qualified Appointments: Outbound prospect and follow up with inbound leads to identify motivated sellers and schedule high-quality listing appointments. Rigorous Qualification: Ask targeted discovery questions to accurately assess motivation, timeline, and property details, ensuring our field agents only step into winning scenarios. Pipeline Management: Meticulously track and update lead data, notes, and appointment statuses in our CRM to ensure seamless hand-offs. Meet & Exceed Targets: Consistently hit daily activity metrics (dials, conversations, nurture follow-ups) and weekly/monthly appointment goals. What We Are Looking For (Requirements) Inside Sales Experience: Prior experience in an Inside Sales or Appointment Setting position (phone-based outbound prospecting or lead generation preferred). Impeccable English Skills: Near-native or native English proficiency is a must. You need excellent written and verbal communication skills to build trust quickly and articulate value clearly. High Accountability & Punctuality: You show up on time, every time, manage your daily schedule efficiently, and take absolute ownership of your appointment metrics. The ""Friendly Consultant"" Persona: A naturally warm, engaging, and empathetic personality that puts prospects at ease, combined with the persistence to overcome objections and secure the appointment commitment. Compensation & Incentives We offer a reliable hourly base combined with an aggressive performance-based bonus structure designed to reward top producers: Base Salary: $5.00 – $5.50 / hour (Paid weekly/monthly based on experience). Fast-Start Appointment Bonus: Earn an extra $15.00 for each of your first 5 successfully met appointments. Performance Goals: Additional cash bonuses for hitting your weekly and monthly appointment targets. Why You’ll Love Working With Us Uncapped Earning Potential: Your base is just the starting point; high performers significantly multiply their hourly rate through our milestone bonuses. Team Support: A collaborative environment where our field agents work hard to close the high-quality appointments you hand off to them. Growth Opportunities: Comprehensive training on our scripts, lead systems, and CRM tools, with clear pathways for professional advancement. To apply: https://weworkremotely.com/remote-jobs/ed-prather-real-estate-job-title-inside-sales-agent-appointment-setter-remote-latam-time",https://weworkremotely.com/remote-jobs/ed-prather-real-estate-job-title-inside-sales-agent-appointment-setter-remote-latam-time,We Work Remotely
Mercury Insurance Services: Senior Software Engineer,,,,,"Fri, 19 Jun 2026 16:50:05 +0000","Headquarters: Remote, United States URL: http://mercuryinsurance.com Overview Join an amazing team that is consistently recognized for our achievements and culture, including our most recent Forbes award of being one of America's Best Midsize Employers for 2026! Position Summary: As a Senior Software Engineer, you will play a crucial role in designing, developing, and maintaining complex software systems. This position involves leading agile teams or projects, mentoring junior engineers, and ensuring the delivery of high-quality software solutions. Geo-Salary Information An in-person interview may be required during the hiring process State specific pay scales for this role are as follows: $94,458 to $179,048 (CA, NJ, NY, WA, HI, AK, MD, CT, RI, MA) $85,871 to $162,771 (NV, OR, AZ, CO, WY, TX, ND, MN, MO, IL, WI, FL, GA, MI, OH, VA, PA, DE, VT, NH, ME) $77,283 to $146,464 (UT, ID, MT, NM, SD, NE, KS, OK, IA, AR, LA, MS, AL, TN, KY, IN, SC, NC, WV) In CA: Typical hiring range is $123,077.70 to $170,941.25 The expected base salary for this position will vary depending on a number of factors, including relevant experience, skills and location. Responsibilities Essential Job Functions: Write high-quality code for complex scenarios with good test coverage. Review and translate product requirements into robust designs to ensure high-quality distributed application systems that are modular, configurable, reusable, fast, effective, user-friendly, secure, compliant, scalable, and maintainable. Lead design and code reviews of multiple applications to ensure best practices, adherence to Mercury standards, and high quality. Lead the sprint team to deliver new or improved features, addressing any impediments to delivering high-quality solutions in the sprint backlog. Collaborate with other teams and stakeholders to ensure successful delivery of intended functionality. Mentor and provide technical guidance to other engineers on the team, fostering a culture of innovation and excellence within Mercury engineering. Qualifications Education: Minimum: Bachelor’s Degree in Computer Science, Information Systems or other related fields OR equivalent combination of education and experience Preferred: Master’s Degree in Computer Science. Experience: Minimum: 5+ years software programming experience with 2+ years experience in Technologies used at Mercury, more than one years experience leading and mentoring engineering teams Preferred: 5 or more years of backend development experience with Java 4 or more years of experience with Springboot, APIs and Microservices 3 or more years of experience with CI/CD processes and technologies (Kubernetes, Jenkins, etc.) 2 or more years of experience utilizing technologies such as Kafka, AWS, S3, Drools, Blaze, etc. 1 or more years of experience with Guidewire Policy Center (Configuration and Integrations) Skills: Proficient in programming in one or more industry-standard languages (e.g., Java, Python, Go, C++, JavaScript). Experienced in leveraging various data structures, algorithms, and design patterns. Skilled in relational databases, NoSQL, and caching solutions. Experienced in APIs using modern protocols like REST and gRPC. Proficient in message queuing, data streaming, workflow, and integration frameworks (such as Apache Kafka, Apache NiFi, Amazon SQS, MS MQ, Apache Camel, etc.). Knowledgeable in microservices architecture. Experienced in containerization technologies like Docker and Kubernetes. Proficient in leveraging DevSecOps to improve engineering efficiency. Experienced in designing and implementing high-quality distributed application systems that are modular, configurable, maximize reuse, and are fast, effective, user-friendly, secure, compliant, scalable, and maintainable. Skilled in leveraging analytics data and experimentation to design and improve systems for speed, scalability, and effectiveness. Strong problem-solving skills. Excellent communication abilities. Strong ability to collaborate and influence cross-functional teams and stakeholders to address impediments and deliver desired results. Demonstrated leadership skills through mentoring and providing technical guidance to team members. Experienced in driving technical strategy and vision for a team. Preferred: Experience in cloud platforms such as AWS, Google Cloud, or Azure. About the Company Why choose a career at Mercury? At Mercury, we have been guided by our purpose to help people reduce risk and overcome unexpected events for more than 60 years. We are one team with a common goal to help others. Everyone needs insurance and we can’t imagine a world without it. Our team will encourage you to grow, make time to have fun, and work together to make great things happen. We embrace the strengths and values of each team member. We believe in having diverse perspectives where everyone is included, to serve customers from all walks of life. We care about our people, and we mean it. We reward our talented professionals with a competitive salary, bonus potential, and a variety of benefits to help our team members reach their health, retirement, and professional goals. Learn more about us here: https://www.mercuryinsurance.com/about/careers #LI-ZK1 Perks and Benefits We offer many great benefits, including: Competitive compensation Flexibility to work from anywhere in the United States for most positions Paid time off (vacation time, sick time, 9 paid Company holidays, volunteer hours) Incentive bonus programs (potential for holiday bonus, referral bonus, and performance-based bonus) Medical, dental, vision, life, and pet insurance 401 (k) retirement savings plan with company match Engaging work environment Promotional opportunities Education assistance Professional and personal development opportunities Company recognition program Health and wellbeing resources, including free mental wellbeing therapy/coaching sessions, child and eldercare resources, and more Mercury Insurance is an equal opportunity employer. All qualified applicants will receive consideration for employment without regard to race, color, religion, sex, sexual orientation, gender identity, national origin, disability, status as a protected veteran, or any other characteristic protected by federal, state, or local law. Pay Range USD $92,153.73 - USD $174,681.00 /Yr. To apply: https://weworkremotely.com/remote-jobs/mercury-insurance-services-senior-software-engineer",https://weworkremotely.com/remote-jobs/mercury-insurance-services-senior-software-engineer,We Work Remotely
Sonova International: Business & CRM Analyst | Remote,,,,,"Fri, 19 Jun 2026 15:27:09 +0000","Headquarters: Mexico URL: http://sonova.com Business Analyst & CRM (Salesforce) Mexico City, México – REMOTE AVAILABLE FOR THE RIGHT CANDIDATE **Must speak and understand English for this position The Business Analyst & CRM (Salesforce) plays a critical role in driving the execution of Sonova Mexico’s pricing strategy while ensuring full visibility of commercial performance through robust KPI tracking and analytics. This role serves as the functional owner of Salesforce, supporting data integrity, system optimization, and enabling data-driven decision-making across the commercial organization. This position is essential to strengthening operational excellence, improving profitability, and supporting sustainable market share growth. Responsibilities: Monitor and analyze performance of customer-tier pricing strategies across segments Analyze sales volumes, pricing, margins, discount behavior, and customer trends Produce recurring and ad-hoc executive reports for leadership Identify risks, deviations, and opportunities to improve profitability and competitiveness Support automation of pricing rules in SAP and Salesforce Act as the internal Product Owner for Salesforce Ensure data quality, system usage, and continuous CRM optimization Build dashboards, reports, and workflows to support Sales and Management teams Lead user training, adoption initiatives, and system enhancements Track KPIs including customer volume, discount levels, contract compliance, and financial performance Prepare monthly and quarterly performance summaries and insights Partner with Sales teams to support pricing strategy execution and customer negotiations Collaborate cross-functionally with Marketing, Finance, Operations, and IT teams More about you: Bachelor’s degree in Business Administration, Industrial Engineering, Economics, Finance, Information Systems, or related field Strong Salesforce experience including dashboards, reporting, and automation Advanced Excel skills; Power BI or similar tools preferred Strong understanding of commercial processes and pricing strategies Ability to analyze large datasets and translate insights into actionable recommendations Advanced English proficiency Strong analytical thinking, attention to detail, and problem-solving skills Excellent communication and ability to influence cross-functional teams A minimum of 200Mb/sec download and 10Mb/sec upload speed internet connectivity is required to support any remote/hybrid employee functionality at Sonova Don't meet all the criteria? If you’re willing to go all in and learn we'd love to hear from you! What we offer: • Benefits in accordance with the Federal Labor Law (LFT) • Savings fund (Fondo de Ahorro) How we work: At Sonova, we prioritize the well-being of our employees and foster an inclusive environment that promotes engagement and collaboration. Our team-customized hybrid work model empowers teams to balance individual needs with business goals, offering flexibility and individualized time management. We recognize the importance of life outside of work and strive to create a supportive and motivating workplace where innovation thrives. To apply: https://weworkremotely.com/remote-jobs/sonova-international-business-crm-analyst-remote-1",https://weworkremotely.com/remote-jobs/sonova-international-business-crm-analyst-remote-1,We Work Remotely
Entrepreneur Cooperative: Customer Service Associate,,,,,"Fri, 19 Jun 2026 15:27:09 +0000","Headquarters: Remote URL: http://entrepreneurcooperative.com ★ PLEASE SUBMIT YOUR CV IN ENGLISH ★ Customer Service Associate Location: Remote — LATAM Employment Type: Full-Time Compensation: $700 – $1,400 USD/month About the Role We are seeking a professional and customer-focused Customer Service Associate to join a fast-paced and customer-centric organization. This role serves as a frontline representative responsible for delivering exceptional customer experiences by addressing inquiries, resolving issues, and providing accurate information regarding products, services, and company policies. The ideal candidate is empathetic, detail-oriented, highly organized, and comfortable handling multiple customer interactions across phone, email, chat, and virtual communication channels. This is an excellent opportunity for individuals who enjoy helping customers, solving problems, and working collaboratively within a dynamic support environment. Key Responsibilities Customer Support & Communication Respond promptly and professionally to customer inquiries via phone, email, chat, or virtual interactions Resolve customer complaints, issues, and requests efficiently while maintaining a positive and professional attitude Provide accurate information regarding products, services, policies, and procedures Deliver high-quality customer experiences focused on satisfaction and retention CRM & Administrative Support Accurately document customer interactions, requests, and transactions within CRM or ticketing systems Process orders, forms, applications, and customer requests in accordance with company guidelines Follow up with customers to ensure resolution and satisfaction Maintain accurate and organized records of customer communications Escalation & Team Collaboration Escalate complex or unresolved customer concerns to appropriate internal teams when necessary Collaborate with team members to improve service quality and operational efficiency Maintain up-to-date knowledge of company offerings, promotions, and internal system updates Adhere to company quality standards, compliance requirements, and performance expectations Requirements High school diploma or equivalent required; associate degree or higher preferred Previous experience in customer service, customer support, or client-facing roles Excellent verbal and written communication skills Strong problem-solving and conflict resolution abilities Proficiency with: Microsoft Office Email platforms CRM or customer support systems Strong multitasking and time management skills in fast-paced environments Professionalism, patience, empathy, and customer-first mindset Ability to work flexible schedules, including evenings, weekends, or holidays if required Comfortable working independently in remote environments Nice to Have Experience with customer support platforms such as: Zendesk Salesforce Similar CRM systems Multilingual abilities or additional language proficiency Previous experience in: Retail Ecommerce Financial services Telecommunications Familiarity with remote customer service tools and workflows Customer service certifications (HDI, Customer Service Institute of America, etc.) Experience handling escalated or complex customer situations What We’re Looking For Strong communication and interpersonal skills Positive attitude and solution-oriented mindset Highly organized and detail-oriented professional Team player with collaborative mindset Ability to remain calm and professional under pressure Customer-centric approach with strong accountability Why Join Us? Opportunity to work in a collaborative and fast-paced environment Exposure to diverse customer service operations and industries Remote flexibility within LATAM Growth opportunities within customer support and operations teams Supportive and team-oriented work culture Important Notes Candidates must have strong communication skills and a professional customer-facing presence Experience with CRM systems and remote customer support tools is highly valued Flexibility with schedules may be required depending on business needs This is a remote/telecommute position. To apply: https://weworkremotely.com/remote-jobs/entrepreneur-cooperative-customer-service-associate",https://weworkremotely.com/remote-jobs/entrepreneur-cooperative-customer-service-associate,We Work Remotely
Entrepreneur Cooperative: Junior Marketing Specialist,,,,,"Fri, 19 Jun 2026 15:27:09 +0000","Headquarters: Remote URL: http://entrepreneurcooperative.com ★ PLEASE SUBMIT YOUR CV IN ENGLISH ★ Junior Marketing Specialist Location: Remote Employment Type: Full-Time Compensation: $1,000 USD/month About the Role We are seeking a highly organized, proactive, and detail-oriented Junior Marketing Specialist to support marketing operations, customer communications, campaign coordination, and lead management across multiple digital channels. This role is ideal for someone who enjoys working in fast-paced environments, managing marketing systems, coordinating campaigns, maintaining customer data accuracy, and supporting marketing automation workflows. The ideal candidate is tech-savvy, organized, customer-focused, and comfortable working across CRM systems, email/SMS marketing platforms, LinkedIn outreach, and reporting processes. This is an excellent opportunity for someone looking to grow within digital marketing, customer engagement, and marketing operations while supporting a premium customer-focused brand experience. Key Responsibilities Email & SMS Marketing Build, maintain, and segment contact databases within: Emma GoHighLevel (GHL) Similar CRM and marketing automation platforms Create, schedule, test, and deploy email and SMS campaigns Coordinate campaign updates, content revisions, and audience segmentation Monitor campaign responses and support follow-up activities when necessary Ensure communication accuracy, working links, and clean customer data Lead Management & Customer Support Monitor inbound leads and customer inquiries from marketing campaigns and digital channels Maintain accurate customer and prospect records within company systems Support communication with prospective customers and franchise candidates Assist with onboarding workflows and customer welcome communications Help maintain a high-quality customer experience across all touchpoints Marketing Operations & CRM Support Monitor marketing automation systems and CRM workflows Identify and report: Automation issues Workflow inconsistencies Platform errors Data discrepancies Support platform maintenance, database organization, and user access management Ensure marketing systems and customer records remain updated and organized LinkedIn Outreach & Engagement Support LinkedIn outreach campaigns and engagement initiatives Monitor inbound messages and inquiries Assist with campaign launches and outreach optimization Track outreach performance and recurring engagement metrics Help maintain organized lead tracking and campaign reporting Reporting & Performance Tracking Prepare weekly and monthly marketing performance reports Track: Campaign performance Lead activity Customer engagement metrics Outreach performance Maintain organized records of marketing activities and results Provide recommendations and insights based on campaign performance data Requirements 1–3 years of experience in: Marketing Customer success Communications Marketing operations Business operations Related fields Strong organizational and time management skills Excellent written and verbal communication abilities Experience working with: CRM systems Email marketing platforms Marketing automation tools Strong attention to detail and multitasking abilities Proficiency with: Google Workspace Microsoft Office Comfortable learning and adapting to new software platforms Ability to work independently in a remote environment Preferred Qualifications Experience with: Emma GoHighLevel (GHL) Similar marketing automation platforms Familiarity with LinkedIn outreach and lead generation workflows Experience supporting: Hospitality businesses Luxury brands Membership-based businesses Franchise organizations Basic understanding of marketing analytics and reporting What We’re Looking For Highly organized and detail-oriented professional Strong communication and follow-through skills Customer-focused mindset with commitment to quality service Proactive and solutions-oriented attitude Ability to balance multiple tasks and priorities efficiently Collaborative team player comfortable in fast-paced environments What Success Looks Like Marketing campaigns are launched accurately and on schedule CRM and marketing databases remain organized and updated Customer communications maintain high-quality standards Lead tracking and reporting remain accurate and actionable Marketing systems and workflows operate efficiently The customer experience consistently reflects a premium brand standard Why Join Us? Opportunity to grow within marketing operations and customer engagement Exposure to modern CRM and marketing automation systems Collaborative and supportive remote work environment High-impact role supporting customer experience and brand growth Long-term growth opportunities within marketing and operations This is a remote/telecommute position. To apply: https://weworkremotely.com/remote-jobs/entrepreneur-cooperative-junior-marketing-specialist",https://weworkremotely.com/remote-jobs/entrepreneur-cooperative-junior-marketing-specialist,We Work Remotely
TKD Solutions: CRM Manager / GTM Systems Manager (m/w/d),,,,,"Fri, 19 Jun 2026 15:27:09 +0000","Headquarters: Langenfeld (Rheinland), NORDRHEIN_WESTFALEN, 40764, Germany URL: http://tkdeutschland.de Die TKD ist Spezialist für Telekommunikation und mobiles Arbeiten. Wir unterstützen unsere Kunden dabei, den digitalen Arbeitsplatz von heute zu planen, umzusetzen und zu betreuen – sicher, leistungsfähig und flexibel. Mobiles Arbeiten ist heute wichtiger denn je und mit unseren Produkten rund um die Mobile Services, ermöglichen wir das Arbeiten in einer leistungsfähigen und sicheren Umgebung, die die eigenen Daten sichert und die Privatsphäre achtet. Die von uns eingesetzten Enterprise Mobility Management Lösungen ermöglichen die Verwaltung von Daten und Endgeräten. Zur Verstärkung unseres Sales-Teams suchen wir für unseren Standort in Langenfeld eine/n CRM Manager / GTM Systems Manager (m/w/d) in Vollzeit (40 Stunden pro Woche) Darauf können Sie sich bei uns freuen: - Sicherheit & Perspektive: Ein unbefristeter Arbeitsvertrag in einem stabil wachsenden Unternehmen - Strukturierter Einstieg: Fundierte und individuelle Einarbeitung mit persönlichem Ansprechpartner - Regelmäßiger Austausch: regelmäßige Feedback- und Entwicklungsgespräche für Ihre persönliche Weiterentwicklung - Kurze Wege statt Bürokratie: Direkter Austausch mit Entscheidern und schnelle Umsetzung von Ideen - Work-Life Balance: bis zu 3 Tage pro Woche im Flex Office arbeiten - Gesundheit: Firmeninternes Fitnessstudio, Snacks, Getränke sowie Angebote rund um Ihre Gesundheit (z. B. Gesundheitsmonat, WLP App) - Top Ausstattung: Moderne Hardware – im Büro in Langenfeld und für das Flex Office - Zusatzleistungen: 50,- EUR Gutscheinkarte (monatliche Aufladung), Smartphone inkl. Mobilfunkvertrag, Businessbike-Leasing, Corporate Benefits Programm, E-Ladestationen Diese Aufgaben erwarten Sie bei uns: - Verantwortung für die operative Betreuung unseres CRM-Systems (HubSpot) und Schnittstellen Systeme - Planung, Umsetzung und Optimierung von automatisierten Marketing- und Sales-Prozessen - Schwerpunkt: Reportings, KPIs - Entwicklung und Umsetzung einer ganzheitlichen CRM-Strategie in Abstimmung mit Marketing, Vertrieb und IT - Aufbau und Pflege automatisierter Kampagnenstrecken (Lifecycle, Retention, Reaktivierung etc.) - Unterstützung bei der Einführung und Optimierung von Vertriebstools und -systemen (z. B. CRM, Angebots- und Forecasting-Systeme) - Enge Zusammenarbeit mit Sales Leadership bei der Vertriebsplanung, Zielsetzung und Kapazitätsplanung - Sicherstellung der Datenkonsistenz und -integrität in CRM- und ERP-Systemen - Steuerung und Umsetzung von Projekten zur Effizienzsteigerung und Digitalisierung im Vertrieb Was Sie auszeichnet: - Sie haben ein Abgeschlossenes Studium im Bereich Wirtschaft, Betriebswirtschaft, Sales Management - Sie haben mehrjährige Berufserfahrung im CRM-Management, idealerweise mit Schwerpunkt HubSpot. - Sie haben Erfahrung im Umgang mit Reporting-Tools und Datenvisualisierung. - Sie verfügen über sehr gute Excel- und Reporting-Kenntnisse; Erfahrung mit BI-Tools sind von Vorteil. - Sie haben fundierte Kenntnisse in CRM-Strukturen, Marketing Automation und Customer Journeys. - Sie sind ein motivierter und kreativer Teamplayer Was nach dem Bewerbungseingang passiert: - Zunächst laden wir dich zu einem 30-45 minutigen Online-Interview mit der Leitung des Fachbereichs und HR ein - Im nächsten Schritt lernen Sie bei einem TKD-Tag vor Ort das Team und die Aufgaben kennen oder - Im nächsten Schritt lernen Sie in einem weiteren einstündigen Online-Termin einen Teil des Teams und die Aufgaben kennen. - Innerhalb einer Woche erhalten Sie unsere Rückmeldung Was benötigen wir von Ihnen: Wir freuen uns über Ihre aussagekräftige Bewerbung inkl. Lebenslauf und Arbeitszeugnisse. Bitte geben Sie bei Ihrer Bewerbung das mögliche Startdatum und Ihre Gehaltsvorstellung an. Bewerben Sie sich jetzt über unsere Karriereseite: https://www.tkdeutschland.de/karriere To apply: https://weworkremotely.com/remote-jobs/tkd-solutions-crm-manager-gtm-systems-manager-m-w-d",https://weworkremotely.com/remote-jobs/tkd-solutions-crm-manager-gtm-systems-manager-m-w-d,We Work Remotely
Aura: DevOps Engineer,,,,,"Thu, 18 Jun 2026 17:19:22 +0000","Headquarters: Remote Poland URL: http://aura.com Aura is on a mission to create a safer internet. In a world where our lives are increasingly online, Aura's category-defining suite of intelligent digital safety products help millions of customers protect themselves against digital threats, and that number is growing rapidly. This is an exciting phase at Aura, and our team of over 400 people worldwide is guided by a leadership slate that's successfully grown startups into multi-billion dollar organizations. Come build with us! DevOps Engineer About the Role: We are looking for a DevOps engineer with a passion for infrastructure as code. We create tools used by all of Aura and we take pride in building at a massive scale. We help with every aspect of the software development lifecycle within Aura, and are thought leaders guiding teams to a consistent and stable future. Day to Day: Create tools for use by all of Aura in multiple languages and paradigms. EG Serverless / Containers. Doesn’t mean you have to have experience with all of these, but a willingness to learn, and a willingness to dive in Investigate better ways to enable teams to deploy and manage networks and product deployments Assist with deployments using Terraform and GH Actions Debug cloud issues when development teams need assistance Offer design assistance for teams trying new stuff. Help offer vision and strategic optimization to ensure we move forward quickly, and securely What you bring to the table: 3 - 5 years of experience Passion for cloud computing and a helpful and curious attitude Experience writing Infrastructure as code Experience with any programming language An eye for detail A willingness to engage with multiple teams to solve problems Ownership It would be great if you also had: Experience with Serverless or Containerized Deployments Logging and Monitoring strategies at scale Especially Cloudwatch and Grafana Experience with Python or Typescript Experience with a data lake or large data ETL infrastructure Experience optimizing costs in cloud Aura is proud to be an equal employment workplace. All qualified applicants will be considered for employment without regard to, and will not be discriminated against based on race, color, ancestry, national origin, religion, age, sex, gender, marital status, sexual orientation, gender identity, disability status, veteran status, or any protected category. Beyond equal employment opportunity, Aura is committed to being an inclusive community where all feel welcome. Aura is dedicated to providing an accessible environment for all candidates during the application process and for employees during their employment. If you need accessibility assistance and/or a reasonable accommodation due to a disability, please let your Talent Acquisition Partner know. Important privacy information for United States based job applicants can be found here . To apply: https://weworkremotely.com/remote-jobs/aura-devops-engineer",https://weworkremotely.com/remote-jobs/aura-devops-engineer,We Work Remotely
"Liquibase: Sales Engineer (Remote, US Based)",,,,,"Thu, 18 Jun 2026 17:19:22 +0000","Headquarters: Remote URL: http://liquibase.com Overview Liquibase is the leader in the database release automation segment of the more broadly defined DevSecOps market. Downloaded more than 100 million times, the open-source software enables DevSecOps teams around the globe to accelerate the software delivery process by automating database updates. At Liquibase, you can expect to revel in high growth across the board — in the number of customers we support, in the experiments we run, in the scope and complexity of our technical projects, and the list goes on. Liquibase is hiring a Sales Engineer in the United States, East Coast preferred to overlap with our EMEA team, to manage the technical side of our Enterprise prospects. The ideal candidate has a passion for engaging prospects in a compelling conversation about their business and technical needs, with proven experience in enterprise software sales. They are excited to work alongside Liquibase sales executives to formulate sales strategies, drive discovery of technical and business requirements and manage all technical aspects of the sale. Beyond technical skill, we value character, honesty, curiosity, and a strong work ethic. We’re looking for someone who collaborates naturally, steps up when others need help, and approaches challenges with humility and persistence. At Liquibase, great teammates make great outcomes. What you’ll be doing: Actively working with Regional Sales Managers to develop account plans combining business & technology strategies. Taking accountability for all technical issues during a pre-sales engagement with potential customers. Managing the ""technology"" side of the sales process developing technical strategies and tactics for Liquibase solutions, resolving all technology issues throughout an enterprise sales cycle. Developing & delivering customer-specific solution-oriented presentations and demonstrations. Demonstrating Liquibase solutions and technology to all levels within an organization. Developing strategies, manage and assist execution of solution evaluations proving your solution actually fulfills the business objectives & technical requirements. Understanding prospects’ business processes, information flows, business/technical issues and challenges, and competitive pressures. Uncovering specific business/technical problems and design solutions that link to clearly defined business value by applying Liquibase products toward solving those problems. Architecting innovative solutions leveraging 3rd party and Liquibase technologies that lead to new use cases and revenue opportunities. Remaining a current contributor to team-learning initiatives and activities. Must Haves: Business: BA/BS Degree - Computer Science, EE, or MIS preferred (Bachelor's Degree required) 5+ years of successful pre-sales experience at an enterprise software company thus having a deep understanding of the sales lifecycle for enterprise software Experience running proof-of-value engagements focused on measurable customer outcomes, not just feature validation Experience working within a sales organization and being responsible for the technical aspects of the sales cycle Excellent communication, presentation, organization, and time management skills. Ability to travel up to 35% Located in the United States, East Coast preferred Technical: ​​Strong knowledge of DevOps/Agile processes Experience with cloud computing and related technologies and practices Experience with two or more database platforms: Oracle, Microsoft SQL Server, MySQL, PostgreSQL, MongoDB, etc. Experience with one or more scripting languages - shell, Ruby, Groovy Experience with Windows and Linux systems Source Code Management: Git, Subversion, TFS, etc. Build Automation: Jenkins, Gitlab runners, Github Actions, etc. Deployment Automation: Azure DevOps Release Pipelines, Harness.io, Octopus Deploy, etc. Partner with Product Management to provide customer feedback on enterprise requirements and influence roadmap priorities Nice to Haves: Database application development experience Collaborate with Marketing to refine value messaging and technical positioning Liquibase or other database schema management tools Experience with modern cloud and Kubernetes application environments Be able to run and/or contribute to webinars Perks of life at Liquibase: Remote First culture, potential for company-wide in-person gatherings Home office allowance for remote workers Meaningful equity (US only) Comprehensive health, vision, and dental benefits - country dependent Generous paid time off and paid holidays 401K matching (US only) No punks, no jerks culture Growth opportunities and ability to move up within the company We take pride in: A transparent and collaborative team environment. We value multiple perspectives and fresh thinking. Our entrepreneurial culture. We provide every employee the opportunity to make a meaningful impact. Providing the opportunity to work with new technologies and learn from experienced professionals. How organizations, large and small, use DevOps to drive developer agility and accelerate software delivery. Company Overview - We are Liquibase A career at Liquibase means joining a quickly growing company on the front lines of the DevOps space. Our vision is to be the easiest, safest, and most powerful community-led database change management solution. As companies of all sizes continue to adopt an agile methodology and DevOps practices, there is a growing realization that the database needs to be considered as part of this innovation process. At Liquibase, we foster a culture rooted in the open-source values of freedom, choice, transparency, and meritocracy. These are not just fashion labels here, but sincere convictions, and you’ll see that reflected in the way we operate daily. We’re caffeinated, collaborative & confident experts, eager to solve the most challenging database CI/CD problems for our customers. Want to help the software world move faster? You’ve found the right place. Eligible candidates may be subject to criminal history checks, which will be conducted and used in accordance with applicable local, state, and federal law. To apply: https://weworkremotely.com/remote-jobs/liquibase-sales-engineer-remote-us-based",https://weworkremotely.com/remote-jobs/liquibase-sales-engineer-remote-us-based,We Work Remotely
Philips Deutschland: 581321 DevOps Engineer Testing (all genders),,,,,"Thu, 18 Jun 2026 17:19:22 +0000","Headquarters: Böblingen, BADEN_WUERTTEMBERG, 71034, Germany URL: http://philips.com **In dieser Rolle hast du die Chance**, die Software‑Verifikation der Philips Patientenmonitor‑Plattform aktiv mitzugestalten und kontinuierlich zu verbessern. Du arbeitest eng mit globalen Teams aus Software‑ und Hardware‑Verifikation, Softwareentwicklung, Systems Engineering und Quality Engineering zusammen und leistest damit einen direkten Beitrag zu Qualität, Patientensicherheit und regulatorischer Compliance. **Dein Job:** - Konzeption und Weiterentwicklung der Tool‑Landschaft für das Software‑Testengineering inkl. Definition von Tool‑Anforderungen entlang bestehender Test‑Workflows - Entwicklung und Pflege einer Software‑Reporting‑Umgebung, z. B. für die automatische Generierung von Test‑ und Qualitätsdokumentationen - Sicherstellung der Qualität von Software‑Reporting‑Tools durch die Erstellung und Umsetzung von Tool‑Verifikationsplänen - Definition und Etablierung einer standardkonformen Arbeitsweise für das Software‑Testengineering unter Berücksichtigung regulatorischer Anforderungen und interner Prozesse - Enge Zusammenarbeit und Stakeholder‑Management mit funktionsübergreifenden Teams (u. a. R&D, Projektmanagement, Systems Engineering) - Entwicklung und Vermittlung effizienter Best Practices im Bereich Software‑Testing **Folgendes solltest du mitbringen:** - Abgeschlossenes Studium im Ingenieurwesen, in Informatik oder einer vergleichbaren technischen Fachrichtung - Ausgeprägte analytische, konzeptionelle und kreative Denkweise sowie eine lösungsorientierte Arbeitsweise - Hohe Teamorientierung und Motivation zur persönlichen sowie gemeinsamen Weiterentwicklung - Erfahrung im Bereich Software‑Testing sowie ein starkes Interesse an Testmethoden und ‑prozessen - Kenntnisse in Behaviour Driven Development (BDD) und Testautomatisierung (z. B. Gherkin) - Erfahrung im Systems Engineering (z. B. SysML, Cameo) und Requirements Engineering - Praxis in Testmanagement‑Tools wie TFS / Azure DevOps - Erfahrung im Umgang mit GitHub - Programmierkenntnisse in C#, C++ und/oder Python - Idealerweise Domänenwissen im Bereich Patientenmonitoring oder Medizintechnik - Sehr gute Deutsch‑ und Englischkenntnisse in Wort und Schrift \*\*Philips Benefits für dich:\*\* - Attraktive außertarifliche Vergütung - Jahresurlaub: 30 Tage - Mobilität: Subventioniertes Deutschlandticket, Leasing Möglichkeiten für den privaten Gebrauch (Fahrräder, Autos, Smartphones, …) - Philips University & Philips in Balance: Diverse Angebote im Bereich Gesundheit sowie fachlicher und Persönlichkeitsentwicklung - Philips Pensionskasse: Arbeitgeberfinanzierte Altersvorsorge - Bezahlte Partnerzeit: 2 Wochen bezahlte Zeit für Partner:innen im Zusammenhang mit der Geburt eines Kindes - Philips MyShop: Vergünstigte Philips Produkte - Verpflegung: kostenlose Getränke & günstige Preise in unserer Kantine - Kultur: Duz-Kultur, ein bezahlter Tag für ehrenamtliche Tätigkeit, diverse Team-/Kulturaktionen (zu Nachhaltigkeit, Vielfalt, …), etc. **Wie wir zusammenarbeiten** Wir glauben, dass wir bessere Ergebnisse erzielen, wenn wir zusammen statt getrennt arbeiten. Für unsere Office-Teams bedeutet dies, mindestens 3 Tage die Woche im Büro zu verbringen. **Über Philips** Als Unternehmen für Gesundheitstechnologie steht für Philips das Wohl aller an erster Stelle. Jeder Mensch, wo auch immer auf unserem Planeten, verdient eine erstklassige Gesundheitsversorgung. Die Gewährleistung von Patientensicherheit und Qualität ist oberste Priorität in unserer täglichen Arbeit. Daran glauben wir und dafür stehen wir morgens auf. Mach auch du den Job deines Lebens, um das Leben anderer zu verbessern. - Mehr über [unser Business](https://www.philips.com/a-w/about.html) erfährst du hier. - Entdecke [unsere reiche und bewegte Geschichte](https://www.philips.com/a-w/about/our-history.html). - Erfahre mehr über [unsere Vision](https://www.philips.com/a-w/about/environmental-social-governance/our-purpose). Wenn du an diesem Job interessiert bist, bewirb dich auch wenn du noch nicht alle Anforderungen erfüllst. Vielleicht bist gerade du genau richtig für diesen oder einen anderen Job bei Philips. Wir bei Philips fördern Chancengleichheit. Alle qualifizierten Kandidat:innen werden unabhängig von Hautfarbe, Religion, Alter, Geschlecht, sexueller Orientierung, nationaler Herkunft, Glaube, Staatsbürgerschaft, Behinderung oder Familienstand gleichermaßen in unserem Auswahlprozess berücksichtigt. Über unser Engagement für Diversität und Inklusion erfährst du [hier](https://www.careers.philips.com/global/en/diversity-and-inclusion). Weitere Informationen findest du in unserer [Inclusion and Diversity Policy](https://www.careers.philips.com/global/en/diversity-and-inclusion). Möchtest du mehr über unser Commitment zu den Menschrechten erfahren dann empfehlen wir dir [diesen Bericht](https://www.philips.com/a-w/about/news/archive/features/2022/20221208-philips-human-rights-report-2022.html). To apply: https://weworkremotely.com/remote-jobs/philips-deutschland-581321-devops-engineer-testing-all-genders",https://weworkremotely.com/remote-jobs/philips-deutschland-581321-devops-engineer-testing-all-genders,We Work Remotely
Air Apps: DevOps Engineer Mobile,,,,,"Thu, 18 Jun 2026 17:19:22 +0000","Headquarters: Amsterdam URL: http://airapps.com About Air Apps At Air Apps, we believe in thinking bigger and moving faster. We’re a family-founded company on a mission to create the world’s first AI-powered Personal & Entrepreneurial Resource Planner (PRP), and we need your passion and ambition to help us change how people plan, work, and live. Born in Lisbon, Portugal in 2018 and now with offices in both Lisbon and San Francisco, we’ve remained self-funded while reaching over 100 million downloads worldwide. Our long-term focus drives us to challenge the status quo every day, pushing the boundaries of AI-driven solutions that truly make a difference. Here, you’ll be a creative force, shaping products that empower people across the globe. Join us on this journey to redefine resource management and change lives along the way. This is a fully onsite position , based at our office in Lisbon, where you will collaborate closely with cross-functional teams in person and contribute to a dynamic and fast-paced environment. We are open to support with relocation efforts. The Role As a DevOps Engineer – Mobile , you will play a crucial role in streamlining the delivery, integration, and performance of our iOS and Android mobile apps. You'll help shape and maintain the infrastructure, CI/CD pipelines, and automation processes that enable our mobile engineering teams to ship faster and more reliably. Your work will directly impact millions of users worldwide by ensuring high availability, rapid deployment, and top-tier performance. Responsibilities Design, implement, and maintain robust CI/CD pipelines tailored for mobile app development (iOS and Android). Automate build, test, and deployment workflows across multiple environments. Manage cloud infrastructure to support mobile backend services and tooling. Collaborate with mobile developers to ensure efficient release cycles and fast feedback loops. Optimize the performance, reliability, and scalability of mobile-specific infrastructure and build systems. Integrate monitoring, logging, and alerting for mobile services and CI/CD systems. Enforce mobile app security best practices , including certificate management, secrets handling, and signing processes. Support infrastructure as code (IaC) practices using tools like Terraform . Continuously evaluate and implement emerging DevOps tools and practices to improve mobile development workflows. Requirements Around 3+ years of experience in DevOps , with a strong emphasis on mobile app pipelines and automation. Proficiency with mobile CI/CD tools (e.g., GitHub Actions, Bitrise, fastlane, CircleCI, or GitLab CI). Experience in building and distributing iOS and Android applications in scalable environments. Familiarity with Apple Developer tools (Xcode, provisioning profiles, code signing) and Google Play Store pipelines. Hands-on experience with cloud platforms such as GCP, Azure, or AWS. Experience with Docker, Kubernetes , or similar containerization and orchestration systems. Strong scripting skills in Bash, Python, or similar languages. Understanding of mobile-specific security practices (e.g., certificate management, secure storage). Familiarity with monitoring and logging tools like Prometheus, Grafana, or Datadog. Experience working in Agile or cross-functional teams with a product-driven mindset . Why Join Air Apps? Apple hardware ecosystem for work. Annual Bonus Top-tier Health and Life Insurance for peace of mind. Transportation Budget to support your commute needs. Coverflex benefits package for meal allowances, well-being, and more. Childcare support. Air Conference - an opportunity to meet the team, collaborate, and grow together. Pension Fund to support your long-term financial planning. Urban Sports Club membership to keep you active. Meals 100% free at the hub. Diversity & Inclusion At Air Apps, we are committed to fostering a diverse, inclusive, and equitable workplace. We enthusiastically welcome applicants from all backgrounds, experiences, and perspectives. We celebrate diversity in all its forms and believe that varied voices and experiences make us stronger. Application Disclaimer At Air Apps, we value transparency and integrity in our hiring process. Applicants must submit their own work without any AI-generated assistance. Any use of AI in application materials, assessments, or interviews will result in disqualification. To apply: https://weworkremotely.com/remote-jobs/air-apps-devops-engineer-mobile",https://weworkremotely.com/remote-jobs/air-apps-devops-engineer-mobile,We Work Remotely
1Password: Senior Web Developer,,,,,"Thu, 18 Jun 2026 02:19:12 +0000","Headquarters: Remote (United States | Canada) URL: http://1password.com 1Password is growing. We’ve surpassed $400M in ARR and we’re continuing to accelerate, earning a spot on the Forbes Cloud 100 for four years in a row and teaming up with iconic partners like Oracle Red Bull Racing. About 1Password At 1Password, we’re building the foundation for a safe, productive digital future. Our mission is to unleash employee productivity without compromising security by ensuring every identity is authentic, every application sign-in is secure, and every device is trusted. We innovated the market-leading enterprise password manager and pioneered Unified Access Management, a new cybersecurity category built for the way people and AI agents work today. As one of the most loved brands in cybersecurity, we take a human-centric approach in everything from product strategy to user experience. Over 180,000 businesses, from Fortune 100 leaders to the world’s most innovative AI companies, trust 1Password to help their teams securely adopt the SaaS and AI tools they need to do their best work. If you're excited about the opportunity to contribute to the digital safety of millions, to work alongside a team of curious, driven individuals, and to solve hard problems in a fast-paced, dynamic environment, then we want to hear from you. Come join us and help shape a safer, simpler digital future. The Web Engineering team builds and maintains 1Password's main Marketing website ( 1password.com ) to help showcase campaigns, new features, and the incredible work being done here at 1Password. We're at a pivotal point in our journey with the website and are looking for an experienced Senior Web Developer to bring their expertise, drive, and passion to help us continue to grow and evolve the platform. You will work with Product, Design, Content, SEO, Digital Web Experience, and other Marketing and Engineering teams to deliver the next generation of our web presence. How we’re using AI today On the Marketing team, we’re growing our AI capability together and redesigning how work gets done. We’ve built agents to improve workflows focused on competitive intelligence, content creation, and campaign planning, helping us stay sharp, reduce context-switching, and surface the right information at the right time. AI helps us coordinate, execute, and uncover insights faster so we can spend more time on what’s most important: performance, judgement, and driving the future of 1Password. This is a remote opportunity within Canada and the US. What we're looking for: 4+ years of experience designing and building complex, production-grade client-side web applications, from initial planning through to deployment Advanced production experience with TypeScript, React, Next.js, CSS frameworks and component libraries Experience working with CI/CD pipelines (GitHub Actions), automations, and AI-assisted development tools Experience contributing to the evolution and scalability of web platforms, including large-scale migrations, web performance optimization, technical SEO, headless CMS, and frontend architecture The ability to set the technical vision for a project, contribute to the team's roadmap, and proactively make sound, independent technical decisions even in ambiguous or fast-moving environments Experience being a technical partner in planning, executing, and shipping features in close collaboration with cross-functional teams and stakeholders Experience shipping quality software quickly, focusing on customer value and iteration Ability to offer constructive feedback through code reviews and a genuine interest in mentoring junior and intermediate developers Bonus points for: Experience with Contentful CMS Experience with Marketing Technologies and integrations, journeys and metrics (Marketo, Chatbots, B2B, B2C, Bounce Rates, Pageviews, etc.) What you can expect: Partnering with cross-functional teams to help prioritize work that balances product requirements, customer value, and technical needs Leading the technical design and implementation of features, platform improvements, and large-scale migrations across the Marketing website Owning end-to-end delivery of medium-to-large projects, from scoping and planning through to production Making informed technical decisions within your projects and documenting solutions and architectural designs Writing code with a focus on reliability, quality, and durability Contributing to a team culture of shared ownership, continuous improvement, and constructive feedback Helping others level up their skills through mentoring, coaching, and code review Proactively seeking opportunities to expand your technical knowledge and grow your leadership skills USA-based roles only: The annual base salary for this role is between $153,000 USD and $214,000 USD, plus immediate participation in 1Password's benefits program (health, dental, 401k and many others), utilization of our generous paid time off, an equity grant and, where applicable, participation in our incentive programs. Canada-based roles only: The annual base salary for this role is between $144,000 CAD and $202,000 CAD, plus immediate participation in 1Password’s generous benefits program (health, dental, RRSP and many others), utilization of our generous paid time off, an equity grant and, where applicable, participation in our incentive programs. At 1Password, we approach each individual's compensation with a promise of fair market value and internal equity commensurate with experience and specific skill set. This posting is for an existing vacancy. Our culture At 1Password, we prioritize collaboration, clear and transparent communication, receptiveness to feedback, and alignment with our core values: keep it simple, lead with honesty, and put people first. You’ll be part of a team that challenges the status quo, and is excited to experiment and iterate in search of the best solution. That said, 1Password is not for everyone . Our work is demanding, we strive for excellence, and the pace is fast. We need people who are keen to take on challenging problems, who seek feedback to grow, and who are driven to make an impact. If you're looking for a place where you can settle into a comfortable routine, this might not be the right fit for you. We’re looking for individuals who are proven experts in their fields, as well as those who are highly adaptable, can thrive in ambiguity and through change, are curious, and above all deliver results. How we work with AI We are committed to leveraging cutting-edge technology—including AI—to achieve our mission. We also understand that thinking critically about AI in its current forms will help us create better solutions for our customers and ourselves with its future forms, which will help us continue to close the gap between security and privacy and achieve our mission. We want team members at all levels to take the approach of actively learning AI best practices, identifying opportunities to apply AI in meaningful ways, and driving innovative solutions in their daily work. Embracing the future of AI isn't just encouraged—it's an essential part of how we will be successful at 1Password. This approach extends to our hiring process—candidates are welcome to use AI tools responsibly and thoughtfully during the application process. Our approach to remote work We believe in the power of remote work, but recognize that in-person connection is important to help us achieve our mission. While we are a remote-first company, travel for in-person engagement is a part of almost all roles, and we require our employees to be ready and willing to take part. Frequency will depend on role and responsibilities, and may include, but is not limited to: annual department-wide offsites, team meetings, and customer/industry events. What we offer We believe in working hard, and rewarding that hard work through our benefits. While not an exhaustive list, here is a glance at what we currently offer: Health and wellbeing 👶 Maternity and parental leave top-up programs 🩺 Competitive health benefits 🏝 Generous PTO policy Growth and future 📈 RSU program for most employees 💸 Retirement matching program 🔑 Free 1Password account Community 🤝 Paid volunteer days 🏆 Peer-to-peer recognition through Bonusly 🌎 Remote-first work environment *Some roles in our GTM team are currently being hired for in-person hybrid work in Toronto and Austin. These roles will specify on the posting. You belong here. 1Password is proud to be an equal opportunity employer. We are committed to fostering an inclusive, diverse and equitable workplace that is built on trust, support and respect. We welcome all individuals and do not discriminate on the basis of gender identity and expression, race, ethnicity, disability, sexual orientation, colour, religion, creed, gender, national origin, age, marital status, pregnancy, sex, citizenship, education, languages spoken or veteran status. Be yourself, find your people and share the things you love. Accommodation is available upon request at any point during our recruitment process. If you require an accommodation, please speak to your talent acquisition partner or email us at nextbit@agilebits.com and we’ll work to meet your needs. Remote work is a part of our DNA. Given that our company was founded remotely in 2005, we can safely say we're experts at building remote culture. That said, remote work at 1Password does mean working from your home country. If you've got questions or concerns about this, your talent partner would be happy to address them with you. Successful applicants will be required to complete a background check that may consist of prior employment verification, reference checks, education confirmation, criminal background, publicly available social media, credit history, or other information, as permitted by local law. 1Password uses artificial intelligence (AI) and machine learning (ML) technologies, including natural language processing and predictive analytics, to assist in the initial screening of employment applications and improve our recruitment process. See here for the latest third party bias audit information. If you prefer not to have your application assessed using AI/ML features, you may opt out by completing this form . For additional information see our Candidate Privacy Notice . To apply: https://weworkremotely.com/remote-jobs/1password-senior-web-developer",https://weworkremotely.com/remote-jobs/1password-senior-web-developer,We Work Remotely
Solar Secure Solutions: Web Development Intern,,,,,"Thu, 18 Jun 2026 02:19:12 +0000","Headquarters: Bangalore, India URL: http://solarsecure.in Solar secure Solutions is a Web Development & Designing company with its headquarter in New Delhi India and started it's operation in 2018. We provide a variety of tools to the businesses to grow and increase their productivity like Web Designing, SEO, Digital Marketing and promotion, Logo Design, Content writing etc. We are a fast growing company so opportunities are more. Tasks: Creating New website from the scratch. Redesigning and rebuilding the old websites. Creating Sitemaps and designing Wireframes. Managing workspaces along working with teams. Create effective content & ensuring user engagement. Working on Front-End to create interactive User Interface (UI). Building Easy Navigation to create solid User Experience (UX). Working on Back-End to ensure Fast and Error-free loading of website. Requirements: A PC or Laptop with decent internet speed. Good understanding of English language. Any Graduate with a desire to become a web developer. Freshers are welcomed. Knowledge of HTML, CSS and JavaScript is a plus but NOT mandatory. Fresher are welcomed. You will get proper training also, so don't hesitate to apply if you don't have any coding background. Benefits: Internship Certificate Letter of recommendation Stipend Performance Based Part time work from home 10Am to 06PM 5 days a week, Fully Flexible Shift Click here to get full details and ENROLL NOW : https://solarsecure.in/full-stack-web-development/ To apply: https://weworkremotely.com/remote-jobs/solar-secure-solutions-web-development-intern",https://weworkremotely.com/remote-jobs/solar-secure-solutions-web-development-intern,We Work Remotely
Remote VA: Web Developer & AI Specialist,,,,,"Thu, 18 Jun 2026 02:19:12 +0000","Headquarters: Central Luzon, Philippines URL: http://remoteva.ph Description Job Description: Web Developer & AI Specialist Position Overview We are seeking a highly skilled Web Developer & AI Specialist to design, develop, and maintain advanced web applications while integrating artificial intelligence solutions. The ideal candidate will have strong expertise in modern web technologies, automation, and AI frameworks, with hands-on experience in Claude code, Docker, Next.js, GitHub, and PostgreSQL . This role requires creativity, technical proficiency, and the ability to deliver scalable solutions that enhance user experience and operational efficiency. Key Responsibilities Develop and maintain web applications using Next.js and other modern frameworks. Implement and optimize AI-driven features, including automation workflows and Claude code integrations. Design, configure, and manage containerized applications using Docker . Collaborate with cross-functional teams to integrate AI solutions into web platforms. Manage version control, code reviews, and collaborative development using GitHub . Design and maintain relational databases with PostgreSQL , ensuring data integrity and performance. Troubleshoot, debug, and optimize applications for speed, scalability, and security. Stay updated with emerging technologies in web development and AI to propose innovative solutions. Work Schedule Monday to Friday, 11:00 AM – 7:00 PM EST Qualifications Education & Experience Bachelor’s degree in Computer Science, Information Technology, Engineering, or related field preferred. Minimum of 3 years of professional experience in web development. Demonstrated experience in AI integration and automation projects. Technical Skills Proficiency in Next.js and modern JavaScript/TypeScript frameworks. Strong knowledge of Claude code and AI-driven automation tools. Hands-on experience with Docker for containerization and deployment. Expertise in GitHub workflows, branching strategies, and collaborative coding practices. Solid understanding of PostgreSQL database design, optimization, and management. Core Competencies Analytical problem-solving and debugging skills. Ability to work independently and in collaborative team environments. Strong communication skills for technical and non-technical stakeholders. Commitment to continuous learning and innovation in web and AI technologies. To apply: https://weworkremotely.com/remote-jobs/remote-va-web-developer-ai-specialist",https://weworkremotely.com/remote-jobs/remote-va-web-developer-ai-specialist,We Work Remotely
Remote VA: Web Developer (BigCommerce Experience Required),,,,,"Thu, 18 Jun 2026 02:19:12 +0000","Headquarters: Philippines URL: http://remoteva.ph Description Are you a detail-oriented web developer with experience in BigCommerce? We're looking for a talented and motivated individual to update and maintain our company website. You’ll work closely with our remote team to ensure a smooth, visually appealing, and high-converting online presence. Job Responsibilities: -Maintain and update the existing website on BigCommerce -Implement design and content updates as needed -Troubleshoot bugs and ensure website performance and security -Optimize site for speed, mobile responsiveness, and SEO -Collaborate with other remote team members as needed Requirements Requirements: -Proven experience working with BigCommerce -Strong understanding of HTML, CSS, JavaScript, and responsive web design -Ability to work independently and manage time efficiently -Portfolio showcasing previous work on web development projects, especially BigCommerce-based sites -Excellent communication skills Tools You'll Use: -BigCommerce -Any relevant front-end web development tools Benefits Benefits: -Work from the comfort of your home -Consistent weekday schedule (9 AM – 5 PM EST) -Opportunity to grow within a remote team environment Salary: $700 USD / month Send your CV and portfolio to: 📧 mondilla.jay03@gmail.com To apply: https://weworkremotely.com/remote-jobs/remote-va-web-developer-bigcommerce-experience-required",https://weworkremotely.com/remote-jobs/remote-va-web-developer-bigcommerce-experience-required,We Work Remotely
MRIoA: Web Developer (Remote),,,,,"Thu, 18 Jun 2026 02:19:12 +0000","Headquarters: Salt Lake City, Utah, United States URL: http://mrioa.com Who We Are - Motivated by Purpose. Powered by Clinical Expertise. Founded in 1983, we’re a clinically driven, tech-enabled utilization management company offering expert clinical reviews, regulatory guidance, and actionable insights to healthcare organizations. Excellence starts with our people. ﻿We Offer A competitive compensation package Benefits include healthcare, vision, and dental insurance A generous 401(k) match Paid vacation, PTO, and holidays Growth and training opportunities An award-winning remote work environment Position Summary: Staff-level software engineer responsible for designing, developing, and maintaining modern web applications using full-stack technologies. This role leverages AI-assisted development tools (e.g., Claude Code, Gitlab Duo) alongside traditional engineering practices to deliver high-quality, secure, and scalable software solutions in a regulated healthcare environment. Roles Develop, maintain, and deploy full-stack web applications Build user interfaces using React and modern frontend technologies Develop backend services using NodeJS and Python (APIs, microservices) Support application hosting, server management, and deployment pipelines Utilize AI-assisted coding tools to enhance development efficiency and quality Major Responsibilities or Assigned Duties: Design, implement, test, document, and maintain software applications aligned with coding standards and industry best practices Develop scalable APIs and backend services using NodeJS and Python Build responsive, accessible UI components using React Collaborate with stakeholders to define system scope, requirements, and design solutions Document, investigate, prioritize, and resolve software defects Monitor, analyze, and enhance application performance and reliability Contribute to CI/CD pipelines, automated testing, and DevOps practices Research and recommend improvements to tools, frameworks, and development processes Ensure adherence to security, privacy (PHI/HIPAA), and compliance standards Complete other duties as assigned AI-Assisted Development & Coding Tools Usage Actively use AI-powered coding assistants (e.g., Claude Code, Gitlab Duo, etc.) throughout the development lifecycle Apply AI tools to Generate and refactor code Accelerate debugging and root cause analysis Create unit tests and documentation Assist in architectural and design decisions Improve development speed while maintaining accuracy, maintainability, and security Engineering Expectations Treat AI-generated content as advisory, not authoritative Perform thorough validation, testing, and code review of all AI-assisted output Ensure generated code meets: Coding standards, Secure coding practices, Performance and scalability requirements Demonstrate ability to refine prompts and evaluate outputs critically Secure & Compliant AI Usage Do not input sensitive data into AI tools, including: Protected Health Information (PHI), Personally Identifiable Information (PII). & Proprietary or confidential logic Use only organization-approved AI tools and environments Comply with all data security, privacy, and regulatory policies Governance & Audit Readiness Maintain traceability of AI-assisted contributions where required: Clear commit messages, Documentation of AI-assisted design or code decisions Be prepared to demonstrate: Human validation of outputs, and Compliance with security and development standards Support organizational standards for responsible AI usage Continuous Improvement Identify opportunities to improve delivery through AI-assisted workflows Share best practices, prompt designs, and learnings across the team Contribute to development of AI usage guidelines and reusable accelerators Risk Awareness Identify and mitigate risks from AI-generated output, including: Incorrect or incomplete logic, Security vulnerabilities, and Licensing or compliance concerns Escalate concerns related to AI that may impact security, compliance, or reliability Hard Skills 2+ years of web development experience Proficiency in JavaScript Proficiency in Python Proficiency in NodeJS Familiarity with modern web architecture Familiarity with API development Experience deploying solutions on cloud platform Experience with React (Advantage) Experience with AI-assisted coding tool (Advantage) Experience with Claude (Advantage) Experience deploying solutions on cloud platforms Familiarity with containerization and orchestration Proficiency in Windows C++ Experience with FastAPI or Django (Advantage) Education Bachelor’s degree in Computer Science, Engineering, or Information Technology, or an equivalent combination of education and relevant experience. Work Environment: Ability to sit at a desk, utilize a computer, telephone, and other basic office equipment is required. This role is designed to be a remote position (work-from-home). Diversity Statement: Diversity creates a healthier atmosphere: All qualified applicants will receive consideration for employment without regard to race, color, religion, sex, age, national origin, protected veteran status, disability status, sexual orientation, gender identity or expression, marital status, genetic information, or any other characteristic protected by law. Drug-Free Workplace: This company is a drug-free workplace. All candidates are required to pass a Background Screen before beginning employment. All newly hired employees will take a Drug Screen, as well as agreeing to all necessary Compliance Regulations on their first day of employment. Employees are required to adhere to all applicable HIPAA regulations and company policies and procedures regarding the confidentiality, privacy, and security of sensitive health information. California Consumer Privacy Act (CCPA) Information (California Residents Only): Sensitive Personal Info: MRIoA may collect sensitive personal info such as real name, nickname or alias, postal address, telephone number, email address, Social Security number, signature, online identifier, Internet Protocol address, driver’s license number, or state identification card number, and passport number. ﻿Data Access and Correction: Applicants can access their data and request corrections. For questions and/or requests to edit, delete, or correct data, please email the Medical Review Institute at HR@mrioa.com. To apply: https://weworkremotely.com/remote-jobs/mrioa-web-developer-remote",https://weworkremotely.com/remote-jobs/mrioa-web-developer-remote,We Work Remotely
AHU Technologies: SDET / Automated QA Engineer- Seattle WA,,,,,"Thu, 18 Jun 2026 02:18:33 +0000","Headquarters: Fully Remote - US URL: http://ahutech.com Job Description The SDET's responsibilities include writing automated tests and focuses on the testability, robustness, and performance of software. As such, an SDET is a test professional with programming skills who can create automation testing tools and frameworks, and add to the ever- growing suite of regression tests, and tests required for promoting from lower to higher environments. To be successful as an SDET, you should have excellent time management and organizational skills as well as effective communication skills. You should have a passion for designing, development, and testing and the ability to upgrade your technical skills within the constantly changing technology sector. Principal Duties and Responsibilities: ? Understanding the flow of code and how it interacts with different components. ? Understanding project documents, customer demands, and product objectives to create and execute test cases. ? Setting up, maintaining, and performing test automation frameworks on multiple application platforms, such as Web, cloud, front-end, and back-end (integration), and building test scenarios and acceptance tests. ? Investigating customer problems referred to you by the technical support team, testing bugs, and creating and managing bug reports. ? Handling technical communications and understanding the customers' systems. ? Working with deployments teams, resolving level issues for systems, coordinating on product design, and offering inputs on the testability of functional elements and product designs. ? Noting all testing actions, you have performed in daily and weekly reports. ? Analysing and disintegrating software systems and coordinating with other teams to enhance the overall design. ? Researching test tools, methodologies, and trends and upgrading existing practices and processes. ? Managing the final quality on production release. This is a remote position. About Us AHU Technologies INC. is an IT consulting and permanent staffing firm that meets and exceeds the evolving IT service needs of leading corporations within the United States. We have been providing IT solutions to customers from different industry sectors, helping them control costs and release internal resources to focus on strategic issues. AHU Technologies INC. was co-founded by visionary young techno-commercial entrepreneurs who remain as our principal consultants. Maintaining working relationships with a cadre of other highly skilled independent consultants, we have a growing number of resources available for development projects. We are currently working on Various projects such as media entertainment, ERP Solutions, data warehousing, Web Applications, Telecommunications and medical to our clients all over the world. To apply: https://weworkremotely.com/remote-jobs/ahu-technologies-sdet-automated-qa-engineer-seattle-wa",https://weworkremotely.com/remote-jobs/ahu-technologies-sdet-automated-qa-engineer-seattle-wa,We Work Remotely
"Kuna: EIT - Civil - Anchorage, AK",,,,,"Thu, 18 Jun 2026 02:18:33 +0000","Headquarters: Anchorage URL: http://kunaeng.com Job Description The Engineer in Training (EIT) is responsible for assisting with a variety of Civil and/or Structural Engineering projects focused on transportation and civil site design in both rural and urban Alaska. The engineer may also assist with field oversight of various civil engineering projects. Responsibilities Work on a variety of Civil and/or Structural Engineering projects depending upon individual’s experience and project requirements. Projects are largely infrastructure and civil site development for both rural and urban environments. Apply standard engineering techniques, standards and criteria. Use engineering judgment and make minor adaptations as required for task completion. Under direct supervision, perform or assist in performing studies, calculations, designs, and preparing reports, plans and specifications. Perform a variety of construction inspection and documentation duties on roadway or civil site construction projects. Develop drawings and models under the direction of a professional civil or structural engineer, on a variety of platforms (AutoCad, Civil3D, Revit, RISA, etc.) This position has no supervisory responsibilities. Other duties that are pertinent to the department or unit’s success also may be assigned. Qualifications Bachelor’s Degree in Civil or Structural Engineering and EIT (FE) certification desired. Experience using AutoCAD, Revit, Civil3D, and/or RISA to prepare engineering plans. Must be proficient in Microsoft Word and Excel. Technical writing and strong communication skills (both oral and written) required. Willing to travel; travel is typically short term in nature or for oversight of on-going construction. Experience with design in northern climates is preferred. A valid driver’s license and acceptable driving record for the past three (3) years to be eligible under company vehicle insurance policy. Working Conditions and Physical Requirements Weather: Indoors - environmentally controlled; requires most or all work to be done inside. Noise level: The noise level in the work environment is usually that of a standard office atmosphere. Description of environment: Office building with standard office environment. Physical requirements: Employee is required to occasionally lift and/or move up to 25 lbs. Frequently required to sit, stand, walk, use hands/fingers to handle or feel, climb, stoop, kneel, crouch or crawl, talk/hear, see, taste/smell, and carry weight/lift. Travel: Employee may travel to remote areas and may be required to use alternative modes of transportation, including but not limited to snow machines, boats, small airplanes and ATVs. Competencies Professional, highly self-motivated, passionate, energetic, creative and strategic thinker. Dedicated to meeting the expectations and requirements of internal and external customers. Mines first-hand customer information, using it to determine how to best maximize the opportunity for Kuna and its clients. Always acts with customers in mind, knows how to establish and maintain effective relationships with customers/prospects and gains their trust and respect. To apply: https://weworkremotely.com/remote-jobs/kuna-eit-civil-anchorage-ak",https://weworkremotely.com/remote-jobs/kuna-eit-civil-anchorage-ak,We Work Remotely
Zensors: Frontend Web Developer React/Typescript (Remote),,,,,"Thu, 18 Jun 2026 02:18:33 +0000","Headquarters: California, San Francisco, United States Of America URL: http://zensors.com We are looking for an experienced Software Developer who is strong in React with an eye for visual design and focus on great user experience. Your day to day will be implementing user experiences in collaboration with our Product Designers, API Developers and other Frontend Developers. You will also be expected to participate in the feature design process with our lean and talented team. Responsibilities & Duties Work on creating an experience that involves complex data heavy web applications Design and UI development for updates, new features bug fixes and new products Evaluate and update platform design standards Staying up to date on emerging design and user experience trends Ability to be self motivated and work in small teams Continuously discover, evaluate and implement new technologies to maximize development efficiency Thrive in a variable and demanding start up environment. Education / Work Experience Required: 3+ years of experience in UI/UX design development 3+ years of experience in responsive design with CSS/SCSS ( strong understanding of cross browser differences & flexbox) 3+ years writing JavaScript single page apps using React or similar framework. Proficient understanding of code versioning tools such as Git Experience scaling front end engineering through component driven development - delivering re-usable modules and efficient web applications. Excellent command over Data structure and Algorithms Ability to stay motivated and work in an independent manner Ability and willingness to work extra hours to meet dead lines and complete projects Experience with Node.js, Docker, and PostgreSQL is a plus About Zensors Zensors provides streams of interconnected, actionable data that can be extracted from a single video feed along with an AI engine that can interpret, optimize, forecast or alert on changes in customer demand, internal staffing and other key service metrics in real time. With vision based deep learning, what was once an expensive, error prone, and time consuming process, has become, cost-effective, and accurate method of collecting and analyzing large amounts of data. Zensors is at the forefront of this modern movement with a unique AI system that provides data collection and analysis 24 hours a day, seven days a week, even in the toughest conditions. Learn more at www.zensors.com To apply: https://weworkremotely.com/remote-jobs/zensors-frontend-web-developer-react-typescript-remote",https://weworkremotely.com/remote-jobs/zensors-frontend-web-developer-react-typescript-remote,We Work Remotely
Hospitable : Staff UI/UX Product Designer (USA/EMEA - Remote),,,,,"Tue, 16 Jun 2026 10:51:37 +0000","Headquarters: United States URL: https://hospitable.com/careers TLDR; We build software for Airbnbs to rent themselves, with a state-of-the-art product and user experience. We have crafted an Applicant Handbook, which we highly recommend you check out, where you can find out more about the company, culture, how we recruit, what we do, and how we do it: https://hsptb.com/hndbk We are bold, like risks, and take on big challenges together. Our customers love the product, provide valuable feedback, and trust us to rapidly help them with more of their problems. Feel free to check out one of our public Town Halls for yourself: https://hsptb.com/twnhll Hospitable.com is a remote-only and fully distributed company. We hire based on timezones, not countries. What you will be working on: As Staff Product Designer, you are destroying complexity as an art form. You will be responsible for leading the design of our platform, ensuring that every interaction is intuitive, every screen is elegant, and every feature is a joy to use. You will play a critical role in shaping the product’s direction, working closely with leadership, and our product and engineering teams to bring your designs to life. To accomplish this, you will: Lead the design process from concept to execution, including user research, wireframing, prototyping, visual design, and interaction design. Develop and maintain a consistent design language and style guide that reflects our brand and product vision. Leverage data, user feedback, and research to refine the user journey. Drive the overall design vision for the product, aligned with the company's long-term strategy and values. Inspire the team with innovative ideas and a commitment to creating a product that users love and remember. Requirements Hospitable.com is a remote-only and distributed company. Your location is not a requirement for this position. The ideal fit would work in a European or American (up to East Coast) timezone. What we are looking for: Leadership: Proven ability to lead design projects and collaborate effectively with cross-functional teams. Experience: Rather than years, very senior experience in UI/UX design for a SaaS product, with a world-class portfolio demonstrating your ability to create delightful, intuitive, and fluid experiences. Skills: You live and breathe in design tools. Nothing exotic: we use Whimsical for mockups, Figma for designs. Creativity: Ability to think outside the box and push conventional design to create something truly differentiated. Communication: Excellent communication skills, with the ability to articulate design concepts and decisions clearly to both technical and non-technical stakeholders. Passion: A deep passion for design, a keen eye for detail and a deep understanding of what makes a product truly exceptional. Attention to detail, keeping in mind that Bobby's favourite ice cream flavour is Salted Butter Caramel Very special kudos if you are a short-term rental/Airbnb host or have been working in a short-term rental business Everything else is a lovely bonus that we're excited to hear about! Benefits The company itself is also a product, one that we iterate on. We're always improving and creating an environment where we all love to work. A supportive, radically transparent, and caring team environment, where you are trusted, not managed—and a culture that is focused on results and output. The total cash budget for this role is between USD $148,000.00 (Senior I) to $206,800.00 (Staff I) depending on seniority and the cost of living in your location. We can hire talent internationally as contractors—or employees if you are based in the United States, the European Union, or Australia, taking into account payroll taxes to determine your gross compensation. The gross salary for US employees could be anywhere between $136,551.16 to $190,802.56. We also offer compensation into the company equity through our $HOST Token (RSU's), with a grant value of up to $75,200, to share in the long-term upside value of the company. Separately, this role is eligible for up to an additional $459,816.00 per year in Performance Share Units (PSUs). These PSUs do not vest over time and are granted only upon the achievement of clearly defined business performance targets. The size and payout of this award are directly tied to measurable outcomes and are intended to strongly align compensation with company impact. For US employees: healthcare (including EPO, PPO and HSA), 401(k). 35 days off per year, encouraged (including self-serve public holidays) and parental leave. Complimentary mental health and emotional support with therapists on call through Slack by Spill . Earn virtual coins through our peer recognition platform and redeem them through gift cards, donations, or monetary rewards. To apply: https://weworkremotely.com/remote-jobs/hospitable-staff-ui-ux-product-designer-usa-emea-remote-1",https://weworkremotely.com/remote-jobs/hospitable-staff-ui-ux-product-designer-usa-emea-remote-1,We Work Remotely
HugeInc: QA Lead,,,,,"Mon, 15 Jun 2026 20:08:05 +0000","Headquarters: Colombia URL: http://hugeinc.com Location: This position is remote within Colombia About Quality Engineering at Huge At Huge, quality assurance is embedded in how products are made, not added on at the end. Our QA practitioners work alongside creative, UX, and engineering teams from the earliest stages of a project, shaping how features are defined, how acceptance criteria get written, and how confidence is built sprint by sprint. The work is as much about clear thinking and close collaboration as it is about finding bugs. Mobile is where this shows up most acutely. Native applications bring a layer of complexity that browser-based testing does not: device variance, platform behavior, commerce flows, scheduling logic, and user expectations that leave no margin for error. The QA Leads who thrive here understand that distinction and use it to set a higher bar for the entire team. Job Description We are looking for a Lead Quality Assurance Analyst to drive the QA function on a native mobile application with live commerce and scheduling capabilities. This is a frontend-focused role: you will design test cases, conduct feature and regression testing against sprint tickets, and bring structure and rigor to a product that real users depend on. You will work closely with design and engineering, and you will support the existing visual regression automation suite as it continues to evolve. This is primarily a delivery role, with a meaningful practice-building dimension. You will set the standard for how quality is defined and measured on this engagement, and you will help grow the QA capability at Huge over time. What you'll be doing Design and execute test cases for new features and sprint tickets, covering UI behavior, user flows, and frontend interactions (iOS & Android) Lead end-to-end and regression testing, ensuring stability across releases Design test scenarios for commerce and scheduling flows (checkout, payments, booking, cancellations, edge cases) Validate data integrity across transactions and UI vs backend consistency Perform testing across multiple devices, OS versions, and network conditions Identify, document, and track defects with clear reproduction steps and severity Contribute to and maintain automation test suites, including visual regression testing Collaborate with engineering, product, and BA to refine acceptance criteria and ensure test coverage Drive test strategy improvements, reducing manual effort through automation Ensure test suite reliability and quality standards across the development lifecycle What we'd like to see A track record of leading QA on native mobile applications, with direct experience testing across iOS and Android in a sprint-based delivery environment. Deep familiarity with frontend testing for mobile: UI behavior, state transitions, navigation flows, and the kinds of visual and interaction defects that show up on device but not in a browser. Hands-on experience testing native commerce flows, including checkout, payment handling, order state management, and error recovery at each step. Experience testing scheduling or appointment-based functionality, with an understanding of the edge cases that time, availability logic, and concurrent users introduce. Comfort working with a visual regression automation suite (Appium framework): running tests, reading results, maintaining coverage, and contributing new scenarios as features ship. Strong test case design skills: the ability to look at an acceptance criterion and produce coverage that is thorough without being redundant, and precise enough for a developer to action a failure report immediately. Experience working closely with product, design, and engineering teams in an integrated delivery model, not as a downstream QA function that receives builds after the fact. Clear, efficient defect communication: well-structured bug reports that include everything a developer needs and nothing they do not. Familiarity with mobile testing tools and device management practices, including how to build and maintain a test matrix that is representative without being unmanageable. An interest in mentorship and practice development: comfortable sharing what you know with less experienced QA contributors and helping the broader team improve. Colombia-based with availability to collaborate with a distributed team across time zones. An eye toward people leadership: ready to take on direct reports as the team grows and the role evolves. MUST HAVE: English level (B2-C1) If the selected candidate holds a degree in Engineering or a related profession, they must present their professional license. To verify your degree requires this license, please visit www.copnia.gov.co and https://www.consejoprofesional.org.co/ . About Huge Huge is a design and technology company. We create products and experiences that grow the world’s most ambitious brands. We do this by designing experiences for people, not users, and uncovering new sources of growth by leveraging our creative talent, our proprietary platform LIVE and unlocking the advantages brought to us by emerging technologies. We believe all experiences should be intelligent, shoppable and unique to every brand. Huge’s nearly 1,000 thinkers, tinkerers, makers and creators, have been problem-solving across North America, Europe, and Latin America for over 25 years. Interested? You’ll find more information at www.hugeinc.com . Huge is committed to creating an inclusive employee experience for all. Regardless of race, gender, religion, sexual orientation, age, disability, or if you’re parenting the next generation of innovators, we firmly believe that our work is at its best when everyone feels free to be their most authentic self. Huge is an equal opportunity employer (EOE). We strongly support diversity in the workforce. We are committed to an inclusive, barrier-free recruitment and selection process and work environment. If you are contacted for a job opportunity, please advise us of any accommodation needed to ensure you have access to a fair and equitable process. Any information received relating to accommodation will be addressed confidentially. Workers shall not be required to pay employers’ or agents’ recruitment fees or other related fees for their employment. If any such fees are found to have been paid by workers, such fees shall be repaid to the worker. #LI-POST #LI-Remote To apply: https://weworkremotely.com/remote-jobs/hugeinc-qa-lead",https://weworkremotely.com/remote-jobs/hugeinc-qa-lead,We Work Remotely
BrowserStack: Manager - Product Design,,,,,"Mon, 15 Jun 2026 20:08:05 +0000","Headquarters: Mumbai Remote URL: http://browserstack.com Who are we and what do we do? BrowserStack is the world’s leading cloud-based software testing platform, empowering over 50,000 customers—including Amazon, Microsoft, Meta, and Google—to deliver high-quality software at speed. Founded in 2011 by Ritesh Arora and Nakul Aggarwal, the company has grown to support more than two million tests daily across 22 global data centers, providing instant access to 35,000+ real devices and browsers. With over 1,200 employees and a remote-first approach, BrowserStack operates at the intersection of scale, reliability, and innovation. Its suite of products spans manual and automated testing, visual regression, accessibility, and test management—all designed to simplify the testing process for modern development teams. Behind the scenes, BrowserStack continues to push the boundaries with AI capabilities like smart test case generation and design, flakiness detection, auto-healing and more —helping teams reduce maintenance overhead, debug faster, and catch issues earlier in the development lifecycle. Recognized for its innovation and growth, BrowserStack has been named to the Forbes Cloud 100 list for four consecutive years. With backing from investors like Accel, Bond, and Insight Partners, the company continues to expand its product offerings and global footprint. Joining BrowserStack means being part of a mission-driven team dedicated to shaping the future of software testing. Location: This is a remote position; however, the role requires the candidate to be based in Mumbai. Role in nutshell: As a Manager of Design (Automation Testing Products Suite) your primary objective is to create efficient, meaningful, and delightful product experiences across our Automation Testing suite. You will set the design direction for our core initiatives, partnering closely with Product, Marketing, and Engineering. At BrowserStack, an AI-first way of working is our primary enabler. You will act as a design leader & an architect, working hands-on to unblock your team and designing the intelligent workflows that allow for rapid, end-to-end feature delivery. Desired experience : Experience Range: 12+ years in Interaction Design, UI/UX, or Product Design, including 3+ years in a design leadership role. Scalability: Proven success leading design for complex, high-scale cloud platforms. Technological Literacy: Deep fluency at the intersection of design systems and engineering, with the ability to architect technical workflows for a modern design team. Prior hands-on development experience Vibe-coding expertise: Comfortable with vibe-coding (Replit /Lovable/ Cursor/ Antigravity / claude code / opencode etc..) complex product workflows & MVPs. Managerial Expertise: Experience leading mid-to-large-scale design initiatives and teams. What will you do? You will contribute to the evolution of a massive, high-scale ecosystem : Automated Testing Products: Leading the charge on products like Automate, App Automate, Test Reporting & Analytics, Load Testing to name a few. Visual Testing: AI-powered visual testing -Percy, App Percy The Future of Design: Shaping our new AI augmented design workflows, Design systems and internal practices. Core responsibilities: AI-led Delivery: Architect and champion agentic workflows to elevate & accelerate the team’s output: from research and prototyping to production-ready code handoffs. Strategic Leadership: Shape product strategy and direction alongside PMs to ensure our automation suite remains the gold standard for developers globally. Ability to derive insights from user interviews, customer feedback, NPS & other sources. Ability to quantify impact, prioritise initiatives and rally support across product and engineering teams to create positive outcomes is key. Hands-on Execution: Act as a ""Player-Coach."" You will execute high-stakes design tasks personally and architect the logic required to solve complex technical UI challenges. Systems & Standards: Evolve design standards and documentation that is consumable by agentic systems & teams to ensure visual and functional consistency across all BrowserStack platforms. Team Mentorship: Lead the planning, execution, and tracking for your team, helping them set development plans and master AI-first ways of working. This role is for you if you possess : A Proactive & Self-Motivated Spirit: You don't wait for a roadmap; you identify bottlenecks and architect solutions to fix them. Radical Resilience: You are comfortable with ambiguity and thrive in a rapid pace of work where managing multiple high-priority sub-efforts is the norm. Deep Tech Passion: You likely have hands-on engineering experience (Frontend or Backend) and are comfortable navigating development tools and processes. Visual Obsession: You have an unwavering eye for tasteful visual design, typography, and the micro-interactions that make a tool ""delightful."" An Appetite for Learning: You are an early adopter of AI technologies and are constantly evolving your craft. An Enduring Sense of Humor: You value a culture of high performance but know how to keep the journey engaging and fun for the team. Benefits: In addition to your total compensation, you will be eligible for following benefits, which will be governed by the Company policy: Medical insurance for self, spouse, upto 2 dependent children and Parents or Parents-in-law up to INR 5,00,000 Gratuity as per payment of Gratuity Act, 1972 Unlimited Time Off to ensure our people invest in their wellbeing, to rest and rejuvenate, spend quality time with family and friends Remote-First work environment that allows our people to work from home Remote-First Allowance for home office setup, connectivity, accessories, co-working spaces, wellbeing to ensure an amazing remote work experience To apply: https://weworkremotely.com/remote-jobs/browserstack-manager-product-design",https://weworkremotely.com/remote-jobs/browserstack-manager-product-design,We Work Remotely
Vodafone: VodafoneThree - Technical Design Authority,,,,,"Mon, 15 Jun 2026 20:08:05 +0000","Headquarters: United Kingdom URL: http://vodafone.com Location: Homebased Salary: Excellent basic salary plus bonus and Vodafone benefits Working Hours: Full time 37.5 hours per week – Monday to Friday Homebased Our homebased working means you’ll work from home almost all the time and come together on certain occasions during the year to be creative, collaborative and simply connect. Our “Office in a Box” home working kit will provide you with everything you need, no matter where you are. Who We Are We’re here to build a network the UK can count on – one that connects people, places and potential. Because no matter where you live, what your background is, or how you get online – we think everyone deserves the same chance to stay connected, and with VodafoneThree, that future’s being built – today. We’re creating more than the UK’s best network. We’re helping close the digital divide, empower communities and drive meaningful progress. We believe that everyone should feel they belong. Whoever you are and whatever your story, there’s space for you here. We’re building a workplace where different perspectives are welcomed, voices are heard, and everyone feels safe to show up as themselves. You’ll join a team that genuinely cares – about each other, about our customers, and about the future we’re building. From day one, you’ll be welcomed, valued and encouraged to bring your whole self to work. Why VodafoneThree Join us and you’ll be at the heart of change. That means building responsibly, investing sustainably and creating opportunities that last. We’re not just expanding connectivity; we’re reimagining what a connected nation looks like. With £11bn invested in 5G and digital infrastructure, your work will directly power businesses, services, and communities across the country. You’ll work on real challenges, with real impact, across every corner of the country. Wherever you join us, whatever your role, you’ll be helping to build a future that works better for everyone. We move at pace, because what we’re building matters – and we’re learning as we go. We’re proud of the progress we’ve made, but we’re just getting started. Join our Vodafone Business Technology Solutions team, where we support businesses of all sizes with world-class technology solutions. We design and develop our Fixed Line solutions, drive efficiency through automation and AI, and implement it all directly with our customers. What you’ll do Working within UK Technology Services, the Fixed Data Services (FDS) team supports the delivery of Vodafone core IP and data products, alongside remote access, transmission build, Layer 1, 2 and 3 testing, and customer reporting activities. The Fixed WAN Technical Design Authority helps design, implement, and continuously improve low-level designs (LLDs) for Vodafone UK enterprise WAN solutions. This role works closely with customers and with colleagues across architecture, sales engineering, delivery, and operations to develop service designs that meet technical requirements and business needs. The role focuses on delivering secure, scalable, and high-performing WAN services that integrate effectively into existing customer environments. Low-Level Design (LLD) Development : Produce detailed low-level design documentation for fixed WAN services, including technologies such as MPLS, IPVPN, SD-WAN, and Dedicated Internet Access (DIA). Design network solutions that integrate with existing WAN environments, aiming to minimise disruption and maximise compatibility for customers. Develop supporting design materials, such as network diagrams where needed, configuration templates, and integration workflows, to support service delivery and operational teams. Broad knowledge across the WAN product suite is important, with the opportunity to deepen expertise in specific products over time. The role holder is expected to be a subject matter expertise in at least one product area already. WAN Network Design & Configuration : Design WAN architectures that meet client needs, focusing on performance, redundancy, security, and scalability. Work on routing protocols like BGP, OSPF, and MPLS VPN. Design connectivity between customer sites, data centres, and cloud platforms, ensuring optimal traffic flow and redundancy. Collaboration & Stakeholder Engagement : Collaborate with internal stakeholders (network architects, sales teams, and project managers) to align design with business needs. Engage with clients to gather technical requirements and provide WAN design consultancy. Work with third-party vendors to ensure integration of hardware and software for WAN deployment. Documentation & Standards : Maintain comprehensive department documentation on design standards, technical solutions, and best practices. Ensure designs align with industry standards and comply with security, privacy, and regulatory requirements. Maintain and update technical LLD templates to reflect new technologies and best practices. Technical Support & Troubleshooting : Assist the operations team in the handover of LLDs, providing technical guidance for deployment and troubleshooting. Support network performance analysis and recommend optimisations to enhance WAN service delivery. Provide technical advice and support during incident resolution and post-incident reviews. Keep abreast of emerging networking technologies, particularly in the WAN space (e.g. SD-WAN, cloud networking). Who you are Degree, HND, relevant certifications, or equivalent practical experience in computer networking, telecommunications engineering, or a related field. Relevant Cisco and/or Juniper professional certifications are desirable. Equivalent hands-on experience in enterprise WAN design, implementation, and support will also be considered. Cisco Certified Internetwork Expert (CCIE) or equivalent advanced technical expertise is advantageous. Worried that you don’t meet all the desired criteria exactly? We know that everyone is unique, with multiple aspects to their identity and different experiences behind them. We are passionate about Inclusion for All and creating a workplace where everyone can thrive, whatever their personal or professional background. If you’re excited about this role but your experience doesn’t align exactly with every part of the job description, we encourage you to apply as you may be the right candidate for this role or another role, and our recruitment team can help you see how your skills fit in. What we offer We care about our people’s success by offering great pay, bonuses, up to 28 days off plus bank holidays, and paid time for charity work. You can personalise our benefits for you and your family, like discounts, vouchers, a pension plan and loads more. We help with your career through our amazing learning tools and top-notch parental leave policies. Need to Know We are regulated by the Financial Conduct Authority and all offers of employment for this role are subject to background checks, including criminal (DBS) and financial checks to meet the regulators standards. If you require any reasonable adjustments or have an accessibility request as part of your recruitment journey, for example, extended time or breaks in between online assessments, a sign language interpreter, or assistive technology, please refer to the Accessibility section of our Careers website ( https://careers.vodafone.com/uk/reasonable-adjustments/ ) for guidance. We use AI in different parts of our business to boost innovation, improve efficiency, and create new opportunities. We know many candidates use AI to fine-tune their CVs or prepare for interviews, but what we really care about is your unique experiences and achievements. During the interview, we want you to rely on your own knowledge and skills to show us who you really are—your personality, creativity, and abilities. Above all, we’re looking for authenticity and can’t wait to get to know the real you. #VodafoneThree #LI-Remote To apply: https://weworkremotely.com/remote-jobs/vodafone-vodafonethree-technical-design-authority",https://weworkremotely.com/remote-jobs/vodafone-vodafonethree-technical-design-authority,We Work Remotely
Bnk To The Future: Graphic & Web Designer,,,,,"Mon, 15 Jun 2026 20:07:47 +0000","Headquarters: Your Laptop!, Remote, Philippines URL: http://bnktothefuture.com Graphic & Web Design Job Summary. We are seeking a highly creative & dynamic professional full time Graphic & Web Designer to join BnkToTheFuture.com (the largest global Online Investment Platform) family and its team. For the right person, the reward is competitive pay, a long term career with great prospects as the company continues to grow. We’re looking for someone who can take direction from written or spoken ideas and convert them seamlessly into images, layouts and other designs. The ideal candidate shall demonstrate an understanding of how marketing campaigns work, especially in the Financial, FinTech, Bitcoin and Technology sector, in order to support our clients effectively. We work in a fast paced environment, so the ideal Graphic Designer will be able to hit the ground running as soon as we bring on new clients or projects. Applicants with experience leading creative teams and designing with other professionals on projects such as video editing, illustration, animation, web design (UX/UI), wireframe designs for websites, will be given prime consideration. If you like taking responsibility and ownership of your work whilst working directly with team members and management, especially if you have previous experience working within a similar role and industry and also if you have hands-on experience on the most demanding graphic design softwares and you own a MacBook Pro, then we welcome your application. Graphic Designer Responsibilities & Duties. Work simultaneously on 5+ projects within any given week. Work towards tight deadlines with good time management. Manage transparent workload using our project management and communication systems Create compelling wireframe mock up website designs Work with developer team in improving websites UX/UI owned by BnkToTheFuture.com . Build, design and maintain website infrastructure for Simon Dixon (CEO & Co-Founder of BnkToTheFuture.com ) Work with Marketing team on all creative projects such as developing new products e.g. training videos Work with Marketing Manager and Marketing Team on cross relational projects related to BnkToTheFuture.com ,Retirement Plan B™ and Simon Dixon (CEO & Co-Founder of BnkToTheFuture.com and Creator of Retirement Plan B™) Work with the Pitch Management Team in producing Investment Pitch Decks and Video editing for clients investment pitch videos. Creating Infographics and basic animation videos such as explainer videos will be a regular task. YouTube thumbnail designs will be a regular task Put together elements of a design created by another professional, such as icons, photographs and other components necessary for example a website design Create visual aspects of marketing materials, websites, and other media, including infographics, brochures, manuals, documents etc. Graphic Designer Qualifications & Skills. Bachelor’s Degree in Fine Art Design, Marketing or related discipline (desirable) Extensive experience with industry standard graphic design software such as Adobe illustrator, Photoshop, InDesign, especially experience in producing mockups, also web design and Presentation designs using Keynote. Working knowledge of CSS3, HTML5 and JavaScript 4+ years in professional commercial design, preferably having worked for either a marketing or FinTech company within the marketing department. Experience working with WordPress and templates Experience working with Mailchimp or Kajabi Highly creative and unique eye for design and implementation. Able to convey ideas accurately. Super intuitive design skills and adaptive design skills to suit the client and their product/business. Excellent communication skills. Being able to demonstrate consistent understanding of design brief, feedback from team members and management, and being able to update on progress or challenges. Impeccable design project management skills. Design world can be chaotic if file management isn’t on point. Therefore, how you project manage your work and make it easy for anyone to find files you’ve saved - would be impressive in our opinion! Responsive and flexible team player. Work towards tight deadlines no matter the hour. Working knowledge and experience in using wireframe apps such as Zeplin. Logo design capabilities. 3D Design applications. Being able to design and create basic virtual environmental designs as well as designing 3D product packages e.g. Books Illustration design - competent to create beautiful art, images from scratch using industry standard software such as Adobe illustrator. Desktop Publishing skills - being able to use professional desktop publishing softwares such as InDesign to produce powerful and compelling brochures, newsletters, or even produce book cover and layout design for Simon Dixon’s new book? Photo manipulation - ability to use Photoshop or equivalent. Creatively put together amazing visuals which could be used in social media such as but not limited to Instagram etc. Ability to create stunning banner designs for social media e.g. Twitter, YouTube, LinkedIn. Working Conditions & Other Requirements : Decent and strong Wifi network connectivity, with proficient speed to enable applicant to work from home efficiently; Ideally an Apple MacBook or Desktop; A room where applicant work can be performed without presence of family, friends, relatives or any other visitors; Smartphone, to enable download and use of certain system and communication applications, such as but not limited to - Telegram, Slack, Signal, Zoom etc. About Us... ABOUT BNK TO THE FUTURE AND WHO WE ARE. Bnk To The Future was Co-Founded by Simon Dixon and Bliss Dixon in 2010. Bnk To The Future is a global online investment platform that allows qualifying investors to invest in the future of finance - financial innovation and FinTech companies and has a portfolio of over 100 of the largest companies in Bitcoin including BitFinex, BitStamp, Kraken, BitFinex, Blockchain.com, Ripple KLabs Circle, Coinbase and many others. WHY WORK FOR BNK TO THE FUTURE. Over the last decade, BnkToTheFuture.com has truly made its mark in the FinTech and Bitcoin space and has now firmly established itself as one of the most desirable places to work for by our internal teams. We are a global company and we welcome you to join our global team force no matter which part of the world you are from. The diverse mix of people who work with us is special. We embody everything that diversity means to us and to you. With investments in state of the art technology and software, we are able to make remote working feel like you are working for a thriving and growing FinTech firm. A company you can be proud of. A Few Reasons Why Investors and Clients Use Us. At Bnk To The Future (BF) we believe the future of finance looks very different from the past and so do our investors and clients (companies). Our platform helps unite like-minded qualifying investors and clients who want to be part of the new future of finance, we do this by bringing unique investment opportunities to our qualifying investors which enables them to invest in companies and products that are building the future of finance. We give our investors options and the ability to diversify their investment portfolio rather than risking their full investment funds in one single company or traditional markets. We also offer multi-currency options to both investors and companies with options between cryptocurrencies and fiat currencies, this gives businesses the flexibility to choose which currency they wish to accept investment in, such decisions may be based on geographic reasons, or simply offering flexible options to investors. We are not just a platform that introduces investors and clients, we have a team of BF superstars who help support both our investors and clients with the end to end operations in relation to investment processes which involves handling of administrative digital documents, overlooking of necessary legal documentations that are imperative to complete the investment agreements, through to payment processes. Currently, we have the largest global qualifying investor community all investing in the future of financial innovation and technology. Our next phase of growth is bringing retirement products based upon new financial innovation to the masses in light of troubling financial times for the economy. Work From Home. BF contractors shall be required to work virtually (""work from home"") and securely (maintaining the highest level of security), using your own secured wifi services/network and cloud based applications. All cloud based applications shall be determined by BF. For enhanced security, BF requires that Contractors shall work from their own device using Apple Mac devices ONLY (MacBook or desktops). *Please note, this is a remote job offering for contractors who are able to work from home, therefore, we welcome applications from most qualifying jurisdictions. To apply: https://weworkremotely.com/remote-jobs/bnk-to-the-future-graphic-web-designer",https://weworkremotely.com/remote-jobs/bnk-to-the-future-graphic-web-designer,We Work Remotely
AHU Technologies: Data Analyst/ Curam,,,,,"Mon, 15 Jun 2026 20:07:47 +0000","Headquarters: Fully Remote - US URL: http://ahutech.com Job Description: Short Description: The Client is looking for Data analyst with 11 years of experience managing data pertaining to the different medical, nutrition, and financial subsidies managed by the Client system. Complete Description: The Data Analyst will play a critical role to support the work of the Client Program Administration, Executive Steering Committee and Client Stakeholders. Under the aegis of the Client Chief Data Officer, the Client Data Analyst is responsible for: Operational Oversight One of the key duties of the Data Analyst s is overseeing the life cycle of a Client data. Specifically, the Data Analyst is responsible for defining and implementing policies and procedures for the day-to-day operational and administrative management of systems and data —including the intake, storage, processing, and transmission of data to internal and external systems. As a part of the oversight for institutional data, the Data Analyst must be accountable to define and document data and terminology in a relevant glossary. This includes ensuring that each critical data element has a clear definition and is still in use. · Responsible for developing and implementing strategies to assess and develop rules to maintain the quality, integrity and reliability of data. · Coordinate cross-agency efforts and decisions that ensure official agency records requirements, privacy, security and other related requirements are met. · Provide oversight to ensure the data issues, needs and requirements are documented. Data Quality This ultimately responsible for establishing data-quality metrics and requirements, including defining the values, ranges, and parameters that are acceptable for each data element. They also work with the Client Data Research, Analytics, and Management team to establish procedures for detection and correction of data-quality issues and collaborate to establish policies, procedures, and internal controls affecting the quality of data. In addition, the Data Analyst engages in the ongoing and detailed evaluation of data quality, the identification of anomalies and discrepancies, and the contribution of expertise to understand the root cause and implement corrective measures. · Coordinate with Client program teams and Client Stakeholder Agencies to ensure the quality and integrity of the Client data elements (both content and metadata) to support the implementation of Client. · Facilitate the creation of data standards based on business rules, data access security requirements, and retention of legacy data. Privacy, Security, and Risk Management One of the most critical aspects for the Data Analyst s is the protection of data. The incumbent must establish guidelines and protocols that govern the proliferation of data to ensure that privacy controls are enforced in all processes. To be effective, the Data Analyst must compile retention, archival, and disposal requirements and ensure compliance with institutional policy and regulations. Accordingly, the Data Analyst will establish and implement data curation practices to ensure that the life span of data is commensurate with requirements. However, the Data Analyst must protect data while striking a balance between transparency and privacy. · Review agency and interagency data-related work products. · Coordinate cross-agency efforts and decisions that ensure official agency records requirements, privacy, security and other related requirements are met for data. Policies and Procedures The Data Analyst defines policies and procedures for access to Client data, including the criteria for authorization based on role and/or the individual. Working closely with Client IT, Privacy and PMO to establish controls, the Data Analyst evaluates any suspected or actual breaches or vulnerabilities in confidentiality, integrity, or availability and report them to management or information security personnel. · Monitor and analyze the application of federal, state and local data requirements, standards and rules (internal and external). · Coordinate efforts with stakeholder agencies to interpret business needs into applications and derive data requirements that represent the business entities' needs regarding accessibility, completeness, timeliness, desired attributes and relationship to other data entities when appropriate · Present findings and recommendations to Client leadership, Executive Steering Committee and other stakeholders regarding recommended changes to improve operating practices, accountability, or transparency. · Other duties as assigned. Other Significant Facts Preferred Skills include: · Knowledge of good data management principles, concepts and practices; · Knowledge of how to determine business data requirements, create data standards and business rules; · Knowledge of human services and health care programs; · Ability to work with multiple agency stakeholders that may have common and unique agency or program-specific data requirements; · Familiarity with public policy issues related to human services data requirements; · Ability to analyze complex, abstract issues in a logical, structured way; · Excellent written and oral communication skills · Proficient in the use of Microsoft Office (Word, Excel, Power Point and Outlook); · Knowledge of statistics and/or research methodology. · Analytical skills: outstanding analytical and problem-solving abilities. · Familiarity with business information generation and analysis methods. · Ability to effectively drive business, culture and technology change in a dynamic and complex operating environment. · Gravitas to develop a framework for information and data governance, as well as to sell and embed it in all levels of the business. · Excellent oral and written communication skills, including the ability to explain digital concepts and technologies to business leaders, as well as business concepts to technologists; the ability to sell ideas and process internally at all levels, including the board and investors. · Demonstrated knowledge of data structure desired, but not essential; information systems/tools, and related software and data management; enterprise content management, and record-keeping policies and practices in a complex organizational environment. · Broad experience desired, but not essential, in multiple domain areas, such as data warehousing, business intelligence (BI), data governance, data architecture, data integration, data classification, data strategy, data quality management, data security and privacy, MDM, data standards, regulatory compliance, and enterprise architecture frameworks. · Preference for candidates with knowledge and experience with government. Skills: · 11+ yrs planning, coordinating, and monitoring project activities. Required 11 Years · 11+ yrs leading projects, ensuring they are in compliance with established standards/procedures. Required 11 Years · Bachelor’s degree in IT or related field or equivalent experience. Required · Experience with ETL tools - Design, Develop, Analyze. Required 8 Years · Exp. with Curam software - V6 or higher (Database centric work highly desired) Required 3 Years · Proven work experience working as a senior/lead data analyst for large data sets and multiple interfaces. Required 8 Years · Hands-on experience in different file transfer methodologies and different file types and layouts. Required 8 Years · Experience with Tableau, dashboard design and develop. Required 5 Years · Strong experience in Healthcare Data. Required 4 Years · Proven experience delivering Business Intelligence solutions. Required 8 Years · Working knowledge of writing functional, technical and performance requirements in software development environment. Required 8 Years · Working knowledge of Microsoft Visio to develop flow diagrams/ process diagrams as well as knowledge of the full MS Office Suite. Required 5 Years · Possess hands on Systems/Software Development Life Cycle (SDLC) experience. Highly desired 11 Years This is a remote position. Compensation: $73.00 - $81.00 per hour About Us AHU Technologies INC. is an IT consulting and permanent staffing firm that meets and exceeds the evolving IT service needs of leading corporations within the United States. We have been providing IT solutions to customers from different industry sectors, helping them control costs and release internal resources to focus on strategic issues. AHU Technologies INC. was co-founded by visionary young techno-commercial entrepreneurs who remain as our principal consultants. Maintaining working relationships with a cadre of other highly skilled independent consultants, we have a growing number of resources available for development projects. We are currently working on Various projects such as media entertainment, ERP Solutions, data warehousing, Web Applications, Telecommunications and medical to our clients all over the world. To apply: https://weworkremotely.com/remote-jobs/ahu-technologies-data-analyst-curam",https://weworkremotely.com/remote-jobs/ahu-technologies-data-analyst-curam,We Work Remotely
Abstract: Full Stack Web Developer ⏤ Remote Contractor,,,,,"Thu, 11 Jun 2026 21:45:41 +0000","Headquarters: Stuttgart, DE URL: http://theabstract.co Who We Are Abstract is where excellence meshes with 3D technology and innovation. We engineer groundbreaking solutions that empower you to elevate your digital experiences to new heights without compromising the vision. From award-winning optimization technology , scalable material creation and authoring tools , to seamless scan processing and advanced rendering technologies — we’re at the forefront of reshaping how 3D content is imagined, created, and utilized through automation. But, none of this could be possible without an exceptional team, hungry to learn and determined to challenge the status quo. At Abstract, we foster a culture where every constructive input — from the smallest kernel to the grandest blueprint — is seen, thoroughly evaluated, and brought to life through our unwavering pursuit of excellence. The Opportunity As a Full Stack Web Developer, you’ll cover the full gamut: from designing and implementing scalable architectures to testing and optimizing for performance, security, and reliability. You understand the importance of crafting intuitive UI/UX touchpoints that delight. Maintaining our codebase, and adding new features and microservices, make you the forefront of our expansion efforts. With multiple projects in the pipeline, there are ample opportunities to expand our web presence and drive innovation across diverse initiatives. What You Can Bring Deep understanding of HTML5, CSS3, and responsive design principles Experience building highly scalable and secure web applications leveraging Node.js, React.js, and Typescript Profiency with databases such as MySQL and MongoDB; TypeORM experience is a must Solid knowledge of REST and GraphQL Experience with cloud services like AWS (EC2, S3, RDS) and Docker-based workflows Comfortable with CI/CD workflows, preferably via Bitbucket pipelines Interest in working with cutting-edge frameworks such as Svelte or Tailwind CSS About Us Abstract is a group of companies focused on developing bleeding-edge 3D technology: InstaLOD | InstaMAT | InstaREC | RSX Engine | Polyverse Our technology enables a diverse range of clients to complete projects on time, achieve significant cost savings, and enjoy the process. From leading AAA game developers like Sega , Activision and Phoenix Labs , to the tech-powered creative giants at Accenture Song or technology conglomerates like Kakao , as well as major automotive manufacturers such as Ford and Daimler, and aerospace and defense companies like utilizing our solutions for training and simulation — our products are trusted across industries. To apply: https://weworkremotely.com/remote-jobs/abstract-full-stack-web-developer-remote-contractor",https://weworkremotely.com/remote-jobs/abstract-full-stack-web-developer-remote-contractor,We Work Remotely
https://shiperp.com/: PHP Web Developer,,,,,"Thu, 11 Jun 2026 21:45:41 +0000","Headquarters: Shaw Blvd, Mandaluyong, Metro Manila, Philippines URL: http://shiperp.com Company Description ShipERP is a recognized leader in helping organizations seamlessly integrate multi-carrier shipping functionality from directly within the SAP ERP system hence eliminating the need for third-party shipping solutions. With a focus on Certified SAP Solutions, ShipERP can provide business efficiencies that come with a strong return on investment. ShipERP is proud to be an equal opportunity workplace. All qualified applicants will receive consideration for employment without regard to, and will not be discriminated against based on, race, gender, color, religion, national origin, sexual orientation, gender identity, veteran status, disability or other protected category. Job Description ShipERP is looking for PHP Web Developer to design and develop a web application that is compatible with both LAMP and WAMP stacks in high-availability environment. This is a permanent position in Ortigas in the Stock Exchange building. Qualifications PHP Web development (5 yrs) MySQL (5 yrs) HTML5 (2 yrs) CSS 3 (5 yrs) JavaScript (5 yrs) Experience with RequireJS Experience with jQuery and Bootstrap frameworks (3 yrs) Experience with developing responsive web applications Experience with JSON/XML and developing REST web services (SOAP a plus) Experience with Enterprise Software (B2B) Experience with agile development methodologies, and proficiency using version control (e.g. GitHub) Experience in the design, development, management and optimization of LAMP-stack solutions deployed on high-availability, auto-scaling hosted environments Additional Information Perks: Year-end Bonus Company-wide team buildings Incentive based team outings 15 VL, 15 SL All-expense paid training HMO with free 1 dependent Unlimited free learning opportunities Work from home privilege To apply: https://weworkremotely.com/remote-jobs/https-shiperp-com-php-web-developer",https://weworkremotely.com/remote-jobs/https-shiperp-com-php-web-developer,We Work Remotely
WorkStaff360: E-commerce Web Developer (Next.js / Node.js experience is required),,,,,"Thu, 11 Jun 2026 21:45:40 +0000","Headquarters: Islamabad URL: http://workstaff360.com Maintain, improve, and scale ecommerce websites across multiple brands Develop and manage front-end experiences using Next.js and React Build responsive, mobile-first user interfaces with strong UX standards Develop back-end systems using Node.js, including APIs, integrations, and server-side workflows Manage and optimize ecommerce functionality using Medusa or similar headless commerce platforms Customize checkout flows, cart functionality, product pages, and order processes Maintain product catalog systems, inventory integrations, and pricing logic Support CMS environments such as Sanity or Strapi for dynamic content management Build landing pages, promotional pages, and scalable content structures across brands Improve website speed, Core Web Vitals, and overall technical performance Troubleshoot bugs, errors, outages, and production issues quickly and effectively Implement technical SEO best practices including structured data, indexing, and site architecture Support analytics implementation, conversion tracking, and performance reporting Collaborate with marketing and leadership teams on launches, promotions, and growth campaigns Recommend and implement improvements that increase conversions, revenue, and customer experience Build systems with scalability in mind for increased traffic, sales volume, and future integrations Hard Requirements: Minimum 3+ years of experience as a Full Stack Developer, Ecommerce Developer, or similar role Strong proficiency in Next.js and React development Strong proficiency in Node.js for backend development and API creation Proven experience with headless ecommerce platforms such as Medusa Experience with CMS platforms such as Sanity or Strapi Strong knowledge of responsive design, mobile-first development, and UI/UX best practices Experience optimizing website speed, performance, and Core Web Vitals Strong understanding of ecommerce workflows including checkout, orders, inventory, and product management Experience with third-party integrations, APIs, and automation tools Strong debugging and troubleshooting skills in live production environments Knowledge of technical SEO implementation and analytics tracking Ability to manage multiple projects and brands simultaneously Strong communication skills and ability to work independently with ownership mindset Portfolio of ecommerce or web development projects required Schedule & Hours: HOURS/WEEK: 40 hours per week SCHEDULE: Monday to Friday 9AM - 6PM Eastern Standard Time Zone Offer: OFFER: Weeks 1–12: $1100CAD/mo Weeks 13 onwards: $1500CAD/mo To apply: https://weworkremotely.com/remote-jobs/workstaff360-e-commerce-web-developer-next-js-node-js-experience-is-required",https://weworkremotely.com/remote-jobs/workstaff360-e-commerce-web-developer-next-js-node-js-experience-is-required,We Work Remotely
Indigenous Climate Action: Request for Proposals: Website Developer,,,,,"Thu, 11 Jun 2026 21:45:40 +0000","Headquarters: Canada URL: http://indigenousclimateaction.com Request for Proposal: Website Redesign & Development June 4, 2026 Introduction Indigenous Climate Action (ICA) is seeking proposals from qualified web designers and developers to redesign and develop our organizational website. ICA is an Indigenous-led climate justice organization that works to build Indigenous climate leadership through community-based education, relationship building, and movement support. Our work centres Indigenous rights, sovereignty, land-based knowledge systems, and climate justice across Turtle Island. The new website will serve as ICA’s primary digital platform for storytelling, education, campaigns, research, fundraising, and community engagement. The redesigned platform should reflect ICA’s organizational values, strengthen accessibility and usability, and support long-term growth and sustainability. We are seeking a web development partner capable of delivering: A redesigned and accessible organizational website Improved site architecture and user experience A flexible and maintainable content management system Migration and retention of existing content and resources Technical documentation and staff training Ongoing maintenance and support options post-launch Project Objectives The objectives of this project are to: Refresh and strengthen ICA’s digital presence Improve accessibility, navigation, and user experience Better communicate ICA’s mission, programs, campaigns, and impact Support multiple audiences, including Indigenous communities, youth, partners, funders, media, and the public Create a scalable infrastructure that can grow alongside ICA’s evolving work Improve internal staff capacity to manage and update website content Ensure the website aligns with accessibility, security, and performance best practices Scope of Work The selected vendor will be responsible for the following: Discovery & Planning Conduct meetings with ICA staff and key stakeholders Review existing website structure and digital assets Assess audience needs and user journeys Provide recommendations for site architecture and platform improvements Identify opportunities for improved accessibility, storytelling, and engagement Website Design & Development The scope of work includes: Information architecture and sitemap development User experience (UX) and user interface (UI) design Responsive website development across desktop and mobile devices Development using a flexible and maintainable CMS Template creation for key page types Integration of ICA branding and visual identity SEO and performance optimization Analytics integration Accessibility compliance implementation Security implementation and best practices The website must be designed to: Clearly communicate ICA’s mission, values, and programs Support storytelling, campaigns, fundraising, reports, and educational resources Enable internal staff to efficiently manage and update content Support future expansion and evolving organizational needs Content Migration & Retention ICA currently operates on Squarespace and intends to retain and migrate select existing content into the new website. This includes: Existing blog content Reports and publications Organizational resources and archives Selected campaign and program pages Vendors should outline: Their proposed approach to content migration from Squarespace Strategies for preserving SEO and existing URLs where possible Recommendations for organizing archived and retained content Accessibility Requirements Accessibility is a core priority for ICA. The selected vendor must ensure: Compliance with WCAG 2.1 AA accessibility standards Accessible navigation and content structures Screen reader compatibility Appropriate colour contrast and typography practices Accessibility testing across devices and browsers Vendors should describe: Their accessibility approach and testing process Previous experience building accessible websites Tools and methods used for accessibility auditing Security & Technical Requirements The selected vendor must implement security best practices appropriate for a public-facing organizational website. Proposals should address: Website hosting recommendations Security infrastructure and protections Backup and recovery processes CMS and plugin maintenance considerations Performance optimization Long-term sustainability of the technical framework Post-Launch Support & Maintenance Vendors should clearly outline what ongoing technical support and maintenance would look like after launch. This should include: Length and scope of post-launch support Response times for technical issues CMS and plugin updates Security monitoring and maintenance Bug fixes and troubleshooting Options for long-term maintenance retainers or support agreements Staff training and documentation Project Timeline (Tentative) Discovery & Planning: July 2026 Design Phase: July to August 2026 Development Phase: August to September 2026 Testing & Revisions: September 2026 Launch: October 2026 Proposal Requirements Proposals should include: Overview of the vendor/team and relevant experience Examples of similar website projects Proposed approach and methodology Proposed CMS and technical framework Accessibility and security approach Content migration strategy Proposed timeline and milestones Detailed budget breakdown Post-launch support and maintenance options Team composition and roles Proposal Evaluation Proposals will be evaluated based on: Alignment with ICA’s organizational values and goals Experience working with Indigenous organizations, nonprofits, or mission-driven organizations Quality and relevance of previous work Accessibility and technical expertise Scalability and sustainability of proposed solutions Budget and overall value Post-launch support capacity Additional Terms ICA reserves the right to accept or reject any or all proposals ICA is not obligated to award a contract All intellectual property created specifically for this project will belong to ICA Vendors are responsible for all proposal preparation costs Proposals will be treated as confidential Qualified persons of Indigenous Ancestry will be given preference in accordance with s.16(1) of the Canadian Human Rights Act. We thank all applicants for their interest in the project. We will only contact those selected for an interview. Deadline to Submit July 1, 2026 To apply: https://weworkremotely.com/remote-jobs/indigenous-climate-action-request-for-proposals-website-developer",https://weworkremotely.com/remote-jobs/indigenous-climate-action-request-for-proposals-website-developer,We Work Remotely
Stone & Tile: Administrative Assistant,,,,,"Thu, 28 May 2026 20:47:33 +0000","Headquarters: Chicago Administrative Assistant Remote | Stone & Tile Industry Our growing stone and tile company is seeking a professional, organized, and detail-oriented Administrative Assistant to support daily operations, estimating coordination, and customer communications. This remote position plays an important role in assisting our team with vendor coordination, proposal preparation, scheduling updates, and project follow-up. We are looking for a motivated individual who can work independently, communicate professionally, and thrive in a fast-paced construction-related environment. Key Responsibilities * Communicate with stone and tile vendors, manufacturers, and suppliers to obtain material pricing for project estimates and quotations * Prepare professional proposals, transmittals, cover sheets, warranty letters, and related customer documentation * Maintain and update project schedules and tracking reports using Microsoft Excel, Word, and other office software * Send follow-up correspondence regarding previously quoted projects and ongoing customer inquiries * Manage and organize company email communications in a professional and timely manner * Provide administrative support to estimating, sales, and project management teams as needed * Maintain accurate digital records and assist with document organization Qualifications * Previous administrative assistant or office coordination experience preferred * Strong written and verbal communication skills * Proficiency in Microsoft Office Suite, particularly Excel and Word * Ability to prioritize tasks, meet deadlines, and manage multiple assignments simultaneously * Self-motivated with the ability to work independently in a remote environment * Excellent organizational skills and attention to detail * Experience in the construction, stone, tile, or building materials industry is a plus What We Offer * Remote work opportunity * Company email account provided * Weekly compensation * Professional growth opportunities within a growing company * Supportive and team-oriented work environment Position Type * Full-Time or Part-Time * Remote We are seeking a dependable professional who values organization, communication, and customer service excellence while contributing to the continued growth of our company. To apply: https://weworkremotely.com/remote-jobs/stone-tile-administrative-assistant",https://weworkremotely.com/remote-jobs/stone-tile-administrative-assistant,We Work Remotely
"Ignition, Inc.: Mac MSP Help Desk Guru (work from home)",,,,,"Thu, 28 May 2026 07:25:37 +0000","Headquarters: ignitionit.com URL: https://ignitionit.com APPLY HERE: https://go.cultureindex.com/p/bLvP56CvGHU Fully Remote · Work from home · Full-time (Eastern or Pacific time zones) · Apple-first TL;DR ignitionit.com is a seasoned, Apple-first MSP — in business for almost 30 years — and we're hiring a Help Desk Technician to be the friendly, capable first voice our clients reach when something isn't working. This position is a remote, work-from-home, full-time role. We've written this as a junior-to-mid-level job description because that's where most great people start on our team. But if you're more seasoned — comfortable in identity, MDM, or security work — don't scroll past. We'd be delighted to find someone who can step in higher up the ladder, and we'll happily talk about a more senior scope and comp if that's you. What the actual job??? Unlike many IT shops, we believe that the technology is the tactic. The actual job is making people feel taken care of. One of our core values is “49% tech support, 51% human support.” You'll succeed by configuring devices, resetting access, untangling email, and chasing down the gremlin that's been haunting someone's conference room. But you'll know you succeeded when a client exhales and says, “Thank goodness you're on it!” That Warm Fuzzy Feeling™ is the actual product. The green lights on the dashboard are just how we get there. In a typical week, you might: Onboard a new hire at a fast-growing startup: provision their Mac, set up their Google Workspace or Microsoft 365 accounts, enroll the device in MDM, and make sure day one feels effortless. Offboard a departing employee cleanly — recover the laptop, revoke access, and close the loop so nothing's left dangling. All boxes checked, ticket notated and closed, client followed up with. Field a ""my email stopped working"" ticket that turns out to be a DNS thing, a phishing-filter thing, or a ""they changed their password on their phone three weeks ago"" thing. Help a family office or RIA get a touchy Zoom Room or conference-room AV setup behaving before a meeting — over the phone. Triage the queue so phones get answered fast, emails don't rot, and nobody feels forgotten — even when the honest answer is, “We're on it, but here's the realistic timeline."" ⠀ You'll be the front line: helping with what you can, researching what you can't, and pinging the rest of the team when you're genuinely stuck. That last part is a skill, not a weakness — knowing when to ask is half the job. About ignitionit.com We're one of the oldest Apple Technical Partners on the planet, and one of the only certified Apple Premier Partners — that’s kinda like getting knighted by the ghost of Steve Jobs. We started where you’d expect to find Macs (creative agencies, non-profits, education) but our primary clients today are cutting-edge, venture-backed AI SaaS startups, VC and private equity firms, registered investment advisors — many of them operating under stringent compliance expectations (SOC 2, SEC). That means we hold ourselves to a higher standard than the scrappy shop we started as. Polished, reliable, security-minded work is the baseline now — but always with a smile! What hasn't changed: relationships are still our most valuable currency — with clients, with vendors, and with each other. We're a tight, supportive team. We teach each other what we know, cover for each other when life throws a punch, and care a little too much about doing things the right way. We're still a bit weird, and our clients seem to like us that way. We move fast, priorities shift, it’s not always documented (whatever it is), our tool set and list of supported platforms is sprawling, and some days the to-do list is longer than you'd like. If you can stay warm under pressure, create order out of chaos, learn new stuff fast because you love it, and speak up when you need help, you'll thrive here. If you need a rigid, fully-documented, never-changes environment where nobody trusts you with admin access, where you will be micro-managed so you never have to wonder whether or not you’re doing the right thing, this isn't it. You’ll have a ton of independence on our team, and freedom to use your best judgment to get the ball over the finish line, but that also means we expect you to be naturally responsible, honest, and highly accountable — to yourself, your teammates, and the clients. As they say, the price of freedom is eternal vigilance. The tech you'll work with (and grow into) Day one, you'll be living in: Apple at the core — macOS, iOS, Apple Business Manager, and MDM (Jamf / Iru / Intune / Workspace ONE / and more) Yes, PCs too — about one-third of our users are driving Windows Google Workspace and Microsoft 365 admin consoles Identity and access — SSO, MFA, and security keys (Okta, Entra ID, Yubikey, and friends) Lots of other security tools — our stack is constantly evolving and may vary from client to client The everyday productivity stack — Slack, Zoom, conference-room AV, networking basics (Meraki), and endpoint tooling ⠀ You don't need to know all of this. You need to be the kind of person who wants to. As you grow, there's a clear path into infrastructure administration, project architecture and implementation, and — for the right person — security and compliance work (phishing simulations, endpoint detection, SOC 2 / CIS / SEC readiness, due diligence questionnaire support, etc.). That's where our most senior people live, and it's wide open. Who we hope you are The hard requirements — we won't move forward unless you: Can work standard business hours in Eastern or Pacific time zones (we currently need both) Have a quiet home workspace and reliable broadband Have proven Apple aptitude — you actually use and like the Apple ecosystem Have at least 2 years of IT support experience on the job. Go-getters who are just getting started and can prove they have a deep, demonstrable history of teaching themselves technology for the sheer joy of it might also make the cut. ⠀ Everything else — and this is the longer list, on purpose. We figure technical skills are teachable; character takes a lot longer. So we're looking for someone who: Genuinely cares — about clients, teammates, and doing right by people Loves to learn, and proves it in how they spend their time Reads, and writes clearly — clear writing is clear thinking, and you'll do a lot of it Stays calm and kind with a frustrated person on the other end of the line Can tell the difference between good customer service and fantastic customer service, and refuses to settle for the former Notices when something's being done inefficiently and fixes it (you may boast about it later, that’s fine) Proofreads their own work (yes, we noticed whether you proofread your application) Has a sense of humor, and doesn't take themselves too seriously Regarding AI Our company founder/CEO is headquartered in the Bay Area. We work with innovative, ambitious companies developing AI products. Our team members hold a range of opinions about whether AI is “good or bad” for humans, but at the end of the day, we embrace the plain fact that it is here, we must embrace it to evolve, and our clients increasingly depend on us to help them embrace it, too, to help them evolve and stay competitive. Our CEO's opinion: AI will not replace human labor any time soon; rather, AI is a new opportunity to either (a) get things done faster, or (b) get a much higher quality of output than before. If you’re an AI tinkerer, great! We want to hear how you’re using it and see your latest vibe project. If you’re allergic to AI or have no interest in learning new habits to work effectively with it, this is not the place for you. Compensation & logistics Base salary: For applicants closer to the junior side who are located in the USA, $50,000–$65,000/yr, depending on experience level and your local geographical price index. With experience, comp goes up from there. Genuinely experienced, more senior candidates can be slotted higher — let's talk. Applicants outside the USA will be compensated according to your local employment market. Type & location: Full-time, work from home, fully remote. Eastern or Pacific time zones. Benefits: Medical / dental / vision for the employee, 401(k) with employer contribution, 2 weeks of PTO annually to start, and a stipend for your home internet. How to apply The first step is really easy and only takes 10 minutes — no resume, no cover letter, no essays. Here's how: Take this online Culture Index assessment (about 10 minutes): We use it to screen for people whose natural wiring fits how our team works. If your profile lines up with what we're looking for, we'll reach out and ask you to complete a 60-minute TestGorilla assessment for critical thinking skills, send us your resume, and maybe a couple of other items. From there, we conduct between 2-4 video interviews. One of these might be a live technical assessment. If the Culture Index step feels like a strange way to start a job application — that's kind of the point. Remember the phrase Think Different? Ignition is an equal opportunity employer. We welcome and will consider all qualified applicants. Good luck in your search — and may the Force be with you! To apply: https://weworkremotely.com/remote-jobs/ignition-inc-mac-msp-help-desk-guru-work-from-home",https://weworkremotely.com/remote-jobs/ignition-inc-mac-msp-help-desk-guru-work-from-home,We Work Remotely
Lead Ember: Senior Google Ads Account Manager - Remote,,,,,"Tue, 26 May 2026 11:49:11 +0000","Headquarters: Dubai, UAE URL: https://www.leadember.com/ Working Hours: GMT+4 (Dubai), with flexibility Salary: Competitive, based on experience and what you bring to the table. About the role We're a fast-growing B2B Google Ads agency based in Dubai, serving clients across the UAE and wider GCC. We're hiring a senior account manager to take ownership of a growing portfolio of B2B lead generation accounts. This role is for someone who thrives in a founder-led environment, takes full ownership of their work, and is comfortable operating without rigid structure. You'll manage accounts end-to-end, from campaign optimisation and conversion tracking through to landing page input and client reporting. We're not looking for someone who follows a checklist. We want a critical thinker who takes initiative, spots problems before they become problems, and treats client accounts as if they were their own business. What you'll be doing Manage ~20 Google Ads accounts independently across different B2B industries Run ongoing optimisation, testing, and performance analysis Build and maintain offline conversion tracking setups (a core differentiator for our agency) Produce monthly performance reports and strategic insights for client reviews Analyse lead quality using CRM data and Google Sheets, not just platform metrics Contribute to landing page strategy and CRO recommendations Maintain clean change logs and account documentation Identify opportunities to improve performance, efficiency, and client retention Collaborate directly with the founder on agency strategy and process improvements Types of clients you'll manage Our clients are small-to-medium B2B businesses in the UAE and GCC. Account sizes usually range between a monthly ad budgets of AED 10,000 and AED 50,000 per month. Current client examples include: Demolition and construction contractors Legal and professional services Interior design and architecture Audio production and creative services Industrial and B2B trades What we're looking for Essential 4+ years of hands-on Google Ads experience Strong track record managing lead generation campaigns (not just e-commerce) Proven ability to independently manage multiple client accounts Solid understanding of offline conversion tracking and full-funnel attribution Comfortable working across the full lead gen stack, not just inside the Google Ads UI Strong written English and clear, responsive communication Personality and soft skills High accountability and ownership Self-starter, comfortable with ambiguity Able to have patience and stick to their plan and structure Bias toward action over endless planning Excellent prioritisation and time management Growth mindset and openness to feedback Nice to have Experience with UAE, GCC, or international B2B clients Background in smaller agencies or founder-led businesses Exposure to Pipedrive or similar B2B CRMs Familiarity with offline conversion tracking via Zapier or server-side setups Process and SOP documentation experience This role is probably not for you if You need detailed daily direction and a fixed checklist Your background is primarily e-commerce or D2C You prefer working on a single account or in a large enterprise team You only want to focus inside the google ads account and not the full funnel What success looks like ~20 client accounts managed independently within 6 months Strong campaign performance and client retention maintained Founder freed up from day-to-day account management Documented process improvements implemented across the agency Long-term, trusted member of the team Why join Get in early with a rapidly growing agency High ownership and autonomy from day one Direct collaboration with the founder Fully remote with flexible hours Opportunity to shape processes and operations as the agency scales How to apply Submit your application via our contact form at https://www.leadember.com/careers. Please include a short Loom (under 5 minutes) introducing yourself and walking through one Google Ads account you've managed. If we see potential we will reach out with the next steps. To apply: https://weworkremotely.com/remote-jobs/lead-ember-senior-google-ads-account-manager-remote",https://weworkremotely.com/remote-jobs/lead-ember-senior-google-ads-account-manager-remote,We Work Remotely
"Speechify Inc: Senior Software Engineer, Web",,,,,"Sat, 23 May 2026 13:43:59 +0000","Headquarters: Florida URL: http://www.speechify.com Overview With that growth comes the need for a Javascript Engineer to join the existing Web team and continue supporting the growing user base as well as building new and exciting features. This is a key role and ideal for someone who thinks strategically, enjoys high-pace environments, passionate about owning product decisions and has experience building and scaling complex engineering systems. What You’ll Do Actively ship production code to the web products Work closely with your dedicated product team Participate in product discussions to shape the product roadmap Have the opportunity to work on new and exciting features that will impact millions of lives An Ideal Candidate Should Have Experience. You've built and ship products that have scaled to thousands or millions of users Customer obsession. You are passionate about the field and have the desire to build high quality product that serves customer needs Speed. You work quickly to generate ideas and know how to decide which things can ship now and what things need time Focus. We’re a high-growth startup with a busy, remote team. You know how and when to engage or be heads down Collaboration. You know how to inspire, play, and negotiate with opinionated designers, marketers, and PMs Tech Stack: Vanilla JS, ReactJS, Redux, Firebase, Typescript What We Offer A fast-growing environment where you can help shape the culture An entrepreneurial crew that supports risk, intuition, and hustle A hands-off approach so you can focus and do your best work The opportunity to make an impact in a transformative industry A competitive salary, a collegiate atmosphere, and a commitment to building a great asynchronous culture To apply: https://weworkremotely.com/remote-jobs/speechify-inc-senior-software-engineer-web-1",https://weworkremotely.com/remote-jobs/speechify-inc-senior-software-engineer-web-1,We Work Remotely
Automattic: Customer Success Engineer,,,,,"Wed, 29 Apr 2026 17:41:58 +0000","Headquarters: Remote URL: https://automattic.com/ WordPress VIP , the enterprise division of Automattic , is the world’s leading agile content management platform. Our suite of open solutions and services brings the ease and agility of WordPress to the heart of the world’s largest enterprises. Our large and growing ecosystem of technologies, services, and integrations is designed to bring the freedom and power of open source to our customers, which include Meta, CNN, Salesforce, and hundreds more. The Customer Success Engineer role is responsible for providing advanced technical support and consultation to our enterprise customers. In this customer-facing role, you will handle complex technical challenges, provide architectural guidance, and solve mission-critical problems with customer deployments and applications. You’ll work primarily through Zendesk tickets, while also participating in customer calls, to advance longer-term technical initiatives and build trusted customer relationships. You’ll serve as a technical resource for both customers and internal teams, bridging support and specialized engineering functions during high-impact situations. Support is provided 24/7, so scheduled weekday and weekend shifts, as well as some holiday and evening availability, will be a requirement. Our customers are global and rely on our team to provide expedient support at any time of day. About You You are an engineer who thrives on solving real-world problems. You may have a background in full-stack development, enterprise support, or media technology, and you’re ready to apply your technical skills directly with a wide spectrum of interesting global customers. You never stop learning. You have a willingness to rapidly learn new technologies, and are excited by the challenge of debugging complex, unfamiliar applications. You are curious and love to get to the root cause of an issue. You’re not satisfied with surface-level fixes and are driven to solve problems not once, but twice: fixing the immediate issue, and preventing it from happening again. You have excellent written English and can effectively communicate technical concepts to customers and colleagues, sometimes under stressful circumstances. Communication is our oxygen and the basis of everything we do. You like actively solving problems. You are excited by engaging regularly in deep, collaborative problem-solving, and motivated by what you learn along the way. You are obsessed with helping others succeed, and love working directly with customers. Experience in an enterprise support environment is highly valued. Technical Requirements WordPress expertise with a solid understanding of the underlying codebase, themes, plugins, block editor, e-commerce, WP-CLI, hooks and filters, imports, and other advanced WordPress concepts. Proficient in reading, writing, and troubleshooting code in multiple languages, including HTML, CSS, PHP, and JavaScript. Understanding of web technologies including REST APIs, HTTP, DNS, domain management, reverse proxy, and version control (primarily Git, also SVN). Experience with software engineering practices, including coding standards, team coding practices, source control, build processes, testing methodologies, and cloud infrastructures. Advanced understanding of scalability, performance, and security issues in enterprise environments. Proficiency with monitoring and debugging tools such as Kibana and New Relic. Requirements US-based position. Candidates must be based in the United States and undergo background checks as required, and hold United States citizenship. Excellent communication skills. We’re a distributed team , so frequent and clear written communication is crucial. You must be able to explain complex technical issues in accessible ways. Self-motivated work ethic. Self-starters who love taking initiative and seeing things through to completion do well on our teams. Advanced troubleshooting abilities. You can take complex problems and break them down into manageable pieces with elegant solutions. Experience in customer-facing roles in an enterprise support environment. What to Expect Your day-to-day work will include: Providing high-quality technical support and consultation through Zendesk tickets and customer calls. Handling complex and urgent customer situations, including incident response and escalations. In-depth debugging that requires close examination of logs, analysis of customer codebases, and collaboration with engineering teams. Providing architectural guidance to customers on WordPress implementations. Building and updating internal and customer-facing documentation. Contributing to the continuous improvement of our platform, processes, and customer experience. Support is provided 24/7, so scheduled weekday and weekend shifts, as well as some holiday and evening availability, will be a requirement. Salary range: $70,000-$150,000 USD. Please note that salary ranges are global, regardless of location, and we pay in local currency. We are searching for high-caliber candidates with the skills and qualities to have a net positive for Automattic. Pay will reflect the potential contribution and the impact you can bring, which may, in some cases, go beyond the range stated. This isn’t your typical work-from-home job—we are a fully-remote company with an open vacation policy. Read more about our compensation philosophy. To see a full list of benefits by country, consult our Benefits Page . And check out these links to learn more about How We Hire and What We Expect from Ourselves . To apply: https://weworkremotely.com/remote-jobs/automattic-customer-success-engineer",https://weworkremotely.com/remote-jobs/automattic-customer-success-engineer,We Work Remotely
Egear : Senior Google Ads Media Buyer / Performance Marketing Lead,,,,,"Sun, 26 Apr 2026 12:50:19 +0000","Headquarters: Florida, USA URL: https://egearmedia.com/ We are looking for someone with experience level: 4–7 years running Google Ads independently, ideally in a performance marketing agency or ecommerce media buying team. Not a generalist digital marketer - a specialist who lives in Google Ads daily. Someone who can take full ownership of our paid search and Performance Max campaigns, bring structure to our account operations, and drive our media buying to consistent profitability. Who we are: A fast-growing e-commerce performance marketing agency running direct-to-consumer offers across multiple product verticals including smart devices, health, and outdoor products. What you will own You will be the most senior hands-on media buyer on the team. This is not a management role where you direct others — you will be in the accounts every day. Specifically you will: - Plan, build, and optimise Google Search, Performance Max, Demand Gen, and Display campaigns across multiple product offers and accounts - Set up and maintain full tracking and attribution in RedTrack, including postback URLs, offer parameters, sub-parameter mapping, and conversion event configuration - Diagnose and resolve account-level issues including conversion tracking failures, advertiser verification, billing problems, and campaign ID mismatches - Evaluate each offer independently and give a clear verdict: scale, test a new angle, or cut losses - Brief landing page requirements to our web developer based on performance data, not guesswork - Deliver a written performance report every week covering spend, ROAS, CPA by campaign etc. - Establish and document campaign setup standards so the rest of the team can follow a consistent process - Mentor junior media buyers on campaign architecture and optimisation What we offer: Fully remote, flexible hours — we care about results not schedules Direct access to decision-makers — no layers of approval Performance bonus structure based on ROAS targets (discussed at offer stage) A team that is already generating real data and real results — you will not be starting from zero To apply Send your application to anna@egearmedia.com with the subject line: Google Ads Media Buyer Your application must include: 1. CV with projects cases 2. A link to a short video introduction (google drive/ Frame/ social media or on any other platform) also covering description of a Google Ads campaign you took from unprofitable to profitable — what was broken, what you changed, and what the result was. Your experience with third-party tracking tools and how you have used them Your availability and rate expectations. Applications without video presentation will not be reviewed. Thank you! To apply: https://weworkremotely.com/remote-jobs/egear-senior-google-ads-media-buyer-performance-marketing-lead",https://weworkremotely.com/remote-jobs/egear-senior-google-ads-media-buyer-performance-marketing-lead,We Work Remotely
North Spore LLC: Ecommerce Lifecycle Manager,,,,,"Wed, 22 Apr 2026 17:26:15 +0000","Headquarters: Portland, ME URL: https://northspore.com/ POSITION OVERVIEW We’re looking for an Ecommerce Lifecycle Manager to own and scale our retention engine, turning first-time customers into confident repeat growers and rapid, lifelong brand advocates. You’ll manage email campaigns, build automations, and continuously test new ways to improve engagement, AOV, and retention. You’ll play a key role in shaping the customer experience beyond the first purchase, delivering the right message at the right time to support, educate, and inspire our community. This is a hands-on role for someone who thinks in systems, executes with speed, and continuously raises their own ceiling on what's possible. This is a full-time role and can be remote or in-person. KEY RESPONSIBILITIES Lifecycle Strategy & Execution Own the end-to-end lifecycle strategy across email and SMS — building and optimizing flows, managing the marketing calendar, and defining clear customer pathways that turn every customer into a rapid and loyal fan for life. Develop sophisticated segmentation strategies to deliver targeted, relevant messaging at scale, including the ability to design systems that scale without proportional effort Partner with marketing, creative, and ops teams to align lifecycle efforts with broader campaigns, product launches, and promotions — translating strategy into clear execution plans and owning the follow-through Performance & Optimization Monitor and report on campaign and flow performance (revenue, conversion rate, AOV, LTV, engagement) Own retention reporting and analytics, including cohort analysis, customer segmentation performance, and lifecycle stage conversion Identify opportunities to improve retention and customer value Run ongoing A/B tests across subject lines, messaging, timing, segmentation, and offers Use data and customer behavior insights to refine lifecycle strategy List Growth & Loyalty Own list growth strategy across email and SMS, including onsite capture, lead magnets, and acquisition touchpoints Optimize conversion of new subscribers into first-time customers Manage and evolve loyalty and retention programs to increase repeat purchase rate and long-term customer value Identify opportunities to deepen customer relationships through rewards, education, and community-driven initiatives Shopify & Ecommerce Support Work within Shopify to support lifecycle initiatives Understand how products, collections, and landing pages are structured and managed Align onsite experience, promotions, and merchandising with lifecycle campaigns Collaborate on CRO opportunities that improve conversion and AOV WHAT WE’RE LOOKING FOR 3+ years of experience in lifecycle, email, or CRM marketing (ecommerce preferred) Resourceful, self-directed, and comfortable with ambiguity — bias toward action, high bar for execution quality, and genuine curiosity about what's becoming possible with the tools and tactics available to modern lifecycle marketers Hands-on experience with Klaviyo or similar email/SMS marketing platforms (e.g., HubSpot, Iterable, Active Campaign) Strong understanding of Shopify and how email marketing connects to the onsite experience Experience with Recharge or subscription-based ecommerce is a plus Proven ability to build, optimize, and automate lifecycle flows and campaigns Strong understanding of segmentation, personalization, and customer journeys Experience running A/B tests and using data to drive decisions Detail-oriented with a high bar for quality in execution WHAT SUCCESS LOOKS LIKE Increased repeat purchase rate and customer lifetime value Growth in email and SMS revenue contribution Improved engagement metrics (open rate, click rate, conversion rate) A consistent cadence of testing and optimization Lifecycle becomes a predictable, scalable revenue channel COMPENSATION Our salary range for this position is $65,000 - $90,000. Our benefits package includes: 401k + employer match, Health insurance Dental insurance Vision insurance Short and long-term disability (Long-term is employer paid) Life insurance (Employer paid) Accident and critical illness insurance To apply: https://weworkremotely.com/remote-jobs/north-spore-llc-ecommerce-lifecycle-manager",https://weworkremotely.com/remote-jobs/north-spore-llc-ecommerce-lifecycle-manager,We Work Remotely
North Spore LLC: Head of Marketing,,,,,"Wed, 22 Apr 2026 17:13:25 +0000","Headquarters: Portland, ME URL: https://northspore.com/ POSITION OVERVIEW We're looking for a Head of Marketing to be the steward of our brand as we enter our next phase of growth. This is a brand-first leadership role — focused on how North Spore shows up in the world, how customers experience us, and how we deepen the love and loyalty that have made us the category leader. You'll lead brand, creative, content, community, and the campaign calendar that brings our products and promotions to life across every channel, partnering closely with the CEO, Director of Ecommerce, and the broader leadership team. As Head of Marketing, you'll set the creative and brand vision for North Spore and bring it to life across every customer touchpoint — from packaging and retail displays to organic social, YouTube, our website, and the experiences that turn first-time growers into lifelong mushroom enthusiasts. This is a senior leadership role focused on brand strategy, storytelling, creative excellence, community, and owning the marketing calendar. You'll be accountable for what North Spore stands for , how it feels , and how that translates into deeper customer relationships, stronger word of mouth, and a brand that continues to define the category. This is a full-time role and can be remote or in-person. KEY RESPONSIBILITIES 1. Brand, Creative & Storytelling Own the North Spore brand end-to-end — positioning, messaging, voice, and visual identity — and evolve it as we grow into new categories, audiences, and channels. Set the creative vision and ensure it shows up consistently and in a compelling manner across the website, packaging, paid creative, organic content, retail displays, and educational materials. Lead the creative team to produce content that is distinctive, on-brand, and category-leading. Combine qualitative insight (customer feedback, creator learnings, brand POV) with performance signals to guide creative iteration and storytelling that resonates. 2. Campaign Calendar, Promotions & Product Launches Own the full marketing campaign calendar — including seasonal moments, promotions, focused product pushes, and brand campaigns — and ensure it ladders up to a coherent annual brand and revenue narrative. Lead end-to-end strategy and execution of new product and sub-brand launches across the North Spore portfolio, ensuring each one strengthens the master brand and lands with impact across DTC, Amazon, and retail. Partner with E-commerce and Growth to translate the marketing calendar into great work across every channel — from site and email to paid and retail. 3. Organic Channels, Content & Community Own all organic channels end-to-end — including YouTube, organic social (TikTok, Instagram, etc.), blog, and other owned content surfaces — setting the strategy, editorial direction, and performance bar across each one. Make North Spore the place people go to learn, get inspired, and become part of something bigger — building on our reputation as the most trusted teacher in mushroom cultivation. Build and scale the community engine — UGC, creator, affiliate, and ambassador programs (via the Community Manager) — that turns customers into advocates and grows brand visibility through love, not just spend. Develop community-led growth loops rooted in education and inspiration, cultivating an army of super-fans across different customer segments. 4. Customer Experience Across DTC, Retail & In-Store Ensure a cohesive, premium brand experience across every channel — DTC, Amazon, and retail — so a customer who meets us on a shelf has the same feeling as one who meets us on YouTube. Own the in-store brand experience — packaging, displays, and educational materials — partnering with retail sales to drive sell-through and execute co-marketing with key accounts. Hold the bar on how the brand shows up across the website and other owned surfaces, partnering with e-commerce on merchandising, storytelling, and on-site experience. 5. Team Leadership & Operations Build and lead a high-performance brand, creative, content, and community team — with clear goals, accountability, and creative operating rhythms. Partner closely with the CEO and Director of Ecommerce ensure brand and growth work as one system. Build systems and processes that allow creative quality and brand consistency to scale. Partner with product and ops to inform roadmap, packaging, and launch planning based on customer insight. Manage the brand, creative, content, community, and campaign budget with discipline and clarity. WHAT WE’RE LOOKING FOR 5+ years in marketing leadership, with a clear track record of building and stewarding beloved consumer brands — ideally in DTC or omnichannel categories. Deep brand and creative chops: you've shaped positioning, led creative teams, and produced work that customers actually love and remember. A storyteller and taste-maker who can hold the bar on creative quality across packaging, content, and campaigns. Proven ability to own a marketing calendar that integrates promotions, product launches, and brand storytelling into one coherent year. Proven ability to build community and earned-media engines (UGC, creators, affiliates) that drive real brand visibility and loyalty. Fluency in modern organic content — especially YouTube and social — and a proven ability to connect with multiple audiences (Gen Z, Gen Alpha, Boomr, etc) and succeed in a rapidly changing content landscape. Strong operator: builds teams, systems, and cross-functional alignment without losing creative soul. Experience across DTC, Amazon, and retail — and the instinct to make a brand feel cohesive across all three. Comfortable in a fast-moving, entrepreneurial environment — and energized by the idea of building the defining brand in a fast-growing category. COMPENSATION Our salary range for this position is $125,000 - $170,000. Our benefits package includes: 401k + employer match, Health insurance Dental insurance Vision insurance Short and long-term disability (Long-term is employer paid) Life insurance (Employer paid) Accident and critical illness insurance TO APPLY Please fill out this short application if interested. We will get back to you if it looks like the fit may be right! You can reach out to applications@northspore.com with any questions. North Spore is an Equal Opportunity Employer and does not discriminate on the basis of gender, gender identity, gender expression, race, national origin, age, disability, religion, genetic pre-dispositon or sexual orientation. To apply: https://weworkremotely.com/remote-jobs/north-spore-llc-head-of-marketing",https://weworkremotely.com/remote-jobs/north-spore-llc-head-of-marketing,We Work Remotely
reddit: Senior Product Adoption Strategist (Shopping),,,,,"Wed, 21 Jan 2026 19:48:20 +0000","Headquarters: San Francisco, US URL: https://redditinc.com/ Senior Product Adoption Strategist (Shopping) Remote - United States Reddit is a community of communities. It’s built on shared interests, passion, and trust, and is home to the most open and authentic conversations on the internet. Every day, Reddit users submit, vote, and comment on the topics they care most about. With 100,000+ active communities and approximately 116 million daily active unique visitors, Reddit is one of the internet’s largest sources of information. For more information, visit www.redditinc.com . Location: NYC We’re assembling a collaborative team of individuals to drive Reddit Ads product adoption within our Global Sales organization and with advertisers. The Product Adoption team’s mission is to accelerate and scale the adoption of priority products and features to drive advertiser success and revenue growth. We are looking for our next team member who can help us to innovate and scale across our major adoption programs. In this role, you will be responsible for scaling Shopping product adoption across Large Customer Sales and Mid-Market advertisers worldwide. You will partner with Sales to pitch, onboard, activate, and grow advertisers on our Shopping product solutions and activate high-priority business opportunities. building global ads product adoption programs for advertisers and agencies. Your close partners will also include Product, PMM, Strategy & Ops, Enablement, and Marketing Science. You will drive the activation of our Shopping ads products to meet our customers' performance goals. You will work directly with account teams and advertisers to pitch, onboard, and activate across our Shopping solutions. Additionally, you will advocate for advertiser Shopping product needs, opportunities, and gaps within Reddit’s R&D organization. Why Join Reddit’s Product Adoption Team? Innovative Environment: Be part of a newly reimagined team at one of the most dynamic platforms worldwide, contributing to groundbreaking strategies that drive growth. Career Advancement: Significant opportunities for career development and mobility as you help shape the future of product adoption at Reddit. Collaborative Culture: Join a group of thoughtful, smart, and adaptable individuals who value collaboration and support each other's growth. Responsibilities: Drive Growth: Lead efforts to scale the adoption of Reddit’s Shopping ads products, increasing advertiser engagement and revenue. Develop Channel Strategies: Create and implement sales strategies tailored to Shopping ads programs in support of Large Customer Sales (LCS) and Mid-Market advertisers and sales teams worldwide. Engage Clients: Work directly with advertisers to identify, pitch, activate, onboard, and grow clients with strategic product opportunities. Enable Sales: Customize enablement for sales by channel and ensure that teams have the necessary knowledge, training, collateral, and market insights to effectively position and implement Reddit's Shopping ad products. Leverage Partners: Work with 3P partners to accelerate Shopping ads growth. Foster Feedback Loop: Advocate for advertiser needs and identify opportunities and gaps, providing feedback to PMM and Product teams to inform ongoing product development. Measure results: Partner with Sales and Strategy & Operations leadership to track progress to goal and identify steps that can be taken to accelerate outcomes. Basic Qualifications: 5+ years of experience in digital advertising, sales, marketing strategy, operations, or relevant industries Industry Experience: A strong background in product adoption, growth, or sales strategy within the digital advertising industry. Cross-Functional Collaboration: Proven ability to work effectively with partner teams, leveraging cross-functional expertise to drive program success. Proficient in Google Suite and Salesforce. Passion for understanding client needs and delivering solutions that drive their success. Preferred Qualifications: Direct Shopping product and/or eCommerce experience Analytical Skills: Solid familiarity with data analysis techniques and tools such as Mode, Tableau, and Salesforce to track key metrics and outcomes. Project Management: Excellent program and project management skills, with the ability to prioritize and manage multiple initiatives concurrently. Communication Skills: Strong written and verbal communication skills, capable of clearly articulating strategies and outcomes to internal and external stakeholders. Benefits: Comprehensive Healthcare Benefits and Income Replacement Programs 401k with Employer Match Global Benefit programs that fit your lifestyle, from workspace to professional development to caregiving support Family Planning Support Gender-Affirming Care Mental Health & Coaching Benefits Flexible Vacation & Paid Volunteer Time Off Generous Paid Parental Leave Pay Transparency: This job posting may span more than one career level. In addition to base salary, this job is eligible to receive equity in the form of restricted stock units, and will also be eligible to receive a commission. Additionally, Reddit offers a wide range of benefits to U.S.-based employees, including medical, dental, and vision insurance, 401(k) program with employer match, generous time off for vacation, and parental leave. To learn more, please visit https://www.redditinc.com/careers/ . To provide greater transparency to candidates, we share base pay ranges for all US-based job postings regardless of state. We set standard base pay ranges for all roles based on function, level, and country location, benchmarked against similar stage growth companies. Final offer amounts are determined by multiple factors including, skills, depth of work experience and relevant licenses/credentials, and may vary from the amounts listed below. The base pay range for this position is: $126,000 - $176,400 USD In select roles and locations, the interviews will be recorded, transcribed and summarized by artificial intelligence (AI). You will have the opportunity to opt out of recording, transcription and summarization prior to any scheduled interviews. During the interview, we will collect the following categories of personal information: Identifiers, Professional and Employment-Related Information, Sensory Information (audio/video recording), and any other categories of personal information you choose to share with us. We will use this information to evaluate your application for employment or an independent contractor role, as applicable. We will not sell your personal information or disclose it to any third party for their marketing purposes. We will delete any recording of your interview promptly after making a hiring decision. For more information about how we will handle your personal information, including our retention of it, please refer to our Candidate Privacy Policy for Potential Employees and Contractors . Reddit is proud to be an equal opportunity employer, and is committed to building a workforce representative of the diverse communities we serve. Reddit is committed to providing reasonable accommodations for qualified individuals with disabilities and disabled veterans in our job application procedures. If, due to a disability, you need an accommodation during the interview process, please let your recruiter know. To apply: https://weworkremotely.com/remote-jobs/reddit-senior-product-adoption-strategist-shopping-1",https://weworkremotely.com/remote-jobs/reddit-senior-product-adoption-strategist-shopping-1,We Work Remotely
GNO Partners: Senior Amazon Brand Manager,,,,,"Wed, 26 Nov 2025 06:15:49 +0000","Headquarters: USA URL: http://www.gnopartners.com Why Join Us? Fully remote Amazon consulting agency. High-performance culture: hard work, speed, over-delivery, and trust. Competitive Compensation: Total OTE of $220,000-$300,000+. Base Salary: $120,000 Performance-Based Earnings: Realistically getting an extra $180,000 per year based on performance, and more (no cap). Work with a team that lives and breathes Amazon while having fun doing it. Who We’re Looking For: We are seeking a Senior Amazon Brand Manager who deeply understands Amazon FBA, enjoys strategizing for brand growth, and can tackle complex challenges with precision and speed . Key Skills & Experience: Organic Ranking Mastery : Product launches, ranking strategies, and algorithm insights. Amazon PPC Expertise: Strategy + execution, proven hands on experience managing minimum $50K+/mo budgets . Brand Management: Experience managing Private Label brands generating a minimum of $10M in annual revenue Logistics & Backend: Strong grasp of COGs, fees, inventory, and profitability (P&L) optimization . Amazon Catalog Troubleshooter: Proven expertise in diagnosing and resolving complex catalog issues. Responsibilities: Lead weekly strategy calls with clients, ensuring project progress. Solve Amazon challenges and guide clients through key projects. Track progress and provide clear next steps. Offer daily support via Slack & Email. Continuously improve our consulting systems. Attend weekly training and team meetings. Qualifications: Full-time, remote. 3+ years Amazon FBA experience , managing brands $10M+ in revenue minimum. PPC expertise: Managed $50k monthly ad budgets minimum . Seller Central pro: Navigate and optimize quickly. Strong project management & client communication skills. Positive, proactive, and client-focused personality. Fluent in English. Ambitious and driven, with a relentless work ethic to maximize earning potential If you're an Amazon expert, you're driven, strategic, and thrive in high-growth environments, we want you on our team! Please submit your application through Breezy HR: https://gno-partners.breezy.hr/p/154fdc8fa066-senior-amazon-brand-manager *For referrals, email us at HR @ gnopartners.com and CC the candidate you’re introducing. To apply: https://weworkremotely.com/remote-jobs/gno-partners-senior-amazon-brand-manager-1",https://weworkremotely.com/remote-jobs/gno-partners-senior-amazon-brand-manager-1,We Work Remotely
Close: Senior Software Engineer - Backend/Python - USA Only (100% Remote),,,,,"Wed, 23 Jul 2025 14:31:54 +0000","Headquarters: USA URL: http://www.close.com About Us Close is a bootstrapped, profitable, 100% remote, ~100 person team of thoughtful individuals who prioritize taking ownership and making a meaningful impact. We’re eager to make a product our customers fall in love with over and over again. We 💛 small scaling businesses. Since 2013, we’ve been building a CRM that focuses on better communication, without the hassle of manual data entry or a complex UI. We are out to supercharge sales productivity with the most modern, thoughtfully designed, all-in-one, communication-focused CRM. Our backend tech stack consists primarily of Python Flask web apps with our TaskTiger scheduler handling many of the backend asynchronous task processing chores. Our data stores include MongoDB, PostgreSQL, Elasticsearch, and Redis. The underlying infrastructure runs on AWS using a combination of managed services like EKS, MSK, RDS and ElasticCache and non-managed services running on EC2 instances. We have CI/CD pipelines that build Docker images, run automated tests and deploy to Kubernetes clusters. We also use these images in our local development environment allowing coding locally against all of our services. We have a well-documented public API that is consumed by our front-end JavaScript app as well as numerous integrations. Our infrastructure is heavily automated using Terraform, Ansible and other AWS tools. Our product development process is inspired by Shape Up . We love open sourcing our code and ideas on our GitHub and on The Making of Close , our behind-the-scenes Product & Engineering blog. Check out our open source projects like SocketShark , TaskTiger , LimitLion and ciso8601 . About the Role You will be joining one of our six cross-functional teams. These are the CRM, Admin & Onboarding, Conversations, Messaging & Scheduling, Automations & Integrations and Data Insights teams. You will be regularly collaborating with other backend & frontend engineers, product managers, designers, and other teams here at Close. About You We’re looking for high achieving, full-time Software Engineers to join our engineering team. Someone who has a good understanding in web technologies and wants to help design, implement, launch, and scale major systems and user-facing features. You're comfortable working in a fast-paced environment with a small and talented team where you're supported in your efforts to grow professionally. You're able to manage your time well, communicate effectively, and collaborate in a fully distributed team. Come help us with projects like... Conceiving, designing, building, and launching new user-facing features Implementing new AI features to turbocharge our customers’ daily tasks Improving the performance and scalability of our GraphQL and REST API Improving how we sync millions of sales emails and calendar events each month Working with Twilio's API, WebSockets, and WebRTC to improve our calling features Building user-facing analytics features that provide actionable insights based on sales activity data Improving our Elasticsearch-backed powerful search features Improving our internal messaging infrastructure using streaming technologies like Kafka and Redis Building new and enhancing existing integrations with other SaaS platforms like Google’s G Suite, Zapier, and web conferencing providers Enhancing our web app with real-time updates powered by GraphQL Subscriptions Leveraging the latest AI LLMs from providers like OpenAI, Groq and AssemblyAI Help manage our ever growing data processing needs… Billions of Mongo documents Millions and millions of rows of PostgreSQL data 55 Terabytes of logs / month 500 billion OTEL spans over the last 30 days 10+ million events / day Tens of thousands of docker containers 7 million minutes of call recordings / month Petabytes / month of network traffic Requirements... Senior 1 & 2 level candidates should have 5+ years of experience building modern back-end systems. Staff level candidates should have 8+ years of experience. Mid-level candidates should have ~3 years of similar experience and be eager to level up with the right opportunity. Professional Python experience is preferred but a working knowledge of Python with additional experience in other languages is acceptable if you have a desire to work with Python. You have built web APIs that were Internet facing or supported other high volume loads. You have hands-on production experience working with MongoDB, PostgreSQL, Elasticsearch, or similar data stores. You have experience designing, scaling, debugging, and optimizing systems to make them fast and reliable. You have participated in code reviews and provided overall code quality suggestions to help maintain the structure and quality of the codebase. You care about the craftsmanship of the code and systems you produce. Located in the USA (lower 48 timezones). Bonus point if you have Contributed open source code related to our tech stack. Led small project teams building and launching features. Built B2B SaaS products. Implemented features that leveraged AI to deliver unimaginable new product capabilities. Worked with complex architectures that support multiple APIs (e.g. REST, GQL, WebSockets) as well as async task and event processing frameworks. 🌏 Why Close? Watch our most recent culture video featuring our annual team retreat in Italy 100% remote company 5 weeks PTO + Winter & Summer Holiday Breaks with 2 additional PTO days for every year with the company 1 month paid sabbatical every 5 years Paid parental leave Medical, Dental, Vision with HSA option (US residents) 401k matching at 6% (US residents) Dependent care FSA (US residents) Our story and team 🚀 Our Values Build a house you want to live in -- Examine long-term thinking and action No BS -- Practice transparency and honesty, especially when it’s hard Invest in each other -- Build successful relationships with your coworkers and customers Discipline equals freedom -- Keep your word to yourself and others Strive for greatness -- Constantly challenge yourself and others How We Work Together Productivity, Quality & Impact: We don’t track hours. We trust you’re an adult and know best how to prioritize, meet your goals and contribute at a high level. Asynchronous communication & collaboration: We have team members all over the world. We don’t expect anyone to work untraditional hours, that means our default is async. Most teams have 2-5 hours of internal meetings weekly. Appreciation for Deep Work: *During your normal work day, not after a day of meetings*. Autonomy & Freedom: Create a work environment that is sustainable for you. We place a high amount of trust and responsibility with our team members from the start. We are looking for US-based Software Engineers to join our team. Base salary range for Senior I & II is $140,000 to $210,000. To apply: https://weworkremotely.com/remote-jobs/close-senior-software-engineer-backend-python-usa-only-100-remote-1",https://weworkremotely.com/remote-jobs/close-senior-software-engineer-backend-python-usa-only-100-remote-1,We Work Remotely
New Law Business Model: Marketing Automation SaaS + Services Line of Business Owner,,,,,"Tue, 07 Feb 2023 20:07:41 +0000","Headquarters: Boulder, CO URL: https://newlawbusinessmodel.com If you would thrive running and scaling a line of business that makes it possible for your multi-year subscription customers to build and grow a tech-enabled business they love and can run with ease, you might be a great fit as our Marketing Automation and Practice Management Business Unit Manager (SaaS Stack Product Owner). Using a collection of off-the-shelf technologies (e.g. inbound digital marketing automation, practice/business management, scheduling software, etc.) configured in a way that has continuously proven successful for our niche market customers (members/subscribers), you would provide them with all the tools they need to efficiently manage their sales, marketing, and service delivery. You would also manage the delivery of marketing assets created by internal and external (agency/vendor) teams for our members to use with that SaaS suite to grow their firms. Leveraging your expertise in inbound digital marketing and business process automation, technology, operations, and efficiency, you would lead an established fantastic team that has technical expertise in system configuration and account management as well as existing SOPs and playbooks, manage and expand this $1M+/year BPO business unit’s P&L, and drive efficiency, customer success, and program enhancements through process and technology (especially as the technology landscape continues to evolve). To apply: https://weworkremotely.com/remote-jobs/new-law-business-model-marketing-automation-saas-services-line-of-business-owner",https://weworkremotely.com/remote-jobs/new-law-business-model-marketing-automation-saas-services-line-of-business-owner,We Work Remotely
Data Labeling Specialists,,,,,"Wed, 01 Jul 2026 01:48:13 GMT","Who We Are Workada creates high-quality labeled data for advanced technology systems. Our team reviews, organizes, categorizes, evaluates, and quality-checks digital content so those systems can better understand information and perform real-world tasks. We believe careful data work matters. Every reviewed item, categorized example, and quality-checked task helps improve how technology interprets information, follows instructions, and responds in practical settings. About You We're hiring detail-oriented individuals who are comfortable working on a computer and interested in careful, focused digital work. We're especially interested in: People who can carefully review written information, images, documents, or other digital content Strong readers and writers with good judgment People who can follow detailed instructions consistently Individuals who are comfortable using web-based tools and online platforms People who take quality seriously and can spot mistakes or inconsistencies Those who enjoy focused, independent work while contributing to a larger project Strong character matters — we value integrity, reliability, curiosity, and a commitment to high-quality work Qualifications Comfortable using a computer for extended periods Reliable internet connection Strong attention to detail Ability to follow written guidelines and project instructions Clear written communication skills Basic familiarity with spreadsheets, online forms, or web-based work tools Ability to work independently and meet deadlines Prior experience in data labeling, annotation, quality review, research, writing, customer support, operations, or administrative work is helpful but not required Compensation Compensation is $18- $22 an hour and a max of 40 hours a week. A Place to Do Meaningful Work Data labeling may sound simple, but it plays an important role in improving the technology people use every day. At Workada, your work helps create the examples and feedback that make advanced systems more accurate, consistent, and useful. We're looking for people who care about accuracy, consistency, and careful judgment. Whether you're reviewing text, categorizing information, evaluating responses, or checking data quality, your work helps improve the way technology performs.",https://remotive.com/remote-jobs/data/data-labeling-specialists-2090903,Remotive
Communications Manager,,,,,"Tue, 30 Jun 2026 08:40:42 GMT","About Lemon.io Lemon.io is building the autopilot for hiring. We've replaced the slow, expensive recruiting agency with a platform that delivers vetted, responsive candidates, ready for a final interview. In days, not weeks. Hundreds of fast-growing companies use Lemon to build their engineering teams, from early-stage startups to enterprises. We're profitable, bootstrapped, and growing at a moment when the legacy recruiting industry is being rewritten in real time. Here's why this role exists. We have a great story and almost no one telling it. A profitable company helping rewrite a huge industry with AI, and a voice that is still a blank canvas. You'd be the one who decides how Lemon sounds and makes the market pay attention, working directly with the founder, with the freedom that comes from being bootstrapped. About the position The Communications Manager will own Lemon's external voice and its distribution. The goal: make Lemon impossible to ignore in the engineering-hiring conversation. Every day, something from Lemon should be visible where our buyers and candidates already are, until the market treats us as the category leader. This is a senior IC role, reporting directly to the founder. You'll personally do most of the writing and build systems for distribution. This is an intensive role. You'll be producing daily and running a content distribution engine that doesn't stop. And while we'd typically expect 4+ years of experience, we're genuinely open to less experienced candidates who can demonstrate exceptional writing and judgment. Responsibilities: 1. Executive Communications - Lead the creation and execution of founders' personal brand platforms - Produce and distribute day-to-day content across founders' channels - Support founders' earned media: podcasts, panels, op-eds, and speaking opportunities 2. Internal News Scouting and Narrative Development - Sit in product, customer success, sales, and ops syncs to identify newsworthy stories - Identify and shape company moments worth telling publicly - Translate internal milestones, launches, learnings, and customer wins into external content - Distribute content via social and traditional media. 3. Team Engagement - Build and support an internal content program that engages employees across functions - Equip team members to share their work publicly through ready-to-use content and templates - Coordinate the team's participation in industry conversations across channels 4. Monitoring, Automation - Build and maintain content and distribution workflows using AI tools - Set up monitoring for brand mentions, press coverage, and audience growth across channels - Track, grow and report on key communications metrics quarterly What we're looking for: - Native or fluent English with cultural fluency for the US tech audience - A genuinely strong writer. - You've been the voice behind someone else's posts. - Track record telling the story of a company, a product, or a movement - Background in technology, B2B software, talent, recruiting, dev tools, or adjacent industries. - You’re deeply immersed in the world of independent media: Substackers, podcasters, influencers on X or LinkedIn. - AI is already part of how you work. - Comfortable operating in areas of genuine uncertainty. - Results-oriented, with a bias toward action and impact. - Want to be part of a small, fast-paced, and impactful team. What success looks like in the first 4 weeks: - You've built systems to capture content from our team and product, and to manufacture news. - You've launched an amplification program by the team and outside voices, so every message travels. - A repurposing workflow exists: one idea becomes a post, a thread, a clip, a newsletter line, without starting over each time. - You've identified the 3 to 5 narratives that everyone will repeat. - You've identified a few internal voices and enabled them to post regularly, with systems that feed them content ideas. - By week 4, the founder's social posts go out 4 to 5 times a week. - Baseline metrics captured, so growth is measurable from a known starting point. Application Process To apply, send us: - Three writing samples that show range. At least one should be in a voice that isn't yours: something you ghost-wrote for an executive, a founder, or another public-facing operator. - A short note (200 words or fewer) telling us why this role and what you'd want to ship in your first 90 days. The point isn't to summarize your resume. It's to give us a sense of how you think and what you'd actually do. What to expect: - Application review within 7 days - 45-minute call with the hiring team - Paid trial project (up to 10 hours) - Final 60-minute conversation with the founder - Reference checks and offer We aim to move from application to offer within 3-4 weeks.",https://remotive.com/remote-jobs/communications/communications-manager-2090985,Remotive
Client Success Coach (CSM),,,,,"Mon, 29 Jun 2026 14:20:56 GMT","We’re looking for a full-time Client Success Coach to join our fast-growing team at Richard Yu’s online education company. Our mission is simple: help everyday people launch impactful online digital arbitrage businesses that transform lives—starting with their own. If you’re someone who loves mentorship, thrives in a high-performance environment, and wants to make a real difference in people’s lives, keep reading. About Us: Richard Yu is an online business coach with: 100K+ subscribers on YouTube → youtube.com/richardyu1 A growing personal brand on Instagram → instagram.com/richardyuzee Our company is fast-paced, and rooted in service. We’re building a world-class education platform to help people turn their knowledge into income through coaching and consulting. About The Role: This is a remote, full-time position. You must be available during 8AM–5PM EST, Monday to Friday. On average, you’ll work up to 9 hours per day, and some days will require a little more effort of 10 hours. You must currently live in North America, Europe, or South Africa, and speak fluent, accent-neutral English. Clear communication is non-negotiable, we’re in the coaching business. Requirements Here are the requirements: You must be able to commit full time hours (Our office hours are 9 AM - 6 PM EST, though if you are different time zones we're super open minded) You will be conducting new onboarding calls daily to welcome in new students. You will be conducting check in coaching calls daily, to hold accountable, motivate, and inspire students inside the program (must be comfortable jumping on 1:1 Zoom calls or recording Loom videos as needed. You will be messaging clients on a daily basis, in order to hold them accountable to their plan of execution towards their goals and moderating the community. Weekly group coaching calls answering client questions Must have strong communication/interpersonal skills so we can put you in front of our clients and you can confidently answer their questions and guide their decisions Help innovate our products by creating and producing new video trainings/worksheets to deliver a world-class experience. Taking renewal / upgrade calls with clients and enrolling them into our backend coaching programs. Should be proficient or at least knowledgeable about our tech stack (Loom, ActiveCampaign, Slack, Zapier, Calendly, GSuite, CRM, etc.) - you should be familiar with the above tools, or have a willingness to learn these VERY quickly if hired. Your role will constantly be changing. A big part of this job is to stay on your toes, always ready for action and change. You will be responsible for daily reporting on multiple communication channels (Slack, text message, spreadsheets, etc.,) and so a high attention to detail and compliance with standard operating procedures is essential. You must have a high attention to detail and understand systems/processes so you are able to innovate new, more efficient SOPs (processes) to ensure our Fulfillment Team hits their KPIs WHO THIS IS FOR: A coach or mentor at heart—you love helping people Clear, professional communicator (spoken and written English) Experienced with organic marketing on Instagram/Facebook/TikTok (creating reels, organic posts, to generate organic leads) Sales background Able to handle fast-paced environments, multiple clients, and changing priorities Willing to grow with us long-term (3+ years)—this isn’t a side hustle Open to feedback and constructive coaching (we’ll train you, but we expect growth) Comfortable with tools like Loom, Calendly, Slack, GSuite, CRMs, etc—or willing to learn fast WHO THIS IS NOT FOR: You have another full-time job or multiple freelance clients You struggle with structure, deadlines, or fast execution You dislike being challenged to improve daily Benefits Expected Earnings (Rev share on book of business): $10,000–$15,000+ USD/month (depending on experience) Commission opportunities: % on referrals, upgrades, renewals, and pending payment collections.",https://remotive.com/remote-jobs/customer-service/client-success-coach-csm-2091039,Remotive
Sales Assistant,,,,,"Fri, 26 Jun 2026 14:55:18 GMT","This role may require you to be on site at times - please check with the employer first. Job Title: Sales Assistant Company: Endureed Location: Lake City, FL / Remote eligible Reports to: VP of Global Sales ABOUT THE ROLE The Sales Assistant is the operational backbone of the US sales team. You'll provide hands-on administrative, coordination, and customer support to the VP of Global Sales — keeping the department running smoothly, accurately, and on time across residential and Strategic Partner (SP) channels. This isn't a role for someone who wants to wing it, work independently without structure, or stay at arm's length from the details. It's a role for someone who finds real satisfaction in making sure nothing falls through the cracks someone who takes pride in accuracy, follows through without being asked twice, and genuinely enjoys being the person others can count on. If you're the kind of person who gets energized by creating order, supporting a team, and doing the unglamorous-but-critical work that makes everything else possible keep reading. ✓ You'll thrive here if you... • Get genuine satisfaction from organizing, tracking, and keeping things accurate • Take ownership of tasks and follow through without being reminded • Prefer a defined role with clear expectations over open-ended autonomy • Are naturally calm, steady, and don't rattle easily when things get busy • Build trust by being dependable, not by being loud • Take pride in serving others and helping your team look good • Are bilingual in English and Spanish and comfortable using both professionally • Thrive in a structured, process-driven environment with consistent routines ✗ This role is NOT for you if you... • Need to be the center of attention or get credit to feel motivated • Prefer creating your own process over following an established one • Dislike repetitive tasks or detailed administrative work • Get bored or frustrated when you're not driving strategy or making big decisions • Struggle to stay organized when managing multiple people's priorities at once • Want flexibility to define your own schedule or work style without check-ins • Move fast and loose, accuracy and follow-through aren't your strong suits • Are looking for a stepping stone to a sales rep role as fast as possible KEY RESPONSIBILITIES Day-to-day, you will: • Provide administrative support to the VP of Global Sales, calendar management, scheduling, travel coordination, and communications • Prepare and update sales reports, presentations, and customer-facing materials for residential and SP accounts • Own CRM data entry, lead tracking, and pipeline management, data must be accurate and current at all times • Coordinate between the sales team and the SP network, including onboarding new partners and managing ongoing communication • Track SP territory coverage and ensure Basics product line distribution aligns with current SP network policies • Conduct market and competitor research to support US sales strategy • Help organize sales campaigns, trade shows, events, and client meetings, logistics, materials, follow-up • Ensure timely document and information flow between the sales team, operations, and other departments • Support order processing and client onboarding across residential and SP channels WHAT YOU BRING • Bilingual — English and Spanish required, written and spoken (non-negotiable) • 2+ years in a sales support, coordinator, or administrative role, you've done this before and you're good at it • CRM experience required; NetSuite or similar ERP a strong plus • Proficiency with Microsoft Office and/or Google Workspace, especially Excel/Sheets and PowerPoint/Slides • Exceptional organizational skills, you manage multiple moving pieces without losing track of any of them • High attention to detail, errors bother you before anyone else catches them • Calm, professional communication style, written and verbal • Experience in building materials, construction, or a product-based industry is a plus, not a requirement To apply, please complete our Culture Index survey before submitting your application: https://go.cultureindex.com/p/dmxXuQJk6Y4WKDaTvN Applications without a completed survey will not be considered. Send an email to careers@endureed.com with the subject line: ""Sales Assistant Application, First and Last Name"" (replace with your name)",https://remotive.com/remote-jobs/sales/sales-assistant-2091038,Remotive
Mid/Senior AI Cinematic Video Editor,,,,,"Wed, 24 Jun 2026 11:41:57 GMT","Our Vision & Products 🚀 EverAI — Building the Future of AI Companionship One of the Top 15 Largest & Fastest-Growing AI Companies in the World 50 Million Users in 2 years — Help Us Reach 100M first, 500M next At EverAI , we’re shaping what it means to connect with AI. With 50 million users and counting , we're not just building products — we're creating entirely new categories. Our flagship product is the world’s largest AI companionship platform , redefining relationships for millions. It is governed by our proprietary moderation system, EverGuard — an internal AI designed to ensure everything we build is safe, ethical, and human-first . And we’re only just getting started! Our Team We are an enthusiastic, passionate and hardworking team of ≈ 75 people. Our founding team has strong entrepreneurial experience building and scaling web products from 0 to IPO. Alexis Soulopoulos [CEO] • 10+ years in Tech Executive Leadership • Co-Founder Mad Paws Holdings (from 0 to IPO) • Forbes 30 under 30 + Deloitte TechFast50 ’22 & ‘23 Michael Monin [Co-founder & CTO] • 10+ years as CTO / COO (web2/web3), 1+ year in AI/LLM • Serial-entrepreneur: MTK Digital (exited / 0->$20m revenue) and Zipchat (AI Chatbot for E-commerce brands) Thomas Lacroix [Co-founder & CMO] • 8+ years in Customer Acquisition & E-commerce Growth • Serial-entrepreneur: Curatible (sold to Blackstone) and MTK Digital (exited / 0->$20m revenue) Maruša Fasano [CFO/Legal] • 25+ years in Finance, Strategy, M&A • Ex-CFO/M&A @Curatible (exited to Blackstone) • Ex-President of the Board @SotremoSA (exited) • Co-founder/CFO @SoftOne (exited) Your Role We are looking for a Mid/Senior AI Cinematic Video Editor who is deeply embedded in generative video workflows and can independently craft high-quality, narrative-driven content from concept to final output. You are a sharp-eyed video editor comfortable operating at the intersection of creativity and emerging technology, building visually compelling long-form videos using AI-first pipelines. You take ownership of the entire production stack — from prompting and generation to editing, compositing, graphic design work and final delivery. You thrive in a high-performance environment where your quick wits and passion for story-telling shine. Reporting to your Content Lead, this is what you'll be doing: Key Responsibilities Conceptualise scripts based on current production needs and centred around existing AI characters (our own IPs) Create narrative-driven, longform video content , including stylized and explicit NSFW visuals, with a strong focus on storytelling, atmosphere, and visual coherence throughout Own and manage end-to-end AI video production workflows , from ideation and prompting to generation, editing, and post-production Utilise tools such as Kling, Seedance, Happy Horse and other AI video models/platforms to produce high-quality visual sequences Develop and maintain consistent character appearance, style, and scene continuity across longer narratives using advanced techniques Integrate motion graphic design and colour correction to deliver cohesive final outputs Experiment rapidly with new AI models, tools, and techniques , incorporating them into production workflows and sharing skills with the rest of the team Align with your Content Lead’s creative direction while maintaining a high degree of autonomy in execution and technical decision-making Continuously refine workflows for efficiency, scalability, and output quality Your Qualifications Hard Skills 4–6+ years of experience in video production, VFX, or digital art , with a strong portfolio (AI-driven video work is a must) Hands-on experience with the latest AI video tools and models (e.g., Kling, Seedance, Happy Horse, and similar emerging options) Solid understanding of AI image/video generation pipelines , including prompting, batching, consistency techniques, and post-processing Experience with traditional tools like Premiere Pro, After Effects or similar for final assembly and polish Strong grasp of visual storytelling, pacing, composition, and cinematic language Ability to maintain character and scene consistency across sequences in AI-generated content Soft Skills 🗣 Strong communication & collaboration skills (fluent in English) 🎯 High ownership — able to take ideas from concept to completion independently ⚡️ Experimental mindset — comfortable navigating ambiguity and evolving tools ⏱️ Fast iteration cycles — able to test, fail, refine, and improve quickly 🧠 Curious and self-driven — constantly exploring new AI capabilities and workflows 🧢 Open to feedback and continuous improvement 🍭 #NSFW — Comfortable working with uncensored models and explicit adult content Bonus Points Experience in AI-native storytelling or filmmaking Background in 3D, VFX, technical art or as a colourist Familiarity with training/customizing models (LoRAs, embeddings, fine-tuning) Prior experience in adult, dating, or adjacent creative industries a huge bonus Experience with ComfyUI Experience with Stable Diffusion / AUTOMATIC1111 and related tooling (Advanced prompting, working with trained LoRAs, refining, upscaling, inpainting etc.) Why EverAI? 📈 Exponential Growth : From 50M users in 2 years, to 100M next — and 500M beyond 🚀 Track Record of Category-Creating Innovation : We consistently launch world-first AI applications — setting the pace, not following it 🌍 Global Impact : Top-tier user growth, real-world adoption, and cultural relevance 🧠 Proven Leadership : A senior team that’s launched, scaled, and exited & IPO’d multiple scale ups — now fully focused on reshaping AI companionship 👥 Elite Remote Team : 100% remote and built to win — world-class talent from Tier 1 tech companies , with a culture of ownership, velocity, and radical creativity 🛡️ Ethical Core : Our AI ecosystem is governed by EverGuard, our proprietary AI moderation technology , ensuring responsible development at scale What We Offer ✍️ Contract Type: We prefer B2B, but we’re flexible, what matters is long-term commitment and impact 📍 Work From Anywhere: Fully remote. Choose the environment where you do your best work 🏝️ Paid Time Off: 4 weeks (20 working days) of PTO per year to recharge and reset 👨‍👩‍👧‍👦 Annual Gathering: A yearly in-person meetup to connect, brainstorm, and celebrate wins together ❤️‍🩹 Health & Wellness Support: Monthly allowance of 100 USD for health insurance expenses 🏢 Co-Working Space Budget: Work from a co-working space up to twice per month (35 EUR / 40 USD per visit) to stay inspired and connected 📚 Learning Budget: Dedicated funds to support your professional growth: courses, books, conferences, events, or certifications 💻 Equipment: Company laptop provided + monitor budget up to 250 USD for your workspace setup ⚡ AI Tools Access: Premium access to ChatGPT, Cursor, Hugging Face, Claude Code, and any other tool needed to excel at your job, power your ideas and workflows * 💸 Compensation: Our salary ranges are set based on role level, scope, location, and market data, and applied consistently regardless of candidate background or negotiation history. The final offer within the published range reflects assessed experience and scope 🎯 Top Tier Talent Is Our Multiplier We’re a fully remote group of A-players from Tier 1 tech , led by an exec team who’ve launched, scaled, and exited multiple companies . We move fast, and care deeply about what we build — and who we build it with. We’re looking for exceptional talent ready to ship & distribute world-first AI products at scale, fast, and co-create with us this category-defining business. If that’s you — reach out and apply! 💡 External Referral Program Know someone who could be a great fit for this role? You can refer them through the EverAI External Referral Program and earn a bonus of up to 2,500 USD if they’re hired. Submit a referral here.",https://remotive.com/remote-jobs/artificial-intelligence/mid-senior-ai-cinematic-video-editor-2091035,Remotive
Senior Product Manager,,,,,"Wed, 24 Jun 2026 09:57:46 GMT","Are you a talented Senior Product Manager looking for a remote job where you can showcase your skills and earn competitive compensation? Look no further than Lemon.io — a marketplace that connects you with hand-picked startups in the US and Europe. What we offer: Your rate will depend on your seniority level, skills, and experience. We've already paid out over $11M to our engineers and other specialists. No more hunting for clients or negotiating rates — we’ll handle the business side so you can focus on delivering successful projects. Choose a schedule that works best for you. Async communication or minimal overlap with team working hours is possible. We respect your seniority, so you can expect no micromanagement or screen tracking. Communicate directly with clients and stakeholders. Many of them come from technical or product backgrounds. We’ll support you from the moment you submit your application throughout all stages of our cooperation. Most of our projects involve fast-paced startup environments — ideal for proactive and adaptable professionals. Requirements: 8+ years of experience in Product Management 8+ years of experience in Product Strategy and 5+ years of experience with SDLC/Market & Competitive Analysis OR 5+ years of experience in Product Strategy and 8+ years of experience with SDLC/Market & Competitive Analysis Experience with Figma and Mixpanel is a must Experience leading cross-functional product initiatives. Strong technical understanding: as a Senior Product Manager, you are expected to be able to launch products from scratch. Clear and effective communication in English — advanced ability to discuss business tasks, justify decisions, and communicate issues. Good self-presentation is also essential for upcoming client calls. Strong self-organizational skills — the ability to work full-time remotely with minimal supervision. Reliability — we want to trust you and expect that you won’t let us or the client down. Adaptability and flexibility — the ability to onboard onto a project promptly after accepting it and start delivering results quickly. NOT YOUR TECH STACK? We have a variety of projects, so if you have 4+ years of commercial software development experience and are proficient in AI Agent Architecture, AI Automation Architecture, AI Engineering, Site Reliability Engineering, Platform Engineering, React & Python, React & Golang, Golang, React & Java, React & Ruby, Ruby, PHP & Vue, Vue & Node.js, React & .NET, Android & iOS, Flutter, Blockchain (Ethereum/Ethers.js/Wagmi/Viem/Solana), Angular & Node.js, Vue & .NET, Python & Vue, DevOps with Azure DevOps, MLOps, Data Science, Angular & PHP, Angular & .NET, Symfony & React, Symfony & Vue, Symfony & Angular, Python, Symfony & JavaScript & Next.js & TypeScript, Data Analysis, React & PHP, Data Engineering, Project Management, QA Automation, QA Manual, Embedded Software Engineering, React Native & Node, React Native & React, React Native & Ruby, React Native & Python, WordPress, Android, Data Annotation, Angular, Python & Node, React & Node.js, Java & Spring, Svelte & Python, Svelte & Node.js, Svelte & TypeScript, Rust, Shopify & JavaScript, Vue & Nuxt, PHP & Laravel, UI/UX Design, Animation, Graphic Design, React & Node & React Native, .NET & C#, Electron, Scala, C++, Unreal Engine & C++, Python & LLM, Unity, or Machine Learning Engineering, we would be happy to connect with you and match you with a project that fits your experience. We do not provide visa assistance, and our cooperation model does not include the benefits typically offered with direct hire. We work with professionals from 75+ countries across Europe, Latin America, North America (the U.S. and Canada), selected countries in Asia (Japan, Singapore, South Korea, the Philippines, Indonesia, Malaysia, Vietnam, Thailand, and Israel), Oceania (Australia, New Zealand, and Papua New Guinea), and Africa (including Morocco and South Africa).",https://remotive.com/remote-jobs/product/senior-product-manager-2090984,Remotive
Staff Product Engineer (São Paulo),,,,,"Tue, 23 Jun 2026 08:31:36 GMT","This is a remote role for candidates located in São Paulo , Brazil. LawnStarter LawnStarter is the nation's leading on-demand marketplace for lawn care and outdoor services, with over $100M in annual bookings. We're expanding beyond lawn care to become the one-stop shop for all home services — operating across three brands (LawnStarter, Lawn Love, Home Gnome) on a single shared platform. About Engineering at LawnStarter We build in small, focused initiative teams: a Product Engineer working alongside a PM and a designer, supported by an Engineering Manager who helps you grow. You'll also work shoulder-to-shoulder with engineering peers across initiatives in a shared codebase. The whole team owns whether the work moves its metric. AI coding agents are a force multiplier here — they give a small, senior team the leverage to ship more, faster, and at a higher bar for quality. We hire engineers who are wired for ownership and energized by shipping to a real marketplace with customers and pros on both sides. The Role You're the engineering anchor of an initiative — working as part of a tight team with your PM and designer, and alongside engineering peers on adjacent initiatives. You have a hand in the full lifecycle: shaping the problem, deciding the technical approach, directing AI agents to implement much of the code, shipping to production, and — with your team — owning the outcome. You're measured by impact, not by lines of code merged. When an agent can ship something safely, your job is to make sure it's done right and the metric moves. When the work calls for careful, hand-written code in a sensitive area, you write it yourself. What makes this role exciting: You ship end-to-end. From problem-framing through production to the post-launch metric review — you see the whole arc and own the result with your team. You work as a true product partner. You sit at the table with PM and design, bringing engineering judgment to product calls and product sense to engineering calls. You get real autonomy — with the right checkpoints. You make most technical calls yourself, with architect review on significant architectural decisions and fast input from peers. You operate at a staff bar. You're trusted to make the call, ship the hard thing, and stand behind the outcome. What You'll Own The technical approach — architecture, data model, integration choices, rollout plan, observability, and rollback strategy for your initiative. You make most calls yourself and bring significant architectural decisions to architect review; you document them, and revisit if the data says you were wrong. Implementation quality — the prompts, guardrails, evals, tests, and review loop that let agents ship safe, correct, production-ready code. Most lines will be agent-authored, and you're accountable for them — held to the same standard as the rest of the team working in a shared codebase. Cross-functional partnership — daily working contact with your PM (scope, tradeoffs) and designer (UX decisions, in-tool prototyping), regular collaboration with engineering peers, and weekly check-ins with your EM. The initiative outcome — the metric the initiative was set up to move. With your PM, you present results 2–4 weeks post-launch and share the ""did it work"" answer. A high bar for what ships — production correctness, security, performance, observability, and the experience for customers and pros. Agents accelerate you; they don't lower the bar. Problems to Solve Leading AI agents at a staff-level quality bar Most of the code on your initiative will be authored by AI agents. The craft is making them ship as if a senior engineer wrote it: prompts that encode our conventions, evals that catch issues before merge, tests that exercise the edges, observability that catches a regression before a customer does. How do you build a workflow that lets a small team ship far more than its size would suggest? Owning decisions with high autonomy You have real latitude to make and document technical calls quickly — with architect review on the big architectural ones and peers to pressure-test your thinking. How do you move fast, keep your team aligned, and stay accountable to the outcome? Shipping outcomes, not features Each initiative is measured by a metric — a conversion rate, a retention curve, a pro-funnel KPI, a unit-economics shift. You're accountable for the number alongside your team. How do you scope to actually move it, decide what *not* to build, and have the discipline to follow up 2–4 weeks after launch? What Success Looks Like (Year 1) Initiative outcomes hit — You've shipped 3–4 initiatives end-to-end, and at least two clearly moved their metric (with the post-launch review to prove it). Agent workflow that travels — The prompts, evals, and review loop you built are picked up by peers on other initiatives. Faster cycle time — Median time from problem-framing to first production rollout on your initiatives is meaningfully shorter. Quality holds — No customer- or pro-facing regression traceable to agent-authored code that slipped through your review. Visible leverage — Peers point to artifacts you left behind — runbooks, evals, agent workflows, post-launch write-ups — as references they use. Requirements Who You Are AI-native. Claude Code, Cursor, Codex, or equivalent are how you ship today — daily, on production work. You have real opinions about prompts, evals, agent loops, and review workflows, and you know when to let the agent run versus write it yourself. Operating at a lead level. Whatever your current title, you've been the person making the call, shipping the hard thing, and standing behind whether it worked. Outcome-driven. You measure your week in ""did the metric move"" and ""did the experience get better."" You read the post-launch dashboard and own the answer. A strong horizontal partner. You hold your own with a strong PM and designer, and you collaborate well with engineering peers in a shared codebase. You bring engineering judgment to product calls and product judgment to engineering calls. Decisive and documented. You make architecture, data-model, and rollout calls, write them down, get fast input, and move. A force multiplier. Your impact compounds beyond your own initiative because you leave reusable artifacts behind — agent workflows, evals, runbooks, post-launch reviews. Customer- and pro-minded. This is a real marketplace with real people on both sides, and you care about the outcomes for both. Good to Know An individual-contributor role with room to grow. People management sits with the EM — but the path into management is an open door for those who want it. A product-engineering role, end-to-end. You ship features that move metrics; platform and architecture work happen inside the initiative when the outcome needs them. Hands-on, with a high quality bar. Agents handle much of the implementation; you bring the judgment, design, safety, and accountability. The bar is high. Shipping to a live marketplace. With $100M+ in bookings, customers and pros use what you ship within the same week. Tech You'll Touch AI agents — Claude Code, Cursor, Codex, internal agent stack, MCP servers, evals tooling Backend — PHP/Laravel Frontend — TypeScript/React/React Native (customer & pro apps, web and mobile) Data — Redshift, dbt, Segment, Airflow Infra — AWS, Datadog, Sentry, GitHub Actions Documentation & process — Brain (Claude Code skills + docs repo), Confluence, Jira You don't need every box checked. You need deep skill in at least one of our stacks plus credible production experience with AI coding agents. Benefits Competitive salary of USD $80,000–$100,000 annual base Work from anywhere High ownership and autonomy Fast-moving team that loves to build, learn, and grow",https://remotive.com/remote-jobs/product/staff-product-engineer-sao-paulo-2091000,Remotive
Senior Quality Engineer (Florianópolis),,,,,"Tue, 23 Jun 2026 08:30:06 GMT","This is a remote role for candidates located in Florianópolis, Brazil About LawnStarter LawnStarter is the nation's leading on-demand marketplace for lawn care and outdoor services, with over $100M in annual bookings. We're expanding beyond lawn care to become the one-stop shop for all home services, operating across three brands (LawnStarter, Lawn Love, Home Gnome) on a single shared platform. About Engineering at LawnStarter We've spent the last two years rebuilding the platform from the ground up: new customer app, new Pro onboarding, job distribution engine, and data infrastructure. The foundation is solid. Now we're moving into expanded service verticals, dynamic pricing, and AI-powered features at scale. Quality needs to keep up. Our stack is PHP (Laravel) and React/React Native, with Cypress as our primary test framework. We actively use Claude Code as part of our engineering workflow, not as an experiment, but as a core part of how we work. The Role As we scale into new service verticals and grow the engineering team, quality can't be reactive. This role exists to make quality proactive: owning the automation coverage, shaping the bug process, and partnering closely with Product, Design, and the Data team to catch problems before they reach customers. You'll report to the Engineering Manager and be embedded across the engineering organization. This is hands-on and strategic, helping raise the quality ceiling for the whole team. What makes this role different: Cross-functional influence : You work directly with engineers, PMs, Designers, and the Data team to surface risks early, understand requirements deeply, and propose better solutions. You may be embedded in one or two delivery teams. Automation ownership : You own the strategy for building and expanding our automated test coverage, not just executing test cases someone else wrote. Process shaper : You'll identify gaps in our quality process and have the authority to fix them, not just flag them. What You'll Own Automated test coverage : Design and grow our E2E and integration test suite using Cypress. Set the strategy, prioritize coverage gaps, and raise the floor across the platform. Bug process : Own the full lifecycle from triage to production fix. Keep it moving, keep stakeholders informed, and make sure nothing falls through the cracks. Cross-functional quality partnership : Collaborate with PMs, Designers, and the Data team to review requirements, raise risks early, and define what ""done"" actually means. Process improvement : Identify weaknesses in how we deliver software and propose solutions. Not just document them. Exploratory testing : Test new features and existing flows on web and mobile across devices, catching what automation misses. Problems to Solve Keeping automation coverage sharp as the product evolves Our E2E coverage is solid. The challenge is staying ahead: bringing new ideas, exploring different types of coverage, and finding smarter ways to automate different aspects of the application as the product grows and new service verticals come online. Exploring new tools and leveraging AI to improve quality operations AI is changing how we build software, and it's changing how we can test it too. There's real opportunity here to use AI tools to increase output quality, cut repetitive work, and discover coverage gaps we'd otherwise miss. We want someone who actively explores that space, not someone who waits to be told what to use. What Success Looks Like (Year 1) Automation coverage stays strong : New features ship with automated tests as a baseline, and coverage strategies evolve with the product. Bug process runs smoothly : Triage to fix cycle is predictable and stakeholders know where things stand without having to ask. Deep business knowledge : You understand how the marketplace works well enough to anticipate edge cases on your own. Quality process improvement shipped : At least one meaningful improvement to how we deliver quality is in place and being used by the team. Requirements Who You Are AI-native. You use AI tools like Claude Code to write, maintain, and extend test code, not as a novelty, but as a standard part of how you work. You're comfortable with browser MCPs, agent workflows, and building scripts that automate the boring parts of QA. This is unlikely to be a good fit if you're skeptical of AI in the engineering workflow. Automation-first. Your default when you find a problem is to ask how to prevent it automatically. You build test infrastructure that outlasts any individual test case. This is unlikely to be a good fit if your strength is manual testing and automation is something you tolerate rather than drive. Customer-obsessed. You think like a user. When you're testing a flow, you're asking whether it actually works for a real customer, not just whether it matches the spec. This is unlikely to be a good fit if you treat quality as a checkbox rather than a standard. Adaptable. You don't get attached to a single tool, stack, or process. We're in a period of rapid evolution in how software gets built and tested, especially with AI, and you lean into that rather than resist it. This is unlikely to be a good fit if you thrive only in stable, well-defined tooling environments. Collaborative and direct. You work across Product, Design, Engineering, and Operations. You surface risks early, speak plainly about what you find, and push back when something isn't ready to ship. This is unlikely to be a good fit if you prefer to work in isolation or soften feedback to avoid friction. Technically solid. You're comfortable reading and writing code. You understand front and backend web services well enough to test them properly, write meaningful SQL queries, and debug issues across the stack. This is unlikely to be a good fit if your technical depth is limited to a single layer or framework. This Role Is NOT A manual-testing role : Most of your testing work should be building automation, not executing test scripts by hand. A ticket-executor role : You're expected to shape what gets worked on and how, not just process a backlog. A single-tool role : We use Cypress today, but we adapt. If you're only comfortable in one framework or one part of the stack, this will be limiting. A role for someone who avoids ambiguity : The business is changing fast. New verticals, new flows, new edge cases. You need to be comfortable moving before everything is defined. A back-of-the-line role : Quality is a first-class concern here. You're expected to have opinions and influence the process upstream, not just verify what's already been built. Benefits Compensation & Benefits Base salary: $45-$65k Equity: We want you invested in the quality and long-term health of the platform you're helping build. Fully remote: Work from anywhere in the Americas. Deep focus and async collaboration are the norm here. Unlimited PTO: We focus on results. Take what you need. LawnStarter provides equal employment opportunities (EEO) to all employees and applicants for employment without regard to race, color, religion, sex, national origin, age, disability, or genetics. We comply with applicable state and local laws governing nondiscrimination in employment.",https://remotive.com/remote-jobs/qa/senior-quality-engineer-florianopolis-2090994,Remotive
Senior Quality Engineer (São Paulo),,,,,"Tue, 23 Jun 2026 08:27:20 GMT","This is a remote role for candidates located in São Paulo , Brazil About LawnStarter LawnStarter is the nation's leading on-demand marketplace for lawn care and outdoor services, with over $100M in annual bookings. We're expanding beyond lawn care to become the one-stop shop for all home services, operating across three brands (LawnStarter, Lawn Love, Home Gnome) on a single shared platform. About Engineering at LawnStarter We've spent the last two years rebuilding the platform from the ground up: new customer app, new Pro onboarding, job distribution engine, and data infrastructure. The foundation is solid. Now we're moving into expanded service verticals, dynamic pricing, and AI-powered features at scale. Quality needs to keep up. Our stack is PHP (Laravel) and React/React Native, with Cypress as our primary test framework. We actively use Claude Code as part of our engineering workflow, not as an experiment, but as a core part of how we work. The Role As we scale into new service verticals and grow the engineering team, quality can't be reactive. This role exists to make quality proactive: owning the automation coverage, shaping the bug process, and partnering closely with Product, Design, and the Data team to catch problems before they reach customers. You'll report to the Engineering Manager and be embedded across the engineering organization. This is hands-on and strategic, helping raise the quality ceiling for the whole team. What makes this role different: Cross-functional influence : You work directly with engineers, PMs, Designers, and the Data team to surface risks early, understand requirements deeply, and propose better solutions. You may be embedded in one or two delivery teams. Automation ownership : You own the strategy for building and expanding our automated test coverage, not just executing test cases someone else wrote. Process shaper : You'll identify gaps in our quality process and have the authority to fix them, not just flag them. What You'll Own Automated test coverage : Design and grow our E2E and integration test suite using Cypress. Set the strategy, prioritize coverage gaps, and raise the floor across the platform. Bug process : Own the full lifecycle from triage to production fix. Keep it moving, keep stakeholders informed, and make sure nothing falls through the cracks. Cross-functional quality partnership : Collaborate with PMs, Designers, and the Data team to review requirements, raise risks early, and define what ""done"" actually means. Process improvement : Identify weaknesses in how we deliver software and propose solutions. Not just document them. Exploratory testing : Test new features and existing flows on web and mobile across devices, catching what automation misses. Problems to Solve Keeping automation coverage sharp as the product evolves Our E2E coverage is solid. The challenge is staying ahead: bringing new ideas, exploring different types of coverage, and finding smarter ways to automate different aspects of the application as the product grows and new service verticals come online. Exploring new tools and leveraging AI to improve quality operations AI is changing how we build software, and it's changing how we can test it too. There's real opportunity here to use AI tools to increase output quality, cut repetitive work, and discover coverage gaps we'd otherwise miss. We want someone who actively explores that space, not someone who waits to be told what to use. What Success Looks Like (Year 1) Automation coverage stays strong : New features ship with automated tests as a baseline, and coverage strategies evolve with the product. Bug process runs smoothly : Triage to fix cycle is predictable and stakeholders know where things stand without having to ask. Deep business knowledge : You understand how the marketplace works well enough to anticipate edge cases on your own. Quality process improvement shipped : At least one meaningful improvement to how we deliver quality is in place and being used by the team. Requirements Who You Are AI-native. You use AI tools like Claude Code to write, maintain, and extend test code, not as a novelty, but as a standard part of how you work. You're comfortable with browser MCPs, agent workflows, and building scripts that automate the boring parts of QA. This is unlikely to be a good fit if you're skeptical of AI in the engineering workflow. Automation-first. Your default when you find a problem is to ask how to prevent it automatically. You build test infrastructure that outlasts any individual test case. This is unlikely to be a good fit if your strength is manual testing and automation is something you tolerate rather than drive. Customer-obsessed. You think like a user. When you're testing a flow, you're asking whether it actually works for a real customer, not just whether it matches the spec. This is unlikely to be a good fit if you treat quality as a checkbox rather than a standard. Adaptable. You don't get attached to a single tool, stack, or process. We're in a period of rapid evolution in how software gets built and tested, especially with AI, and you lean into that rather than resist it. This is unlikely to be a good fit if you thrive only in stable, well-defined tooling environments. Collaborative and direct. You work across Product, Design, Engineering, and Operations. You surface risks early, speak plainly about what you find, and push back when something isn't ready to ship. This is unlikely to be a good fit if you prefer to work in isolation or soften feedback to avoid friction. Technically solid. You're comfortable reading and writing code. You understand front and backend web services well enough to test them properly, write meaningful SQL queries, and debug issues across the stack. This is unlikely to be a good fit if your technical depth is limited to a single layer or framework. This Role Is NOT A manual-testing role : Most of your testing work should be building automation, not executing test scripts by hand. A ticket-executor role : You're expected to shape what gets worked on and how, not just process a backlog. A single-tool role : We use Cypress today, but we adapt. If you're only comfortable in one framework or one part of the stack, this will be limiting. A role for someone who avoids ambiguity : The business is changing fast. New verticals, new flows, new edge cases. You need to be comfortable moving before everything is defined. A back-of-the-line role : Quality is a first-class concern here. You're expected to have opinions and influence the process upstream, not just verify what's already been built. Benefits Compensation & Benefits Base salary: $45-$65k Equity: We want you invested in the quality and long-term health of the platform you're helping build. Fully remote: Work from anywhere in the Americas. Deep focus and async collaboration are the norm here. Unlimited PTO: We focus on results. Take what you need. LawnStarter provides equal employment opportunities (EEO) to all employees and applicants for employment without regard to race, color, religion, sex, national origin, age, disability, or genetics. We comply with applicable state and local laws governing nondiscrimination in employment.",https://remotive.com/remote-jobs/qa/senior-quality-engineer-sao-paulo-2090995,Remotive
Senior Quality Engineer (Belo Horizonte),,,,,"Tue, 23 Jun 2026 08:25:38 GMT","This is a remote role for candidates located in Belo Horizonte, Brazil About LawnStarter LawnStarter is the nation's leading on-demand marketplace for lawn care and outdoor services, with over $100M in annual bookings. We're expanding beyond lawn care to become the one-stop shop for all home services, operating across three brands (LawnStarter, Lawn Love, Home Gnome) on a single shared platform. About Engineering at LawnStarter We've spent the last two years rebuilding the platform from the ground up: new customer app, new Pro onboarding, job distribution engine, and data infrastructure. The foundation is solid. Now we're moving into expanded service verticals, dynamic pricing, and AI-powered features at scale. Quality needs to keep up. Our stack is PHP (Laravel) and React/React Native, with Cypress as our primary test framework. We actively use Claude Code as part of our engineering workflow, not as an experiment, but as a core part of how we work. The Role As we scale into new service verticals and grow the engineering team, quality can't be reactive. This role exists to make quality proactive: owning the automation coverage, shaping the bug process, and partnering closely with Product, Design, and the Data team to catch problems before they reach customers. You'll report to the Engineering Manager and be embedded across the engineering organization. This is hands-on and strategic, helping raise the quality ceiling for the whole team. What makes this role different: Cross-functional influence : You work directly with engineers, PMs, Designers, and the Data team to surface risks early, understand requirements deeply, and propose better solutions. You may be embedded in one or two delivery teams. Automation ownership : You own the strategy for building and expanding our automated test coverage, not just executing test cases someone else wrote. Process shaper : You'll identify gaps in our quality process and have the authority to fix them, not just flag them. What You'll Own Automated test coverage : Design and grow our E2E and integration test suite using Cypress. Set the strategy, prioritize coverage gaps, and raise the floor across the platform. Bug process : Own the full lifecycle from triage to production fix. Keep it moving, keep stakeholders informed, and make sure nothing falls through the cracks. Cross-functional quality partnership : Collaborate with PMs, Designers, and the Data team to review requirements, raise risks early, and define what ""done"" actually means. Process improvement : Identify weaknesses in how we deliver software and propose solutions. Not just document them. Exploratory testing : Test new features and existing flows on web and mobile across devices, catching what automation misses. Problems to Solve Keeping automation coverage sharp as the product evolves Our E2E coverage is solid. The challenge is staying ahead: bringing new ideas, exploring different types of coverage, and finding smarter ways to automate different aspects of the application as the product grows and new service verticals come online. Exploring new tools and leveraging AI to improve quality operations AI is changing how we build software, and it's changing how we can test it too. There's real opportunity here to use AI tools to increase output quality, cut repetitive work, and discover coverage gaps we'd otherwise miss. We want someone who actively explores that space, not someone who waits to be told what to use. What Success Looks Like (Year 1) Automation coverage stays strong : New features ship with automated tests as a baseline, and coverage strategies evolve with the product. Bug process runs smoothly : Triage to fix cycle is predictable and stakeholders know where things stand without having to ask. Deep business knowledge : You understand how the marketplace works well enough to anticipate edge cases on your own. Quality process improvement shipped : At least one meaningful improvement to how we deliver quality is in place and being used by the team. Requirements Who You Are AI-native. You use AI tools like Claude Code to write, maintain, and extend test code, not as a novelty, but as a standard part of how you work. You're comfortable with browser MCPs, agent workflows, and building scripts that automate the boring parts of QA. This is unlikely to be a good fit if you're skeptical of AI in the engineering workflow. Automation-first. Your default when you find a problem is to ask how to prevent it automatically. You build test infrastructure that outlasts any individual test case. This is unlikely to be a good fit if your strength is manual testing and automation is something you tolerate rather than drive. Customer-obsessed. You think like a user. When you're testing a flow, you're asking whether it actually works for a real customer, not just whether it matches the spec. This is unlikely to be a good fit if you treat quality as a checkbox rather than a standard. Adaptable. You don't get attached to a single tool, stack, or process. We're in a period of rapid evolution in how software gets built and tested, especially with AI, and you lean into that rather than resist it. This is unlikely to be a good fit if you thrive only in stable, well-defined tooling environments. Collaborative and direct. You work across Product, Design, Engineering, and Operations. You surface risks early, speak plainly about what you find, and push back when something isn't ready to ship. This is unlikely to be a good fit if you prefer to work in isolation or soften feedback to avoid friction. Technically solid. You're comfortable reading and writing code. You understand front and backend web services well enough to test them properly, write meaningful SQL queries, and debug issues across the stack. This is unlikely to be a good fit if your technical depth is limited to a single layer or framework. This Role Is NOT A manual-testing role : Most of your testing work should be building automation, not executing test scripts by hand. A ticket-executor role : You're expected to shape what gets worked on and how, not just process a backlog. A single-tool role : We use Cypress today, but we adapt. If you're only comfortable in one framework or one part of the stack, this will be limiting. A role for someone who avoids ambiguity : The business is changing fast. New verticals, new flows, new edge cases. You need to be comfortable moving before everything is defined. A back-of-the-line role : Quality is a first-class concern here. You're expected to have opinions and influence the process upstream, not just verify what's already been built. Benefits Compensation & Benefits Base salary: $45-$65k Equity: We want you invested in the quality and long-term health of the platform you're helping build. Fully remote: Work from anywhere in the Americas. Deep focus and async collaboration are the norm here. Unlimited PTO: We focus on results. Take what you need. LawnStarter provides equal employment opportunities (EEO) to all employees and applicants for employment without regard to race, color, religion, sex, national origin, age, disability, or genetics. We comply with applicable state and local laws governing nondiscrimination in employment.",https://remotive.com/remote-jobs/qa/senior-quality-engineer-belo-horizonte-2090996,Remotive
Senior Quality Engineer (Campinas),,,,,"Tue, 23 Jun 2026 08:23:50 GMT","This is a remote role for candidates located in Campinas, Brazil. About LawnStarter LawnStarter is the nation's leading on-demand marketplace for lawn care and outdoor services, with over $100M in annual bookings. We're expanding beyond lawn care to become the one-stop shop for all home services, operating across three brands (LawnStarter, Lawn Love, Home Gnome) on a single shared platform. About Engineering at LawnStarter We've spent the last two years rebuilding the platform from the ground up: new customer app, new Pro onboarding, job distribution engine, and data infrastructure. The foundation is solid. Now we're moving into expanded service verticals, dynamic pricing, and AI-powered features at scale. Quality needs to keep up. Our stack is PHP (Laravel) and React/React Native, with Cypress as our primary test framework. We actively use Claude Code as part of our engineering workflow, not as an experiment, but as a core part of how we work. The Role As we scale into new service verticals and grow the engineering team, quality can't be reactive. This role exists to make quality proactive: owning the automation coverage, shaping the bug process, and partnering closely with Product, Design, and the Data team to catch problems before they reach customers. You'll report to the Engineering Manager and be embedded across the engineering organization. This is hands-on and strategic, helping raise the quality ceiling for the whole team. What makes this role different: Cross-functional influence : You work directly with engineers, PMs, Designers, and the Data team to surface risks early, understand requirements deeply, and propose better solutions. You may be embedded in one or two delivery teams. Automation ownership : You own the strategy for building and expanding our automated test coverage, not just executing test cases someone else wrote. Process shaper : You'll identify gaps in our quality process and have the authority to fix them, not just flag them. What You'll Own Automated test coverage : Design and grow our E2E and integration test suite using Cypress. Set the strategy, prioritize coverage gaps, and raise the floor across the platform. Bug process : Own the full lifecycle from triage to production fix. Keep it moving, keep stakeholders informed, and make sure nothing falls through the cracks. Cross-functional quality partnership : Collaborate with PMs, Designers, and the Data team to review requirements, raise risks early, and define what ""done"" actually means. Process improvement : Identify weaknesses in how we deliver software and propose solutions. Not just document them. Exploratory testing : Test new features and existing flows on web and mobile across devices, catching what automation misses. Problems to Solve Keeping automation coverage sharp as the product evolves Our E2E coverage is solid. The challenge is staying ahead: bringing new ideas, exploring different types of coverage, and finding smarter ways to automate different aspects of the application as the product grows and new service verticals come online. Exploring new tools and leveraging AI to improve quality operations AI is changing how we build software, and it's changing how we can test it too. There's real opportunity here to use AI tools to increase output quality, cut repetitive work, and discover coverage gaps we'd otherwise miss. We want someone who actively explores that space, not someone who waits to be told what to use. What Success Looks Like (Year 1) Automation coverage stays strong : New features ship with automated tests as a baseline, and coverage strategies evolve with the product. Bug process runs smoothly : Triage to fix cycle is predictable and stakeholders know where things stand without having to ask. Deep business knowledge : You understand how the marketplace works well enough to anticipate edge cases on your own. Quality process improvement shipped : At least one meaningful improvement to how we deliver quality is in place and being used by the team. Requirements Who You Are AI-native. You use AI tools like Claude Code to write, maintain, and extend test code, not as a novelty, but as a standard part of how you work. You're comfortable with browser MCPs, agent workflows, and building scripts that automate the boring parts of QA. This is unlikely to be a good fit if you're skeptical of AI in the engineering workflow. Automation-first. Your default when you find a problem is to ask how to prevent it automatically. You build test infrastructure that outlasts any individual test case. This is unlikely to be a good fit if your strength is manual testing and automation is something you tolerate rather than drive. Customer-obsessed. You think like a user. When you're testing a flow, you're asking whether it actually works for a real customer, not just whether it matches the spec. This is unlikely to be a good fit if you treat quality as a checkbox rather than a standard. Adaptable. You don't get attached to a single tool, stack, or process. We're in a period of rapid evolution in how software gets built and tested, especially with AI, and you lean into that rather than resist it. This is unlikely to be a good fit if you thrive only in stable, well-defined tooling environments. Collaborative and direct. You work across Product, Design, Engineering, and Operations. You surface risks early, speak plainly about what you find, and push back when something isn't ready to ship. This is unlikely to be a good fit if you prefer to work in isolation or soften feedback to avoid friction. Technically solid. You're comfortable reading and writing code. You understand front and backend web services well enough to test them properly, write meaningful SQL queries, and debug issues across the stack. This is unlikely to be a good fit if your technical depth is limited to a single layer or framework. This Role Is NOT A manual-testing role : Most of your testing work should be building automation, not executing test scripts by hand. A ticket-executor role : You're expected to shape what gets worked on and how, not just process a backlog. A single-tool role : We use Cypress today, but we adapt. If you're only comfortable in one framework or one part of the stack, this will be limiting. A role for someone who avoids ambiguity : The business is changing fast. New verticals, new flows, new edge cases. You need to be comfortable moving before everything is defined. A back-of-the-line role : Quality is a first-class concern here. You're expected to have opinions and influence the process upstream, not just verify what's already been built. Benefits Compensation & Benefits Base salary: $45-$65k Equity: We want you invested in the quality and long-term health of the platform you're helping build. Fully remote: Work from anywhere in the Americas. Deep focus and async collaboration are the norm here. Unlimited PTO: We focus on results. Take what you need. LawnStarter provides equal employment opportunities (EEO) to all employees and applicants for employment without regard to race, color, religion, sex, national origin, age, disability, or genetics. We comply with applicable state and local laws governing nondiscrimination in employment.",https://remotive.com/remote-jobs/qa/senior-quality-engineer-campinas-2090998,Remotive
Senior Quality Engineer (Porto Alegre),,,,,"Tue, 23 Jun 2026 07:08:26 GMT","This is a remote role for candidates located in Porto Alegre, Brazil About LawnStarter LawnStarter is the nation's leading on-demand marketplace for lawn care and outdoor services, with over $100M in annual bookings. We're expanding beyond lawn care to become the one-stop shop for all home services, operating across three brands (LawnStarter, Lawn Love, Home Gnome) on a single shared platform. About Engineering at LawnStarter We've spent the last two years rebuilding the platform from the ground up: new customer app, new Pro onboarding, job distribution engine, and data infrastructure. The foundation is solid. Now we're moving into expanded service verticals, dynamic pricing, and AI-powered features at scale. Quality needs to keep up. Our stack is PHP (Laravel) and React/React Native, with Cypress as our primary test framework. We actively use Claude Code as part of our engineering workflow, not as an experiment, but as a core part of how we work. The Role As we scale into new service verticals and grow the engineering team, quality can't be reactive. This role exists to make quality proactive: owning the automation coverage, shaping the bug process, and partnering closely with Product, Design, and the Data team to catch problems before they reach customers. You'll report to the Engineering Manager and be embedded across the engineering organization. This is hands-on and strategic, helping raise the quality ceiling for the whole team. What makes this role different: Cross-functional influence : You work directly with engineers, PMs, Designers, and the Data team to surface risks early, understand requirements deeply, and propose better solutions. You may be embedded in one or two delivery teams. Automation ownership : You own the strategy for building and expanding our automated test coverage, not just executing test cases someone else wrote. Process shaper : You'll identify gaps in our quality process and have the authority to fix them, not just flag them. What You'll Own Automated test coverage : Design and grow our E2E and integration test suite using Cypress. Set the strategy, prioritize coverage gaps, and raise the floor across the platform. Bug process : Own the full lifecycle from triage to production fix. Keep it moving, keep stakeholders informed, and make sure nothing falls through the cracks. Cross-functional quality partnership : Collaborate with PMs, Designers, and the Data team to review requirements, raise risks early, and define what ""done"" actually means. Process improvement : Identify weaknesses in how we deliver software and propose solutions. Not just document them. Exploratory testing : Test new features and existing flows on web and mobile across devices, catching what automation misses. Problems to Solve Keeping automation coverage sharp as the product evolves Our E2E coverage is solid. The challenge is staying ahead: bringing new ideas, exploring different types of coverage, and finding smarter ways to automate different aspects of the application as the product grows and new service verticals come online. Exploring new tools and leveraging AI to improve quality operations AI is changing how we build software, and it's changing how we can test it too. There's real opportunity here to use AI tools to increase output quality, cut repetitive work, and discover coverage gaps we'd otherwise miss. We want someone who actively explores that space, not someone who waits to be told what to use. What Success Looks Like (Year 1) Automation coverage stays strong : New features ship with automated tests as a baseline, and coverage strategies evolve with the product. Bug process runs smoothly : Triage to fix cycle is predictable and stakeholders know where things stand without having to ask. Deep business knowledge : You understand how the marketplace works well enough to anticipate edge cases on your own. Quality process improvement shipped : At least one meaningful improvement to how we deliver quality is in place and being used by the team. Requirements Who You Are AI-native. You use AI tools like Claude Code to write, maintain, and extend test code, not as a novelty, but as a standard part of how you work. You're comfortable with browser MCPs, agent workflows, and building scripts that automate the boring parts of QA. This is unlikely to be a good fit if you're skeptical of AI in the engineering workflow. Automation-first. Your default when you find a problem is to ask how to prevent it automatically. You build test infrastructure that outlasts any individual test case. This is unlikely to be a good fit if your strength is manual testing and automation is something you tolerate rather than drive. Customer-obsessed. You think like a user. When you're testing a flow, you're asking whether it actually works for a real customer, not just whether it matches the spec. This is unlikely to be a good fit if you treat quality as a checkbox rather than a standard. Adaptable. You don't get attached to a single tool, stack, or process. We're in a period of rapid evolution in how software gets built and tested, especially with AI, and you lean into that rather than resist it. This is unlikely to be a good fit if you thrive only in stable, well-defined tooling environments. Collaborative and direct. You work across Product, Design, Engineering, and Operations. You surface risks early, speak plainly about what you find, and push back when something isn't ready to ship. This is unlikely to be a good fit if you prefer to work in isolation or soften feedback to avoid friction. Technically solid. You're comfortable reading and writing code. You understand front and backend web services well enough to test them properly, write meaningful SQL queries, and debug issues across the stack. This is unlikely to be a good fit if your technical depth is limited to a single layer or framework. This Role Is NOT A manual-testing role : Most of your testing work should be building automation, not executing test scripts by hand. A ticket-executor role : You're expected to shape what gets worked on and how, not just process a backlog. A single-tool role : We use Cypress today, but we adapt. If you're only comfortable in one framework or one part of the stack, this will be limiting. A role for someone who avoids ambiguity : The business is changing fast. New verticals, new flows, new edge cases. You need to be comfortable moving before everything is defined. A back-of-the-line role : Quality is a first-class concern here. You're expected to have opinions and influence the process upstream, not just verify what's already been built. Benefits Compensation & Benefits Base salary: $45-$65k Equity: We want you invested in the quality and long-term health of the platform you're helping build. Fully remote: Work from anywhere in the Americas. Deep focus and async collaboration are the norm here. Unlimited PTO: We focus on results. Take what you need. LawnStarter provides equal employment opportunities (EEO) to all employees and applicants for employment without regard to race, color, religion, sex, national origin, age, disability, or genetics. We comply with applicable state and local laws governing nondiscrimination in employment.",https://remotive.com/remote-jobs/qa/senior-quality-engineer-porto-alegre-2090997,Remotive
Mid/Senior AI Cinematic Video Editor,,,,,"Fri, 19 Jun 2026 19:46:09 GMT","Our Vision & Products 🚀 EverAI — Building the Future of AI Companionship One of the Top 15 Largest & Fastest-Growing AI Companies in the World 50 Million Users in 2 years — Help Us Reach 100M first, 500M next At EverAI , we’re shaping what it means to connect with AI. With 50 million users and counting , we're not just building products — we're creating entirely new categories. Our flagship product is the world’s largest AI companionship platform , redefining relationships for millions. It is governed by our proprietary moderation system, EverGuard — an internal AI designed to ensure everything we build is safe, ethical, and human-first . And we’re only just getting started! Our Team We are an enthusiastic, passionate and hardworking team of ≈ 75 people. Our founding team has strong entrepreneurial experience building and scaling web products from 0 to IPO. Alexis Soulopoulos [CEO] • 10+ years in Tech Executive Leadership • Co-Founder Mad Paws Holdings (from 0 to IPO) • Forbes 30 under 30 + Deloitte TechFast50 ’22 & ‘23 Michael Monin [Co-founder & CTO] • 10+ years as CTO / COO (web2/web3), 1+ year in AI/LLM • Serial-entrepreneur: MTK Digital (exited / 0->$20m revenue) and Zipchat (AI Chatbot for E-commerce brands) Thomas Lacroix [Co-founder & CMO] • 8+ years in Customer Acquisition & E-commerce Growth • Serial-entrepreneur: Curatible (sold to Blackstone) and MTK Digital (exited / 0->$20m revenue) Maruša Fasano [CFO/Legal] • 25+ years in Finance, Strategy, M&A • Ex-CFO/M&A @Curatible (exited to Blackstone) • Ex-President of the Board @SotremoSA (exited) • Co-founder/CFO @SoftOne (exited) Your Role We are looking for a Mid/Senior AI Cinematic Video Editor who is deeply embedded in generative video workflows and can independently craft high-quality, narrative-driven content from concept to final output. You are a sharp-eyed video editor comfortable operating at the intersection of creativity and emerging technology, building visually compelling long-form videos using AI-first pipelines. You take ownership of the entire production stack — from prompting and generation to editing, compositing, graphic design work and final delivery. You thrive in a high-performance environment where your quick wits and passion for story-telling shine. Reporting to your Content Lead, this is what you'll be doing: Key Responsibilities Conceptualise scripts based on current production needs and centred around existing AI characters (our own IPs) Create narrative-driven, longform video content , including stylized and explicit NSFW visuals, with a strong focus on storytelling, atmosphere, and visual coherence throughout Own and manage end-to-end AI video production workflows , from ideation and prompting to generation, editing, and post-production Utilise tools such as Kling, Seedance, Happy Horse and other AI video models/platforms to produce high-quality visual sequences Develop and maintain consistent character appearance, style, and scene continuity across longer narratives using advanced techniques Integrate motion graphic design and colour correction to deliver cohesive final outputs Experiment rapidly with new AI models, tools, and techniques , incorporating them into production workflows and sharing skills with the rest of the team Align with your Content Lead’s creative direction while maintaining a high degree of autonomy in execution and technical decision-making Continuously refine workflows for efficiency, scalability, and output quality Your Qualifications Hard Skills 4–6+ years of experience in video production, VFX, or digital art , with a strong portfolio (AI-driven video work is a must) Hands-on experience with the latest AI video tools and models (e.g., Kling, Seedance, Happy Horse, and similar emerging options) Solid understanding of AI image/video generation pipelines , including prompting, batching, consistency techniques, and post-processing Experience with traditional tools like Premiere Pro, After Effects or similar for final assembly and polish Strong grasp of visual storytelling, pacing, composition, and cinematic language Ability to maintain character and scene consistency across sequences in AI-generated content Soft Skills 🗣 Strong communication & collaboration skills (fluent in English) 🎯 High ownership — able to take ideas from concept to completion independently ⚡️ Experimental mindset — comfortable navigating ambiguity and evolving tools ⏱️ Fast iteration cycles — able to test, fail, refine, and improve quickly 🧠 Curious and self-driven — constantly exploring new AI capabilities and workflows 🧢 Open to feedback and continuous improvement 🍭 #NSFW — Comfortable working with uncensored models and explicit adult content Bonus Points Experience in AI-native storytelling or filmmaking Background in 3D, VFX, technical art or as a colourist Familiarity with training/customizing models (LoRAs, embeddings, fine-tuning) Prior experience in adult, dating, or adjacent creative industries a huge bonus Experience with ComfyUI Experience with Stable Diffusion / AUTOMATIC1111 and related tooling (Advanced prompting, working with trained LoRAs, refining, upscaling, inpainting etc.) Why EverAI? 📈 Exponential Growth : From 50M users in 2 years, to 100M next — and 500M beyond 🚀 Track Record of Category-Creating Innovation : We consistently launch world-first AI applications — setting the pace, not following it 🌍 Global Impact : Top-tier user growth, real-world adoption, and cultural relevance 🧠 Proven Leadership : A senior team that’s launched, scaled, and exited & IPO’d multiple scale ups — now fully focused on reshaping AI companionship 👥 Elite Remote Team : 100% remote and built to win — world-class talent from Tier 1 tech companies , with a culture of ownership, velocity, and radical creativity 🛡️ Ethical Core : Our AI ecosystem is governed by EverGuard, our proprietary AI moderation technology , ensuring responsible development at scale What We Offer ✍️ Contract Type: We prefer B2B, but we’re flexible, what matters is long-term commitment and impact 📍 Work From Anywhere: Fully remote. Choose the environment where you do your best work 🏝️ Paid Time Off: 4 weeks (20 working days) of PTO per year to recharge and reset 👨‍👩‍👧‍👦 Annual Gathering: A yearly in-person meetup to connect, brainstorm, and celebrate wins together ❤️‍🩹 Health & Wellness Support: Monthly allowance of 100 USD for health insurance expenses + unlimited 1:1 sessions with psychologists and lifestyle experts through OpenUp (also available for up to three family members) 🏢 Co-Working Space Budget: Work from a co-working space up to twice per month (35 EUR / 40 USD per visit) to stay inspired and connected 📚 Learning Budget: Dedicated funds to support your professional growth: courses, books, conferences, events, or certifications 💻 Equipment: Company laptop provided + monitor budget up to 250 USD for your workspace setup ⚡ AI Tools Access: Premium access to ChatGPT, Cursor, Hugging Face, Claude Code, and any other tool needed to excel at your job, power your ideas and workflows 🎯 Top Tier Talent Is Our Multiplier We’re a fully remote group of A-players from Tier 1 tech , led by an exec team who’ve launched, scaled, and exited multiple companies . We move fast, and care deeply about what we build — and who we build it with. We’re looking for exceptional talent ready to ship & distribute world-first AI products at scale, fast, and co-create with us this category-defining business. If that’s you — reach out and apply!",https://remotive.com/remote-jobs/artificial-intelligence/mid-senior-ai-cinematic-video-editor-2090887,Remotive
Senior Independent AI Engineer / Architect,,,,,"Tue, 16 Jun 2026 10:16:11 GMT","Senior Independent AI Engineer / Architect Remote | Americas, Europe, or Israel Most AI engineers can find work. Finding work worth doing is harder. A.Team is an invite-only network of senior AI engineers, ML engineers, and AI architects building production AI systems for startups, enterprises, and global companies. Since 2020, builders in the network have earned more than $200M working with companies including Lyft, Google X, HCA, Unilever, Sightful, D-ID, and others. The Work You'll join small teams solving real problems. Not demos. Not proof-of-concepts that never ship. Not another thin wrapper around an API. Recent work has included: AI-native products built from 0→1 Agent architectures and orchestration systems Enterprise AI deployments Retrieval, evaluation, and reliability infrastructure LLM-powered workflows and products Machine learning platforms operating at scale You'll work directly with founders, CTOs, and product leaders, helping shape both technical direction and execution. Why Builders Join The best opportunities rarely make it to the open market. A.Team exists to solve that. No bidding. No prospecting. No race to the bottom. Just ambitious companies, difficult problems, and experienced peers. Who Thrives Here People who have already shipped. Engineers who have deployed AI systems into production, understand the tradeoffs behind the hype, and know how to turn technical complexity into business value. What matters is a track record of building and shipping. The Details Typical rates: $120-$170/hr Remote You keep 100% of your rate Not a Fit Early-career engineers People without production AI experience Small gig seekers Developers focused primarily on simple AI wrappers or templated implementations Apply Tell us what you've built. 👉 build.a.team/apply-ai . We'll take it from there.",https://remotive.com/remote-jobs/software-development/senior-independent-ai-engineer-architect-1919266,Remotive
Senior Independent Software Developer,,,,,"Tue, 16 Jun 2026 10:16:04 GMT","You must be located in the Americas, Europe, or Israel to apply. A·Team is a VC-backed, stealth, application-only home on the internet for senior independent software builders to team up with hand-picked, high-growth companies on their next big thing. After talking with hundreds of independent engineers, designers, and product folks, we heard over and over that finding vetted, high-quality, consistent clients is hard, and projects are often too small to be rewarding. A·Team matches small teams of the most talented builders in the world with companies backed by a16z, YC, Softbank, General Catalyst, etc. on a contract basis for many of their most important initiatives. We quietly launched in May 2020, and have helped A·Teamers earn $85+ million since. As part of A·Team, you can expect: High-paying, meaningful missions with the most audacious companies sent your way; generally $90-$150+/hr, with vetted, fascinating clients doing work that matters. We're picky about who we partner with; new clients only come in via trusted referral. We've worked with Lyft, McGraw Hill, ClearCo, Pepsi, Walmart, the former CEO of Waze, the leading vaccine production software, several new unicorns we can't say here, and dozens of startups backed by a16z/YC/Softbank/Insight/Tiger/etc. Work alongside friends old & new: our niche is small/diverse product teams, since clients with larger budgets and higher-impact work tell us they want teams, not individuals. Of course, we keep friends together whenever we can. Full autonomy: say ""no"" to things that don't excite you. The most talented builders often juggle a few things at once, so there's never pressure to join an A·Team mission if you don't have the bandwidth. If we're no longer a fit, it's easy to leave or pause too. Small, curated, off-the-record gatherings: for conversations hard to have elsewhere. Long-term, we're creating micro-communities for the world's top builders to become friends around the things they care about. Keep 100% of what you earn: if you charge $120/hr, you get $120/hr. A·Team makes money by charging a small, flat, transparent platform fee on top of your rate. How to apply: Go here: https://build.a.team/remotivereferral + mention Remotive. We respect your time so the application is short. We're also much more interested in seeing what you've made, and excited to chat more if there’s a fit. What you’ll do: Once part of A.Team, you’ll regularly be invited to impactful missions that match your interests. Find the right pick from early-stage incubations with world-class founders, to fast-growing super-funded companies, to old school non-tech incumbents looking to build as a tech giant would Missions usually involve building an ambitious piece of software from 0 to 1 as part of a small 3-4 person team. You’ll be paid to scope it out, give the client options, guide strategy, and execute on the selected solution. Sometimes the client has a clear vision, sometimes not; which is why A.Team builders tend to be senior folks who can work together to find the right direction. Who A · Team is for: Senior software developers who left large companies and high-growth startups to pursue their craft with autonomy. Those who prefer consistent contract work over a full-time role, who want to create a variety of new products alongside other top-tier builders. The majority of A.Teamers spend most of their time doing independent work, but a sizeable percentage are either employed full-time (but testing out client work), bootstrapping a side project, or looking for their next big thing Who A · Team is not for: People looking for small gigs Folks looking to build simple wordpress/wix/squarespace-style websites Those still early in their careers ( Our long-term vision: A·Team is a new type of company for a new kind of independent software builder. We call them ""unhirables"": people who traditional companies couldn’t hire full-time even if they wanted to, but who want to do their most meaningful work with their favorite people in small, autonomous, distributed expert teams. To help us secure amazing missions, we raised $60 million+ from Insight Partenrs, Tiger Global, NFX, RocNation, along with the former CEO of Upwork, the founders of Fiverr and Lemonade, Apple's Global Head of Recruiting, YC Partner Aaron Harris, Wharton's Adam Grant, and Duke's Dan Ariely.",https://remotive.com/remote-jobs/software-development/senior-independent-software-developer-1919265,Remotive
Frontend Developer,,,,,"Tue, 16 Jun 2026 06:59:30 GMT","(All applications will be considered ONLY through Wellfound. Please do not contact any employee of the company as no such contact/connection will be considered as an application for the job.) This posting is for a Frontend Developer, you would work alongside our team. We are a fully remote team so it does not matter which country or time zone you are in, as long as you are available from 10 AM to 1 PM (EST). We are NOT looking for part-time work, contractors, software development companies or consultants, so please only apply if you're looking for a full-time position. Quinncia is a career readiness platform that improves college student outcomes by improving students' resumes and interview skills using our AI. Quinncia allows career service to scale their offerings allowing each student to get personalized feedback on their resume and interviewing skills. With over 60% unemployment or underemployment rate recently graduated students, our goal is to integrate career readiness into the academic curriculum and make sure every student has a job within 90 days of graduation. Projects you'll be working on: We're focused on enhancing our UI and UX, as well as streamlining operations and improving our technical foundation. As a core member of the Front-End team, you will influence how we build individual features, take ownership of end to end product quality that will help make our app/website reliable We want you to focus on high-quality code and know that quality is more than just unit tests and code coverage. You would look for opportunities to automate, always package up reusable code, be constantly learning, ready to pick up new technologies, patterns, and paradigms. COOL TECH Chatbots Computer vision Data visualization Machine learning Natural language processing Video processing/conferencing Being a Frontend engineer you will need strong logical skills but also understand design patterns and ability to predict edge cases for handling different issues. You will be working with our lead designer but a good understanding of UI and UX would be needed. Requirements Front-end developer position (required tech): Profound knowledge of Javascript TypeScript Next.js Practical and recent experience with React.js Experience communicating with RESTful services Experience with testing (e.g. Jest) Experience with bundling of Javascript code (e.g. Webpack) Have deep knowledge in CSS, preprocessors (e.g. Sass) GraphQL Bonus skills: Docker Ramda Whatever else you decide - we're constantly re-evaluating our stack and tools Having prior experience with the technologies is a plus, but not mandatory for skilled candidates. PS: Please add your Github account link to your application, as it will make the evaluation process easier and more robust.",https://remotive.com/remote-jobs/software-development/frontend-developer-2090991,Remotive
Tech Lead Full-Stack Rails Engineer,,,,,"Sun, 14 Jun 2026 20:45:50 GMT","About Mitre Media Mitre Media is redefining FinTech with AI-driven tools that empower millions of investors. Our portfolio, including Dividend.com and MutualFunds.com, leverages LLMs to deliver novel data insights and visually rich user experiences. For over a decade, we’ve served individual investors, financial advisors, and top asset managers like BlackRock and Vanguard through our premium data, tools, and advertising solutions. Join our lean, entrepreneurial team to shape the future of AI-powered investing from your location ±3 hours from Eastern Time. Our users are deeply engaged, spending over 5 minutes per visit with a bounce rate below 10%, researching investments across hundreds of different categories. With 40 million brokerage accounts in the U.S., we take pride in building tools that make a real impact, fostering a culture of trust, innovation, and dynamism. If you’re passionate about financial technology and AI, we’d love to connect! About the Role As a Full-Stack Rails Tech Lead, you’ll architect and implement LLM-powered web applications within our microservices-based Rails 8 platform. Reporting directly to our CTO, you’ll collaborate with a small, high-impact team to deliver user experiences across Dividend.com, MutualFunds.com and other brands within our portfolio. This role combines expert Ruby on Rails skills with AI integration expertise, requiring you to leverage LLMs in your development workflow, state management and user interactions. You’ll work in a remote-first hybrid environment, which encourages in person collaboration, using ShapeUp to manage projects that trade-off on-time delivery for de-scoped outcomes. As a technical leader, you'll have a seat at the table shaping system architecture, implementing core features all while embracing an entrepreneurial mindset and a “get things done” mentality. Responsibilities Architect and maintain Rails applications (Rails 8) Integrate LLMs into our microservices architecture for state management and real-time user experiences. Enhance front-end experiences with Hotwire, StimulusJS, or React, ensuring seamless AI-driven interactions. Optimize LLM inference for low latency and cost, using caching and asynchronous processing. Required Technical Skills Back-End Ruby (5+ years, expert-level) Ruby on Rails (Rails 6-8 preferred) PostgreSQL (or MySQL) Elasticsearch Redis Docker Front-End StimulusJS or JavaScript ES6 Tailwind CSS HTML HTTP AI Integration Experience integrating AI/ML models (e.g., LLMs, NLP) with web applications Familiarity with LLM frameworks (e.g., LangChain, Hugging Face) or APIs (e.g., xAI, Anthropic) Nice-to-Have Technical Skills Kubernetes for microservices orchestration React for advanced front-end components Graph databases for complex financial data Contributions to open-source RoR or AI projects Required Soft Skills Entrepreneurial mindset with a passion for AI and FinTech Natural leader who mentors and inspires teammates Problem-solver with a “get things done” mentality Excellent communication, thriving in remote and cross-team collaboration Attention to detail, ensuring clean, maintainable code Team player comfortable as an individual contributor Why Join Us? Impactful Work : Build AI-powered tools that help millions of investors make informed decisions from data-driven insights. Cutting-Edge Tech : Work with Rails 8, LLMs, and modern tools like Hotwire, Databricks, and xAI’s API in a microservices architecture. Autonomy and Influence : Collaborate directly with our CEO and CTO to shape our AI-driven platform, with freedom to innovate. Competitive Compensation : $160,000–$200,000 CAD/USD (based on experience) and benefits. Remote Flexibility : Remote-first (±3 hours from ET) with hybrid in office collaboration in Toronto or NYC Growth Opportunities : Budget for AI and Rails conferences (e.g., NeurIPS, RailsConf), plus access to cutting-edge AI tools for experimentation. Dynamic Culture : Join a small, no-ego team passionate about trust, innovation, and making a difference in FinTech. About Mitre Media’s AI-Driven Platform Mitre Media powers premium financial brands like Dividend.com and MutualFunds.com with the Mitre Platform. This platform integrates traditional content management, financial data, first-party data, ad revenue, and subscription tools, all enhanced by LLMs for rich, user-focused experiences. Our data-derived insights delight users, while our advertising solutions deliver unmatched performance for partners like BlackRock and Vanguard, leveraging advanced targeting and first-party data. How to Apply Submit your resume, GitHub profile, and a brief note on why you’re excited about building AI-driven FinTech to jobs@mitremedia.com.",https://remotive.com/remote-jobs/software-development/tech-lead-full-stack-rails-engineer-2069746,Remotive
Assistant Account Payable,,,,,"Fri, 12 Jun 2026 11:34:10 GMT","This role may require you to be on site at times - please check with the employer first. The Accounts Payable Assistant performs accounting and c lerical tasks that are related to accounts payable transactions including receiving and logging invoices, maintaining and updating an accounts payable ledger, generating financial statements and reports, and other financial matters as assigned by the Director of Finance & Operations. The ideal candidate will possess a basic understanding of accounting fundamentals as well as excellent office support skills. Key Responsibilities of the Accounts Payable Assistant: Administrative Duties • Office Support - filing, data retention, mail, and other duties. • Conduct company business according to policies. • Maintain the company’s accounting files as needed Accounts Payable Duties • Process Invoices (Stamping coding and approval stamps, entering coded invoices into accounting software). • Print, mail, and file checks for multiple properties. • Resolutions with vendors – past due balances, misapplied payments, etc. What the Successful Accounts Payable Assistant will have: • High School Diploma or equivalent • Basic understanding of accounting fundamentals or 1 year of accounting experience • Excellent computer skills especially Microsoft Excel, Word, and Outlook • Data entry and/or 10 key experience • Experience with Yardi or other accounting software • High degree of accuracy, attention to detail, and ability to follow through • Professional written and oral communication skills • Prompt and consistent attendance during scheduled work hours • Ability to maintain confidential information",https://remotive.com/remote-jobs/medical/assistant-account-payable-2090989,Remotive
Head of Engineering,,,,,"Fri, 12 Jun 2026 09:35:12 GMT","About Lemon.io Lemon.io is a profitable, growing talent marketplace that connects vetted senior engineers with companies that need them. We’ve been in business for 10 years, have 60 people across Ukraine, Europe, Canada, and the US, and process over $16M in annual GMV. We compress the traditional 2–5 week hiring timeline down to 24–48 hours through a curated, pre-vetted supply of developers. Hiring is still broken. Recruiters spend weeks building candidate pipelines on traditional platforms, burning energy on unqualified leads. We’re building the product that changes that. Giving recruiters qualified, vetted candidates within 24 hours without the grind. This is a pivotal moment: we’re transitioning from a services-driven marketplace to a technology-driven platform. We need an engineering leader who can drive that transformation. The Role You will own engineering at Lemon.io. You’ll lead a growing team of engineers, make critical architecture and prioritization decisions, and be directly accountable for the speed and quality of what we ship. This is not a management-layer role. You’ll be hands-on, deeply involved in product decisions, and working side by side with the founder. What You’ll Do: Own the technical roadmap and make sure every engineering effort maps directly to business impact. No features for features’ sake. Lead and grow an engineering team that ships fast, iterates constantly, and treats complexity as a cost. Tackle the hard, multi-layered problem: automated vetting, intelligent matching at scale, demand-side bottlenecks. And figure out where the real leverage is. Make hard prioritization calls. Decide what we build, what we skip, and what we kill. Work directly with the founder and product team to define what success looks like before writing a single line of code. Build the engineering culture: high ownership, high speed, low bureaucracy. Who You Are: Product-minded, business-first Obsessed with simplicity First principles thinker Fast. Bias toward action Experience: You’ve led engineering teams (5–30+ people) at a startup or high-growth company. You have hands-on experience with modern stacks and are comfortable with AI/ML tooling. You’ve worked in a distributed, async-first team. Why Lemon.io: Profitable and growing. No fundraising pressure, real business fundamentals. A pivotal moment: you’re not maintaining an engine, you’re building one. The product roadmap is wide open. Direct access to the founder. No layers. Your decisions ship. A massive, unsolved problem: hiring is still broken. We’re building the product that makes it radically faster for companies to find qualified engineers. A team of 60 people who move fast, care deeply, and have survived the hard years together.",https://remotive.com/remote-jobs/software-development/head-of-engineering-2090983,Remotive
Office Assistant,,,,,"Thu, 11 Jun 2026 20:31:09 GMT","WHY YOU SHOULD APPLY: Coalition Technologies is devoted to delivering clients the highest quality work while providing our team a fun, thriving, and innovative environment. Along with the opportunity for tremendous career growth and rapid advancement, CT offers: The most competitive profit-sharing bonus plan in the industry, paying up to 50% of company profits to full-time employees each month! A highly competitive Paid Time Off plan, promoting quality work-life balance. Subsidized gym memberships to help team members feel their best. Medical, dental, vision, and life insurance packages for all US-based team members. International Health Insurance Reimbursement Program for all international team members, a benefit unique to Coalition. Device upgrade and learning reimbursement programs. Motivating career development plans with clearly defined goals and rewards. Additional job-specific incentives and bonuses. Plus, 100% of our team works remotely with the support of time tracking software. Our company culture specializes in supporting remote team members, and we’ve been doing so for more than a decade. CT welcomes your application, wherever in the world it's coming from! YOU SHOULD HAVE: Willingness to learn, grow, and collaborate with the team and company as a whole. Excellent verbal and written communication skills. A high level of discretion, ethics, and trustworthiness. Intermediate spreadsheet skills (preferred) Innovative thinking and a willingness to challenge existing methods where improvement is possible. Experience in bookkeeping / financial record keeping (preferred). Experience with Google Sheets or Excel, Quickbooks Online, and G-Suite (preferred). The availability to work 40 hours per week from 9:00 am to 6:00 pm PST. A reliable space to work remotely with a fast computer, quality internet, camera, microphone, and speakers. YOUR DUTIES AND TASKS: Answering phones and emails. Completing entry-level bookkeeping, including recording expenses, organizing receipts, and completing other transaction records. Resolving billing issues with clients and internal team members. Providing account access, usage reports, data analysis, and other ad hoc requests for team members. Supporting quality assurance checks of various internal and client facing reporting. Organizing new client contracts, create invoices, and process client payments. Contributing to internal database maintenance, upkeep and data entry. Researching, ordering, & distributing company-wide gifts (2-3 times per year). Organizing company events, competitions, and special projects throughout the year. Facilitating company holiday, time off, and schedule variation calendars. We are looking for talented and diligent candidates who excel in our skills tests, and will consider these candidates even if past experience or educational background criteria aren't met. *California, New York, Washington, and Colorado: starting base pay for this position ranges between $15 - $25 per hour. Compensation may vary based on factors such as experience, qualifications, skills test performance, geographic location, and seniority of the position offered. Outside of California, New York, Washington, and Colorado compensation may fall outside the above ranges.",https://remotive.com/remote-jobs/marketing/office-assistant-1680495,Remotive
Quality Assurance Rater - German (Germany),,,,,"Thu, 11 Jun 2026 14:07:01 GMT","Join our elite team of Senior Raters as a critical contributor to high-quality validation data that directly influences product development and quality assurance for leading search engines and AI technologies. This flexible, remote opportunity allows you to apply your analytical and research skills to evaluate search results and AI-generated content while contributing to the development of high-quality AI systems. A Day in the Life of a Quality Assurance Rater In this role, you'll conduct analytical assessments of search results and AI responses, providing ratings and feedback that help improve AI model performance and search quality. Your work will maintain high quality standards and deliver the accuracy our clients depend on. You'll evaluate a variety of rating tasks, analyze content with attention to detail, conduct research to support rating decisions, and identify guideline gaps or task inconsistencies. You'll also participate in training and calibration sessions while contributing feedback to improve rating processes and guidelines. Key Responsibilities Evaluate search results and AI-generated content for quality, relevance, accuracy, and usefulness. Conduct online research to verify information and support rating decisions. Apply rating guidelines consistently while maintaining quality standards. Document edge cases, guideline gaps, and task-related issues. Provide clear written feedback and rationale for ratings when required. Participate in training, calibration sessions, and ongoing quality reviews. Meet productivity expectations while maintaining high-quality work. The hourly earnings for this role are 20.60 EUR per hour, payment is based on completed tasks. Qualification path Candidates will complete project-specific training and qualification assessments before joining the program. Ongoing work will be subject to regular quality assurance reviews and performance monitoring. Basic Requirements Working as a freelancer with excellent communication skills in German & English. Resident in Germany for the last 5 consecutive years. Familiarity with current and historical business, media, sports, news, social media, and cultural affairs. Strong analytical thinking, attention to detail, and research skills. Experience using web browsers, search engines, and online research tools. Daily access to a reliable broadband internet connection, smartphone, and personal computer. Demonstrated research capability through professional background OR strong track record of self-directed research and information verification Ability to work independently and follow detailed guidelines consistently. High level of creativity and logical skills with the ability to achieve consistent targets Preferred Qualifications Experience in quality assurance, content moderation, data annotation, research, journalism, editing, or information verification. Familiarity with AI technologies, search engines, and digital content ecosystems. Subject matter expertise in areas such as Popular Culture, Social Sciences, STEM, Medicine, Law, Finance, or Engineering. Additional language skills may be beneficial depending on project requirements. Equal Opportunity All qualified applicants will receive consideration for a contractual relationship without regard to race, color, religion, sex, sexual orientation, gender identity, national origin, disability, or protected veteran status. At TELUS Digital AI, we are proud to offer equal opportunities and are committed to creating a diverse and inclusive community. All aspects of selection are based on applicants’ qualifications, merits, competence, and performance without regard to any characteristic related to diversity.",https://remotive.com/remote-jobs/all-others/quality-assurance-rater-german-germany-2090988,Remotive
Senior Data Scientist,,,,,"Thu, 11 Jun 2026 13:24:37 GMT","Are you a talented Senior Data Scientist looking for a remote job that lets you show your skills and get decent compensation? Look no further than Lemon.io — the marketplace that connects you with hand-picked startups in the US and Europe. What we offer: The rate depends on your skills and experience. We've already paid out over $11M to our engineers. No more hunting for clients or negotiating rates — let us handle the business side of things so you can focus on what you do best. Choose a schedule that works best for you. It’s possible to communicate async or minimally overlap within team working hours. We respect your seniority so you can expect no micromanagement or screen trackers. Communicate directly with the clients. Most of them have technical backgrounds. Sounds good, yeah? Most of our projects involve working in a fast-paced startup environment. We hope you like it as much as we do. Requirements: 4+ years of commercial experience as a Data Scientist 3+ years of experience with NumPy/Pandas 3+ years of experience with Python Experience with AWS, GCP, or Azure is required Strong technical skills: as a Senior Data Scientist, you are expected to be able to create projects from scratch and have a deep understanding of application architecture. Clear and effective communication in English — advanced ability to discuss business tasks, justify decisions, and communicate issues. Good self-presentation is also essential for upcoming client calls. Strong self-organizational skills — ability to work full-time remotely with no supervision. Reliability — we want to trust you and expect that you won’t let us and the client down. Adaptability and Flexibility — the ability to onboard the project promptly after accepting it and start delivering results quickly. NOT YOUR TECH STACK? We have multiple projects available for Senior Developers. If you have 4+ years of commercial software development experience and are proficient in any of the following areas: AI Engineering, PHP & Angular, React & Java, Data Science, Blockchain (Web3/Solidity/Solana), React & Python, React & Node, React & Golang, Data Analysis, React & PHP, Symfony, PHP & Vue, Vue & Node.js, DevOps, Android & iOS, Angular & Node.js, Python & Vue, MLOps, Rust, Golang, Shopify & JavaScript, Unreal Engine & C++, Python & LLM, Unity, Vue & Nuxt, Java & Spring, ML Engineering, or Python & Flask — we’d be happy to connect and match you with a suitable project. We do not provide visa assistance, and our cooperation model does not include the benefits typically offered with direct hire. We work with developers from 75+ countries across Europe, Latin America, North America (the U.S. and Canada), selected countries in Asia (Japan, Singapore, South Korea, the Philippines, Indonesia, Malaysia, Vietnam, Thailand, and Israel), Oceania (Australia, New Zealand, and Papua New Guinea), and Africa (including Morocco and South Africa).",https://remotive.com/remote-jobs/data/senior-data-scientist-2090982,Remotive
iOS Developer,,,,,"Tue, 09 Jun 2026 21:15:39 GMT","WHO ARE WE? At nooro, we're revolutionizing pain management for seniors. Our platform is transforming how older adults engage with pain management at home. We're on a mission to make wellness more accessible and effective through technology. Check our website here: https://nooro-us.com/ We're a fast-moving startup that works on quick iteration and bold decisions. Our team is lean, agile, and empowered to make meaningful impacts daily. If you enjoy a dynamic environment where ideas become a reality at lightning speed and you're not afraid to wear multiple hats, you'll fit right in. WHAT WILL YOU DO? - Own and drive the development of our iOS application - Build elegant, performant features using **Swift (We’re 100% Swift!)** and **SwiftUI** - Implement complex UI/UX designs from **Figma** with pixel-perfect accuracy - Ensure app performance, quality, and responsiveness - Collaborate with our backend team on API integration - Write clean, modular, and reusable code - Participate in code reviews and architectural decisions - Help shape our mobile development practices HOW TO APPLY? If you believe we're the right fit, please fill in this form: https://forms.gle/xeL6pPbdjMHo11A28 WHAT ARE THE REQUIREMENTS? - 5+ years of professional iOS development experience - Strong expertise in Swift and SwiftUI - Deep understanding of iOS platform capabilities and limitations - Experience with iOS app architecture (MVVM preferred) - Experience with Core Data and local storage solutions - Proficiency in making RESTful API calls and handling responses - Experience with dependency injection on iOS - Strong version control skills with Git/GitHub - Experience with App Store deployment and TestFlight - Knowledge of iOS security best practices APPLYING PROCESS STEP 1 | QUESTIONNAIRE: If you believe we're the right fit, please fill in this form: https://forms.gle/xeL6pPbdjMHo11A28 STEP 2 | TEST: Once we review your form submission, we will send you a test STEP 3 | TECHNICAL INTERVIEW: Once we review your test submission, you will have a call with our development leader STEP 4 | BEHAVIORAL INTERVIEW: After the technical interview, you will have a call with our CEO to talk about the way our company and team members operate in general WHAT DO WE OFFER? - 100% remote work environment - Competitive compensation - Opportunity to make a meaningful impact in healthcare technology - Collaborative, innovative team culture",https://remotive.com/remote-jobs/software-development/ios-developer-1956455,Remotive
High-Ticket Financial Sales Specialist & Team Lead Track,,,,,"Tue, 09 Jun 2026 08:50:02 GMT","Position: Account Executive / B2B Sales Specialist Compensation: 100% Commission (Uncapped Earning Potential) Location: Remote (Global) About Funding Solutions Experts (FSE) At FSE, we deliver elite capital solutions to high-growth businesses. We operate in a fast-paced, high-stakes environment where excellence is the standard, not the exception. We do not offer a ""comfortable"" corporate safety net; instead, we provide a launchpad for the top 1% of sales professionals who want absolute control over their financial destiny through a pure meritocracy. If you are a self-motivated Closer who thrives in a high-volume, performance-driven environment, this is your opportunity to build an empire. The Mission: Execute. Close. Lead. High-Volume B2B Engagement: Conduct focused outbound campaigns (Monday – Friday) targeting business owners and C-suite executives. Pipeline Management: Manage high-ticket financial sales cycles from initial contact to close, maintaining an authoritative and consultative approach. Accelerated Leadership Path: We are scouting future Team Leaders. Once you consistently hit your benchmarks, you will be given the autonomy to recruit, train, and scale your own regional ""Pod."" You will earn direct overrides on every transaction your team closes. Candidate Profile: The Top 1% Commanding Communication: Your professional business English is flawless, authoritative, and persuasive. You don't just pitch; you influence key decision-makers. Relentless Execution: You possess an elite work ethic, show up with high energy every single day, and view ""No"" as a brief detour on the path to a contract. Performance Mindset: You excel in high-volume outbound dialing environments. You view critical feedback as revenue-generating data and adapt instantly. Track Record: Proven experience in high-ticket closing, B2B sales, or financial services is highly preferred. What FSE Offers Uncapped Commission Structure: There is no ceiling on your income. Your revenue generation directly dictates your lifestyle. Rapid Career Progression: We promote strictly on results, not seniority. Transition into a leadership role with team overrides within months of proven success. Global Remote Flexibility: Work from anywhere in the world, provided you have a high-speed internet connection, a quiet workspace, and an elite daily output. High-Performance Culture: A zero-drama environment focused exclusively on execution, scale, and financial growth. Are You Ready to Dominate the Market? If you have the resilience, the drive, and the skill set to close high-ticket financial deals, we want to hear from you. Apply today to join an elite team of financial sales professionals.",https://remotive.com/remote-jobs/sales/high-ticket-financial-sales-specialist-team-lead-track-2090949,Remotive
Inside Sales Contractor,,,,,"Mon, 08 Jun 2026 22:01:12 GMT","About Us We are a financial services start up focusing on helping to improve consumer credit profiles. We are currently seeking KPI driven sales representatives looking to earn up to 45K in their first year while working remotely. We offer comprehensive training and continuous sales coaching to help you meet your financial goals. During our training period we offer a guaranteed training stipend while our trainees are acclimating to the position (*see weekly pay below). If you are a seasoned sales professional looking for the autonomy of a remote position combined with great compensation, we want to hear from you! Compensation Structure This role is 100% commission-based , which means your earning potential is unlimited. In addition, we regularly offer competitive performance-based bonuses to reward hard work and results. Training Period (Weeks 1–4) We invest in your success and want to make sure you’re supported as you get up to speed: Week 1: Commission-only (a chance to start earning right away while learning the ropes). Weeks 2–4: Guaranteed training stipend of $1,000 total – or your commission if it’s higher. You’ll always receive whichever amount benefits you most. Week 2: $250 guaranteed minimum Week 3: $325 guaranteed minimum Week 4: $425 guaranteed minimum By the end of training, you’ll have the skills to maximize commissions, with the safety net of a guaranteed base during your ramp-up period. Post Training Period: Average first year OTE: 25K-35K (US) Annually Top Rep first year OTE: 35K-45K (US) Annually *The above is the average pay you can expect, however, there is unlimited earning potential for those who are financially motivated top performers looking to exceed sales targets. What will you be doing? Educating inbound callers on their credit standing by providing consultations with the goal of enrolling them in one of our services should they be a good fit. We are looking for team members who are: Tech savvy with the ability to navigate digital tools such as SLACK, CRM software, google sheets, etc. Our team uses these digital tools daily. Growth oriented and always looking to learn and acquire new skills. Autonomous self starters who can work independently and efficiently. Team players with the ability to implement feedback from their sales coaches. Patient and professional with clients. Finances can be a difficult topic for some clients to discuss. We are looking for individuals who showcase empathy and professionalism especially under pressure! Financially motivated individuals who can meet and exceed sales targets. Outgoing with outstanding rapport building and active listening skills. Can you carry a conversation with anyone? This may be for you! You will need: Home office or a quiet place to work. Strong internet connection. Desktop or laptop (*Please Note: Devices such as Chromebooks, IPADs and laptops with 8G’s of RAM and under will have issues supporting our system) Scheduling Training: The schedule for the first four weeks of our training period is 10 AM - 6 PM EST. *The first week of training is mandatory for all new trainees. If a day is missed you may be asked to restart the first week of training. Post Training: We are currently seeking representatives to work on the following schedule: Monday - Friday Shift hours to be discussed with our hiring manager based on our company's needs at the time of hire. Shifts are as follows: 8:00 AM - 4:00 PM EST 8:30 AM - 4:30 PM EST 9:00 AM - 5:00 AM EST 9:30 AM - 5:30 PM EST 10:00 AM - 6:00 PM EST 10:30 AM - 6:30 PM EST 11:00 AM - 7:00 PM EST 11:30 AM - 7:30 PM EST 12:30 PM - 8:30 PM EST 1:30 PM - 9:30 PM EST 2:30 PM - 10:30 PM EST 3:00 PM - 11:00 PM EST Job Type: Contract Shift: 8 hour shift Day shift Evening shift Morning shift Night shift Supplemental Pay: Bonus opportunities Commission pay Experience: Sales: 1 year (Required) Work Location: Remote",https://remotive.com/remote-jobs/sales/inside-sales-contractor-2086540,Remotive
Online Data Analyst Canada (French Language),,,,,"Thu, 04 Jun 2026 21:05:36 GMT","Are you a detail-oriented individual with a passion for research and a good understanding of national and local geography? This freelance opportunity allows you to work at your own pace and from the comfort of your own home. A Day in the Life of an Online Data Analyst: In this role, you will be working on a project aimed at enhancing the content and quality of digital maps that are used by millions of people worldwide Completing research and evaluation tasks in a web-based environment such as verifying and comparing data, and determining the relevance and accuracy of information. Join us today and be part of a dynamic and innovative team that is making a difference in the world! Qualification path No previous professional experience is required to apply to this role, however, working on this project will require you to pass the basic requirements and go through a standard assessment process. This is a part-time long-term project and your work will be subject to our standard quality assurance checks during the term of this agreement. Basic Requirements Full Professional Proficiency in French language Being a resident in Canada for the last 5 consecutive years and having familiarity with current and historical business, media, sport, news, social media, and cultural affairs in Canada Ability to follow guidelines and conduct online research using search engines, online maps, and website information Flexibility to work across a diverse set of task types, including maps, news, audio tasks, and relevance Daily access to a broadband internet connection, computer, and relevant software Assessment In order to be hired into the program, you’ll take an open book qualification exam that will determine your suitability for the position and complete ID verification. Our team will provide you with guidelines and learning materials before your qualification exam. You will be required to complete the exam in a specific timeframe but at your convenience.",https://remotive.com/remote-jobs/all-others/online-data-analyst-canada-french-language-2090945,Remotive
Online Data Analyst United States Spanish speakers,,,,,"Thu, 04 Jun 2026 21:05:07 GMT","Are you a detail-oriented individual with a passion for research and a good understanding of national and local geography? This freelance opportunity allows you to work at your own pace and from the comfort of your own home. A Day in the Life of an Online Data Analyst: In this role, you will be working on a project aimed at enhancing the content and quality of digital maps that are used by millions of people worldwide Completing research and evaluation tasks in a web-based environment such as verifying and comparing data, and determining the relevance and accuracy of information. Join us today and be part of a dynamic and innovative team that is making a difference in the world! Qualification path No previous professional experience is required to apply to this role, however, working on this project will require you to pass the basic requirements and go through a standard assessment process. This is a part-time long-term project and your work will be subject to our standard quality assurance checks during the term of this agreement. Basic Requirements Full Professional Proficiency in Spanish language Being a resident in United States for the last 5 consecutive years and having familiarity with current and historical business, media, sport, news, social media, and cultural affairs in United States Ability to follow guidelines and conduct online research using search engines, online maps, and website information Flexibility to work across a diverse set of task types, including maps, news, audio tasks, and relevance Daily access to a broadband internet connection, computer, and relevant software Assessment In order to be hired into the program, you’ll take an open book qualification exam that will determine your suitability for the position and complete ID verification. Our team will provide you with guidelines and learning materials before your qualification exam. You will be required to complete the exam in a specific timeframe but at your convenience.",https://remotive.com/remote-jobs/all-others/online-data-analyst-united-states-spanish-speakers-2090946,Remotive
Online Data Analyst Canada,,,,,"Thu, 04 Jun 2026 20:58:10 GMT","Job description Are you a detail-oriented individual with a passion for research and a good understanding of national and local geography? This freelance opportunity allows you to work at your own pace and from the comfort of your own home. A Day in the Life of an Online Data Analyst: In this role, you will be working on a project aimed at enhancing the content and quality of digital maps that are used by millions of people worldwide Completing research and evaluation tasks in a web-based environment such as verifying and comparing data, and determining the relevance and accuracy of information. Join us today and be part of a dynamic and innovative team that is making a difference in the world! Qualification path No previous professional experience is required to apply to this role, however, working on this project will require you to pass the basic requirements and go through a standard assessment process. This is a part-time long-term project and your work will be subject to our standard quality assurance checks during the term of this agreement. Basic Requirements Full Professional Proficiency in English language Being a resident in Canada for the last 5 consecutive years and having familiarity with current and historical business, media, sport, news, social media, and cultural affairs in Canada. Ability to follow guidelines and conduct online research using search engines, online maps, and website information Flexibility to work across a diverse set of task types, including maps, news, audio tasks, and relevance Daily access to a broadband internet connection, computer, and relevant software Assessment In order to be hired into the program, you’ll take an open book qualification exam that will determine your suitability for the position and complete ID verification. Our team will provide you with guidelines and learning materials before your qualification exam. You will be required to complete the exam in a specific timeframe but at your convenience.",https://remotive.com/remote-jobs/all-others/online-data-analyst-canada-2090944,Remotive
Freelance Writer,,,,,"Thu, 04 Jun 2026 17:00:49 GMT","Our organization is seeking content writers to create articles and blog posts on a variety of topics. The rate of pay is $20 per 100 words (this comes out to approximately $100 per article or $50 per hour). Some topics you may be asked to write about include the following (you can always turn down a topic if you do not feel comfortable writing about it, however if you have experience or expertise in a specific area, please let us know): Health & beauty Fitness Home Decor Fashion Sports Do it yourself Finance Legal Medical Family/Parenting Relationships Real Estate Restaurants Contracting (plumbing, pool building, remodeling, etc.) These are just some of the more general industries and topics that we cover. Requirements : We ask that all work be completed using a word processor such as Microsoft Word or Open Office A reliable internet connection and the ability to meet deadlines Good communication skills and respond in a timely manner to editorial staff when they ask for updates on tasks, etc Work well as a team member with the rest of our content management and editorial staff Note : Applicants to this job signaled that accessing some writing tasks may require payment.",https://remotive.com/remote-jobs/writing/freelance-writer-1185979,Remotive
Head of Sales,,,,,"Wed, 03 Jun 2026 20:53:10 GMT","Who We Are At The Land Geek, we’re all about helping people ditch the rat race and build real freedom through land investing. We’re passionate about teaching others how to create passive income using a simple, repeatable system that’s been tested and proven by thousands of land investors. No tenants, no toilets, no termites—just raw, undeveloped land and a whole lot of opportunity. Whether someone’s looking for a side hustle or a complete lifestyle overhaul, we’re here to show them what’s possible and cheer them on every step of the way. Our Values: F — Focus & Flow Focus on what moves the needle. Remove noise. Build momentum instead of reacting to distractions. Work should feel intentional, structured, and directed toward meaningful outcomes. R — Real Work & Relationships The work matters, and so do the people doing it. We interact with respect, reliability, and direct communication. Trust is built through consistent behavior, not personality. E — Excellence Always Excellence is disciplined craftsmanship. It isn’t perfectionism, but it is rigor. Your work must be complete, thoughtful, and confidence-building. E — Evolve Constantly Adopt the Kaizen mindset: continuous improvement through small, daily upgrades. We refine systems, raise standards, and learn faster than the challenges we face. Mission The Head of Sales is responsible for building a predictable, scalable, and high-integrity sales function that consistently converts qualified leads into successful customers. This role owns: Sales performance (close rate, show rate, booked revenue) Sales systems and process design Team coaching and accountability CRM integrity and pipeline visibility Cross-functional alignment with Marketing, Product, and Coaching This is a player-coach role: part strategist , part operator , part coach . Responsibilities Sales Performance & Pipeline Ownership Own and improve core sales KPIs: Booked Revenue Call numbers and show-up rate Call closes Total pipeline value Diagnose performance gaps across the funnel (lead quality, show rate, call quality, follow-up) Identify and resolve bottlenecks impacting conversion and revenue Establish forecasting discipline and pipeline visibility Sales Process & Systems Audit and redesign the full sales process: Lead intake → qualification → setter → closer → follow-up → close Improve segmentation between setters and closers to maximize efficiency and conversion Standardize sales workflows, scripts, and best practices Build repeatable systems for: Lead routing and prioritization Follow-up cadence and pipeline management Call review and performance feedback Own and optimize CRM (HubSpot): Ensure accurate pipeline tracking and reporting Improve adoption and usage across the team Clean and maintain data integrity Evaluate and implement sales enablement tools (call recording, analytics, etc.) Team Leadership & Coaching Lead, coach, and develop a team of sales contractors (setters and closers) Establish clear performance expectations and accountability systems Implement regular call reviews and feedback loops Improve consistency across reps (reduce performance variance) Support reps who are strong operators but lack formal sales training Make recommendations on hiring, role design, and performance management Call Quality & Conversion Improvement Define what “great” looks like on a sales call Improve: Discovery quality Objection handling Offer alignment and positioning Ensure ethical, high-integrity sales practices aligned with customer outcomes Personally close deals (~10% capacity) to stay close to the process and model excellence Marketing, Events & Product Alignment Partner with Marketing to improve: Lead quality Application quality and scoring Messaging alignment Create clear handoffs between Marketing → Sales → Coaching Collaborate on funnel optimization (top → middle → bottom) Support event strategy: Improve conversion from event attendees to customers Align upsell pathways and follow-up Translate frontline sales insights into recommendations for Product and Coaching Data, Reporting & Continuous Improvement Build and maintain clear dashboards and reporting for leadership visibility Identify trends and performance drivers using data Run structured experiments to improve: Show rates Close rates Upsell rates Maintain a culture of iteration and accountability within the sales team Competencies Sales Leadership Proven ability to improve close rates and team performance Experience managing setters/closers or multi-stage sales funnels Strong coaching instincts, especially with non-traditional sales backgrounds Systems Thinking & Operational Rigor Ability to diagnose complex funnel issues (not just blame reps) Experience building and refining sales processes in ambiguous environments Comfort owning CRM systems and data quality Coaching & Performance Development Skilled at giving direct, actionable feedback Able to raise the floor and ceiling of team performance Comfortable holding contractors accountable without traditional authority structures Cross-Functional Collaboration Experience working closely with Marketing and Product teams Ability to translate sales insights into actionable recommendations Strong communication and alignment skills Strategic Thinking Can balance short-term revenue needs with long-term scalability Identifies leverage points across the funnel (not just on the call) Key Metrics The Head of Sales is accountable for: Total Booked Revenue Flight School Sales Closes Coaching Sales Closes Strategy Sessions and Show Up Rates Success in Role (Suggested milestones; to be finalized with Mark during the first week) First 30 Days : Build full understanding of: Sales funnel and segmentation (setters vs closers) Current performance metrics and gaps Team strengths and weaknesses Begin CRM audit (HubSpot) and identify major issues Start call reviews and initial coaching feedback Identify top 2–3 leverage points impacting revenue First 90 Days Implement improvements to: Sales process and workflows CRM structure and reporting Coaching and accountability systems Improve consistency across reps Establish clear KPI tracking and reporting cadence Begin measurable improvements in show rate and/or close rate 6–12 Months Build a reliable, predictable sales engine Improve overall conversion rates and revenue per lead Establish strong alignment with Marketing and Product Reduce performance variance across the team Create a scalable, system-driven sales organization Success Profile What experiences and skills would a successful Head of Sales likely bring to this role? Experience in high-ticket sales (ideally info products, coaching, or education) Background in startup or fast-moving environments Experience leading remote sales teams Strong operator who can both build systems and execute within them Comfortable working with imperfect data and building clarity over time Compensation This is a 1099 contractor role offering a $9,000 monthly retainer and up to $120,000 in performance-based incentives (up to $228,000 total annual compensation).",https://remotive.com/remote-jobs/sales/head-of-sales-2090943,Remotive
Copywriter,,,,,"Tue, 02 Jun 2026 20:15:53 GMT","WHO WE'RE LOOKING FOR The ideal copywriter has excellent English writing skills and is excited to write high-quality, SEO-driven content that aligns with detailed, client-specific guidelines. Projects most commonly include writing web pages for eCommerce and lead generation business sites such as category pages, product descriptions, and blog posts. Our clientele is constantly evolving. We produce content for these and many other industry verticals: Fashion (both mass-market and luxury) Skincare & Beauty Tech & Software** Finance & Investing** Law (family law, product liability, divorce, etc.)** Education Home Improvement Automobiles & Motorcycles (OEM and aftermarket accessories) Health and Wellness** Medical / Clinical** Digital Marketing SEO / PR / Advertising / Marketing** **Writers with a background in these highly specialized fields are strongly encouraged to apply. The ideal candidate for this position is a multifaceted technical and creative writer with at least two to four years of professional, non-academic experience. Candidates should understand how to write content that effortlessly blends SEO best practices and brand priorities for finished work that’s engaging, creative, and ROI-driven. Candidates should also be willing and able to complete careful research in order to gain a strong understanding of various industries. Candidates should be prepared to provide portfolios featuring published work. Once an offer has been extended, writers will be asked to take a brief training course. Compensation Writers are paid on a per-word basis. The rate is assessed according to our KPI rubric (key performance indicators) with an automatic raise after 400 and 800 pages have gone live on our client's websites. Initial compensation is up to $0.06 per word with $0.034 per word being the most typical compensation level. This is $30 or $17 per page of 500 words. After 400 pages live, the top marginal rate increases to $0.064 per word with the most typical rate of $0.038 per word, or $32 and $19 per page. After 800 pages live, the top marginal rate increases to $0.07 per word with $0.044 per word being the most typical, or $35 and $22 per page.",https://remotive.com/remote-jobs/writing/copywriter-1749306,Remotive
Customer Operations & Writing Specialist,,,,,"Tue, 02 Jun 2026 07:40:32 GMT","Here at Clerky, we build software to make legal paperwork easier for startups and their attorneys. We're profitable and growing sustainably. We're the most popular way for high-growth technology startups to form, and are also used by many top-tier startups for hiring and fundraising. As a Customer Operations & Writing Specialist at Clerky, you will be the voice of the company to thousands of startup founders, investors, and attorneys. These customers use Clerky to get critical legal paperwork done, often on a tight timeline. Our success is based on word-of-mouth, so we have a strong culture of providing world-class service (ask us about our satisfaction ratings!). We are rabidly customer-centric. What Makes Customer Operations Different at Clerky It’s a lot harder here. Helping our customers can be unusually challenging due to the nuanced and specialized nature of their questions. Doing the job well can require a lot of iterative feedback, so we're looking for someone who thinks critically about their writing and is always looking for ways to improve. Along the way, you'll also pick up a lot of knowledge about startups and startup law. The challenges never stop. The level of learning and craftsmanship that goes into writing responses to our customers requires intense focus. If you’re looking for the kind of position where you can easily master all the information at the beginning and work in a way that does not require intense focus, this position will probably not be a good fit for you. On the other hand, if you love learning and constantly challenging yourself, this position could be a good fit for you. There are often no right answers. We’re often not able to provide definitive answers to the questions we receive. In many cases, the best we can do is to equip our customers with the information they need to be able to figure out the right answer on their own, or to understand that it isn’t possible to figure out what the right answer is. If you prefer an environment more oriented around providing definitive answers, this position may not be a good fit for you. Minimum Requirements Genuine love for helping people High emotional intelligence Logical / analytical thinker Exceptional written English communication skills, including the ability to write precisely and succinctly Extremely detail-oriented Comfort with working remotely and independently Technologically savvy - you should be confident in your ability to use new software without training Appreciation for giving and receiving feedback often (often several times a day) Natural internal motivation to constantly strive for excellence in everything you do How We Work Clerky has been remote-first for many years, long before COVID. We’re very familiar with working remotely, and enjoy it. Our team is small, so everyone's contributions matter. We work efficiently, autonomously, and with great respect for each other. We work openly and collaboratively. We’re here to support you in being successful in this role. You'll work closely with other team members to ensure our customers are getting the best possible support and experience. Everyone on our team works hard, and we trust team members to know what will help them be most productive. Schedules are flexible as long as there is adequate team coverage. We want to help you grow, so we have a budget for books, courses, tools, or whatever other educational resources you need to be successful. We offer top-of-market compensation and benefits and the opportunity to learn a lot while helping our customers through an exciting time in their lives. Responsibilities Writing thoughtful and empathetic replies to customer emails using our help desk software, Help Scout Writing and maintaining help center articles, and identifying topics for new articles based on customer inquiries Working with our engineering team to debug software issues our customers encounter Using our software to develop and manage new ways for our customers to complete legal paperwork Assisting product team by testing new features and bug fixes, and conveying customer feedback Spotting trends in customer issues that other team members should be alerted to This is a 100% remote position. You'll be able to work from home (or from anywhere else). We offer top-of-market compensation and benefits, reasonable hours, and reasonable customers. No legal experience or background is necessary or preferred. We may use artificial intelligence (AI) tools to support parts of the hiring process, such as reviewing applications, analyzing resumes, or assessing responses. These tools assist our recruitment team but do not replace human judgment. Final hiring decisions are ultimately made by humans. If you would like more information about how your data is processed, please contact us.",https://remotive.com/remote-jobs/customer-service/customer-operations-writing-specialist-2090942,Remotive
